OBJECTID;UIDENTSTLAE;ULAND;UREGBEZ;UKREIS;UGEMEINDE;UJAHR;UMONAT;USTUNDE;UWOCHENTAG;UKATEGORIE;UART;UTYP1;ULICHTVERH;IstRad;IstPKW;IstFuss;IstKrad;IstGkfz;IstSonstige;LINREFX;LINREFY;XGCSWGS84;YGCSWGS84;STRZUSTAND
372;1,22002E+19;12;0;61;20;2020;2;14;5;3;5;3;0;1;1;0;0;0;0;816341,8803;5798158,464;13,6343655;52,24271264;1
373;1,22003E+19;12;0;65;225;2020;3;17;3;3;5;3;0;1;1;0;0;0;0;793447,7319;5842338,589;13,33885659;52,6514506;0
374;1,22003E+19;12;0;70;325;2020;3;14;3;2;6;4;0;0;1;1;0;0;0;704232,0358;5899150,456;12,05795204;53,20238426;1
375;1,22002E+19;12;0;63;80;2020;2;14;4;3;0;2;0;1;0;0;0;0;0;779764,5508;5831360,496;13,12784545;52,56024102;0
376;1,22003E+19;12;0;61;20;2020;3;10;4;2;5;3;0;0;1;0;0;0;0;814240,794;5798180,627;13,60371349;52,24411396;0
377;1,22003E+19;12;0;69;616;2020;3;14;5;3;2;6;0;0;1;0;0;0;0;790736,2935;5814442,158;13,27449498;52,40281903;0
378;1,22002E+19;12;0;68;324;2020;2;9;7;3;5;3;0;0;1;0;0;0;0;731055,0925;5862159,374;12,4323362;52,8594851;0
379;1,22003E+19;12;0;69;656;2020;3;9;3;3;5;3;0;1;1;0;0;0;0;767085,3374;5811629,474;12,92545424;52,38964094;0
380;1,22002E+19;12;0;61;433;2020;2;12;2;3;8;1;0;0;1;0;0;0;0;810475,2457;5809527,77;13,55918934;52,3479437;1
381;1,22002E+19;12;0;69;270;2020;2;20;1;3;8;1;2;0;1;0;0;0;0;734607,1389;5819393,682;12,45456504;52,47419391;0
382;1,22003E+19;12;0;60;100;2020;3;16;1;3;8;1;0;0;0;0;0;0;1;818736,6256;5883856,046;13,75194771;53,0091491;0
383;1,22002E+19;12;0;69;656;2020;2;14;6;3;2;6;0;0;1;0;0;0;0;767450,7562;5818867,668;12,9365982;52,45438283;0
384;1,22002E+19;12;0;60;20;2020;2;14;7;2;6;4;0;0;1;1;0;0;0;808327,619;5845245,598;13,56084421;52,66925397;0
385;1,22003E+19;12;0;68;109;2020;3;13;6;3;8;1;0;0;1;0;0;0;0;732951,0004;5857215,492;12,45691581;52,81430548;1
386;1,22002E+19;12;0;69;590;2020;2;17;6;3;2;6;2;0;1;0;0;0;0;769054,63;5801385,256;12,94612194;52,29679633;0
387;1,22003E+19;12;0;64;227;2020;3;10;4;3;2;2;0;0;1;0;0;0;0;815426,0273;5825055,582;13,64626569;52,48426268;0
388;1,22002E+19;12;0;67;469;2020;2;15;2;2;3;6;0;0;1;0;0;1;0;831838,1804;5807012,173;13,86922354;52,31290944;0
389;1,22003E+19;12;0;72;120;2020;3;15;1;2;0;1;0;0;0;0;1;0;0;795721,259;5808363,692;13,34220107;52,34565927;0
390;1,22002E+19;12;0;69;596;2020;2;18;6;3;2;6;2;0;1;0;0;0;0;771474,106;5802276,893;12,9822334;52,30360355;0
391;1,22002E+19;12;0;51;0;2020;2;15;7;3;8;7;0;0;1;0;0;0;0;744856,8161;5806106,508;12,59545276;52,35047449;0
392;1,22002E+19;12;0;65;251;2020;2;8;6;2;6;2;0;0;1;1;0;0;0;776897,3387;5848814,216;13,10029119;52,71821476;0
393;1,22003E+19;12;0;65;256;2020;3;11;1;3;8;7;0;0;1;0;0;0;0;784105,3715;5851309,526;13,20887562;52,73685245;1
394;1,22003E+19;12;0;69;696;2020;3;22;5;3;8;1;2;0;1;0;0;0;0;727706,291;5800766,636;12,34048238;52,30993744;0
395;1,22002E+19;12;0;69;17;2020;2;9;7;3;0;6;0;0;1;0;0;1;0;766578,473;5792526,348;12,90290489;52,21854157;0
396;1,22002E+19;12;0;70;424;2020;2;16;5;3;2;6;0;0;1;0;0;0;0;682413,1052;5876195,979;11,71865099;53,00420602;0
397;1,22003E+19;12;0;60;20;2020;3;5;2;3;2;7;2;0;1;0;0;1;0;810147,9016;5838858,25;13,58167947;52,61097802;0
398;1,22003E+19;12;0;60;269;2020;3;20;2;2;2;6;1;0;1;0;0;0;0;807818,144;5856817,321;13,56416921;52,77324203;0
399;1,22002E+19;12;0;64;336;2020;2;9;4;3;5;3;0;0;1;0;0;0;0;818784,8592;5831381,332;13,70162039;52,53899058;1
400;1,22003E+19;12;0;64;472;2020;3;17;4;3;5;3;1;1;1;0;0;0;0;829629,6636;5833268,321;13,8628223;52,54944342;0
401;1,22003E+19;12;0;65;144;2020;3;15;5;3;2;6;0;0;1;0;0;0;1;788311,4499;5848155,141;13,26823276;52,7063489;0
402;1,22002E+19;12;0;69;604;2020;2;12;6;2;1;2;0;0;1;0;1;0;0;786104,9748;5807304,634;13,20051811;52,34126216;0
403;1,22003E+19;12;0;67;36;2020;3;6;3;3;7;7;1;0;1;0;0;0;0;860743,9481;5794087,485;14,27770818;52,17899377;0
404;1,22002E+19;12;0;61;540;2020;2;12;2;3;5;3;0;0;1;0;0;0;0;813577,0911;5806034,093;13,60132305;52,31487163;1
405;1,22002E+19;12;0;66;196;2020;2;17;7;3;2;6;2;0;0;0;0;1;1;838474,8057;5753867,262;13,91354908;51,83282031;0
406;1,22003E+19;12;0;65;193;2020;3;11;1;2;8;1;0;0;0;0;1;0;0;795744,9138;5866552,812;13,39454856;52,86724733;0
407;1,22002E+19;12;0;63;252;2020;2;9;6;3;5;3;0;1;1;0;0;0;0;725993,7881;5833594,519;12,33763424;52,60527807;0
408;1,22002E+19;12;0;62;224;2020;2;8;5;3;6;2;0;0;1;1;0;0;0;792037,2606;5735178,693;13,22586913;51,69144826;0
409;1,22003E+19;12;0;70;125;2020;3;7;6;2;5;2;0;0;1;0;0;0;0;697285,6282;5887932,11;11,94718714;53,10429631;0
410;1,22003E+19;12;0;63;252;2020;3;10;4;2;6;4;0;0;1;1;0;0;0;726082,6468;5833877,696;12,33913765;52,60778256;0
411;1,22002E+19;12;0;61;444;2020;2;16;6;2;5;2;0;1;1;0;0;0;0;812932,8741;5811521,847;13,59701084;52,36441758;0
412;1,22002E+19;12;0;69;632;2020;2;18;6;3;2;6;2;0;1;0;0;0;1;767770,6889;5783692,284;12,91334444;52,13872506;0
413;1,22003E+19;12;0;61;316;2020;3;10;1;3;8;7;0;0;1;0;0;0;0;836553,483;5764184,703;13,8958211;51,92640785;0
414;1,22003E+19;12;0;70;393;2020;3;14;1;2;8;1;0;0;1;0;0;0;0;708634,2207;5906632,298;12,12865668;53,26783038;0
415;1,22002E+19;12;0;54;0;2020;2;10;5;3;5;3;0;1;1;0;0;0;0;773595,342;5814902,566;13,02355521;52,41578215;0
416;1,22003E+19;12;0;72;17;2020;3;15;6;1;9;7;0;0;1;0;0;0;0;803093,3679;5805291,622;13,44733133;52,31410116;0
417;1,22003E+19;12;0;60;20;2020;3;15;5;3;2;6;0;0;1;0;0;0;0;809026,1285;5845875,861;13,57173168;52,67450445;0
418;1,22002E+19;12;0;67;237;2020;2;3;7;1;2;6;2;0;1;0;0;0;1;863116,9032;5810327,936;14,32970737;52,32281976;0
419;1,22002E+19;12;0;51;0;2020;2;8;4;3;8;1;0;0;1;0;0;0;0;737141,7786;5817942,919;12,49078117;52,46008061;1
420;1,22003E+19;12;0;68;353;2020;3;16;2;2;4;6;0;1;1;0;0;0;0;759934,7874;5884137,962;12,87795653;53,04345029;0
421;1,22003E+19;12;0;72;240;2020;3;15;1;3;5;3;0;1;1;0;0;0;0;794170,2026;5799432,475;13,31169664;52,26642485;0
422;1,22002E+19;12;0;63;244;2020;2;12;3;3;5;3;0;1;1;0;0;0;0;726526,5132;5825281,053;12,33980833;52,53044476;0
423;1,22003E+19;12;0;51;0;2020;3;6;3;3;2;6;0;0;1;0;0;0;0;744930,3513;5812418,282;12,60114035;52,40707488;0
424;1,22003E+19;12;0;69;616;2020;3;8;4;3;2;6;0;0;1;0;0;0;0;790694,8022;5809629,134;13,26971474;52,35969049;1
425;1,22002E+19;12;0;51;0;2020;2;14;6;3;1;5;0;0;1;0;0;0;0;743294,7014;5814046,228;12,57832655;52,42241152;0
426;1,22003E+19;12;0;63;274;2020;3;15;2;3;5;3;0;0;1;0;0;0;0;726861,4892;5842039,953;12,35622854;52,68071069;0
427;1,22002E+19;12;0;60;52;2020;2;5;2;3;2;6;2;0;1;0;0;0;0;822087,0367;5864939,689;13,78295339;52,83769134;1
428;1,22002E+19;12;0;71;57;2020;2;7;7;3;9;1;0;0;1;0;0;0;0;862880,9537;5737794,6;14,2495332;51,67360912;2
429;1,22003E+19;12;0;62;282;2020;3;21;7;2;8;1;2;0;1;0;0;0;0;796440,8912;5738706,034;13,29239755;51,72076843;0
430;1,22002E+19;12;0;60;5;2020;2;16;4;3;5;2;0;0;1;0;0;0;0;811364,697;5831971,768;13,59312372;52,54857172;0
431;1,22002E+19;12;0;73;572;2020;2;13;6;3;5;3;0;0;0;0;1;0;1;798499,8471;5891919,152;13,45874042;53,09307008;0
432;1,22002E+19;12;0;60;269;2020;2;9;5;3;0;2;0;1;1;0;0;0;0;801787,527;5854713,147;13,47311346;52,75778536;0
433;1,22003E+19;12;0;73;97;2020;3;7;5;2;5;3;0;0;1;0;1;0;0;848093,369;5907149,35;14,21295373;53,19941801;0
434;1,22003E+19;12;0;71;301;2020;3;7;4;3;5;3;0;0;1;0;0;0;0;878104,4341;5740132,805;14,47123016;51,68450852;1
435;1,22002E+19;12;0;65;165;2020;2;8;6;3;2;6;0;0;1;0;0;1;0;764162,1115;5850394,22;12,91346906;52,7387502;0
436;1,22002E+19;12;0;61;320;2020;2;7;6;3;2;6;1;0;1;0;0;0;0;828078,6397;5758170,321;13,76728469;51,87757486;0
437;1,22003E+19;12;0;70;125;2020;3;12;1;1;8;1;0;0;1;0;0;0;0;698878,3357;5895919,02;11,97590063;53,17540458;0
438;1,22003E+19;12;0;68;320;2020;3;13;7;3;2;6;0;0;1;0;0;0;0;755758,5065;5871337,119;12,80568304;52,93064513;0
439;1,22002E+19;12;0;53;0;2020;2;21;6;3;2;6;2;0;1;0;0;0;0;879674,9299;5810695,034;14,57193552;52,31491373;0
440;1,22002E+19;12;0;64;380;2020;2;17;3;3;5;2;2;0;1;0;0;0;0;826848,2867;5831394,234;13,82010536;52,53433054;1
441;1,22003E+19;12;0;72;120;2020;3;7;2;3;5;2;0;1;1;0;0;0;0;792035,756;5808785,934;13,28861773;52,35141864;0
442;1,22002E+19;12;0;60;52;2020;2;8;6;3;4;6;0;0;1;0;0;0;1;824561,5686;5865180,455;13,81979802;52,83836427;1
443;1,22003E+19;12;0;65;136;2020;3;7;2;3;8;6;0;0;1;0;0;0;0;784561,0791;5839273,261;13,20521064;52,62870028;1
444;1,22002E+19;12;0;71;372;2020;2;5;6;2;9;7;2;0;1;0;0;0;0;881316,7768;5727979,912;14,50426294;51,57357113;1
445;1,22002E+19;12;0;64;428;2020;2;14;6;3;2;2;0;0;1;0;0;0;0;824409,972;5826686,681;13,77969477;52,49361287;0
446;1,22002E+19;12;0;61;316;2020;2;10;3;3;8;1;0;1;0;0;0;0;0;836167,4073;5766115,858;13,89211264;51,94394077;1
447;1,22003E+19;12;0;64;317;2020;3;21;3;2;9;1;2;0;1;0;0;0;0;854010,133;5833839,874;14,22153379;52,53926965;0
448;1,22003E+19;12;0;52;0;2020;3;9;4;3;1;6;0;0;1;0;0;0;0;867507,0006;5745192,723;14,32393701;51,73683753;1
449;1,22002E+19;12;0;72;240;2020;2;21;5;2;9;1;2;0;1;0;0;0;0;785545,7778;5800508,124;13,18656854;52,28061294;0
450;1,22003E+19;12;0;73;452;2020;3;7;2;3;5;3;0;0;1;0;1;0;0;823157,8106;5917934,947;13,85198824;53,31175194;1
451;1,22002E+19;12;0;65;165;2020;2;5;7;1;9;1;2;0;1;0;0;0;0;774193,134;5858424,619;13,06839407;52,80576917;1
452;1,22003E+19;12;0;68;468;2020;3;14;7;2;5;3;0;0;1;0;0;0;0;732898,3587;5886933,483;12,47748128;53,08098907;0
453;1,22002E+19;12;0;61;433;2020;2;18;3;3;3;6;2;0;1;0;0;1;0;812775,6122;5806343,228;13,58989059;52,31809886;0
454;1,22002E+19;12;0;54;0;2020;2;15;2;3;3;6;0;1;0;0;0;0;0;775922,0196;5812732,403;13,05589094;52,39515256;0
455;1,22002E+19;12;0;67;120;2020;2;14;6;2;0;1;0;0;0;0;1;0;0;885643,6449;5792786,663;14,63866754;52,15053388;0
456;1,22002E+19;12;0;67;144;2020;2;23;4;3;2;6;2;0;1;0;0;1;0;846329,6606;5810450,965;14,08451393;52,33476323;0
457;1,22003E+19;12;0;54;0;2020;3;14;4;3;1;5;0;0;1;0;0;1;0;775725,2152;5814016,115;13,05406264;52,40676378;0
458;1,22003E+19;12;0;52;0;2020;3;15;3;3;2;6;0;0;1;0;0;0;0;867490,6865;5745179,717;14,32368805;51,73673177;1
459;1,22002E+19;12;0;69;397;2020;2;10;5;2;8;1;0;0;1;0;0;0;0;776811,5578;5804626,712;13,06224877;52,3220138;0
460;1,22003E+19;12;0;64;136;2020;3;10;5;3;2;6;0;0;1;0;0;1;0;821037,101;5828448,619;13,73188411;52,51139303;0
461;1,22003E+19;12;0;64;266;2020;3;8;7;3;5;2;0;1;1;0;0;0;0;876118,9859;5836945,109;14,54953407;52,5522535;0
462;1,22003E+19;12;0;60;5;2020;3;6;6;3;5;3;1;0;1;0;0;0;0;806295,4538;5837875,341;13,52405344;52,60435377;1
463;1,22002E+19;12;0;72;53;2020;2;12;5;3;1;2;0;0;1;0;0;0;0;804552,5034;5755837,663;13,42451479;51,87000225;0
464;1,22002E+19;12;0;54;0;2020;2;12;2;3;5;3;0;0;1;0;0;0;0;775335,4729;5813241,651;13,04771096;52,40001463;0
465;1,22003E+19;12;0;73;452;2020;3;11;2;3;2;2;0;0;1;0;0;0;0;822988,3367;5917816,683;13,84933336;53,31079598;0
466;1,22002E+19;12;0;69;397;2020;2;16;5;3;9;6;0;0;1;0;0;0;0;778375,0686;5798176,185;13,07980345;52,26337722;0
467;1,22003E+19;12;0;66;296;2020;3;14;1;3;2;6;0;0;1;0;0;0;1;837781,5091;5712917,409;13,86400646;51,46637725;1
468;1,22002E+19;12;0;67;481;2020;2;15;6;3;6;4;0;0;1;1;0;0;0;836849,7998;5801213,315;13,93667681;52,25791925;0
469;1,22003E+19;12;0;67;481;2020;3;14;6;3;2;2;0;0;1;0;1;0;0;836343,3637;5800599,878;13,92867397;52,25273413;0
470;1,22002E+19;12;0;65;136;2020;2;13;3;3;2;6;0;0;1;0;0;0;0;784573,8116;5840667,882;13,2065995;52,64119744;0
471;1,22002E+19;12;0;71;160;2020;2;6;1;3;7;7;0;0;1;0;0;0;0;889489,8274;5767112,162;14,66540253;51,91813517;0
472;1,22002E+19;12;0;60;20;2020;2;7;5;3;2;6;0;0;1;0;0;0;0;809859,4016;5845736,839;13,58388557;52,67278321;1
473;1,22003E+19;12;0;61;20;2020;3;17;2;3;3;6;0;1;1;0;0;0;0;814954,4129;5796450,206;13,61252031;52,2281993;0
474;1,22003E+19;12;0;68;324;2020;3;8;3;3;5;3;0;1;1;0;0;0;0;729734,231;5862375,634;12,41290523;52,86199083;1
475;1,22003E+19;12;0;69;19;2020;3;11;6;3;9;6;0;0;1;0;0;0;0;746140,791;5823076,818;12,62675687;52,50216332;0
476;1,22002E+19;12;0;73;452;2020;2;19;3;3;5;2;2;1;1;0;0;0;0;824248,8104;5918929,209;13,86931999;53,31999076;0
477;1,22002E+19;12;0;63;208;2020;2;18;1;3;9;7;2;0;0;0;0;0;1;763082,4064;5834658,086;12,88495714;52,59813597;1
478;1,22002E+19;12;0;72;232;2020;2;6;5;2;6;7;1;0;1;0;0;0;1;783176,4186;5782252,11;13,1366757;52,11813411;1
479;1,22002E+19;12;0;61;433;2020;2;13;3;3;5;2;0;0;1;0;0;0;0;810106,416;5811446,543;13,5555634;52,3653483;0
480;1,22003E+19;12;0;73;490;2020;3;12;3;2;2;2;0;0;1;0;0;0;1;832959,2418;5925136,885;14,00611096;53,37017717;0
481;1,22003E+19;12;0;64;274;2020;3;20;3;2;8;1;2;0;1;0;0;0;0;866422,1323;5849883,634;14,42148957;52,67465932;1
482;1,22002E+19;12;0;67;72;2020;2;8;5;3;5;3;0;0;1;0;0;0;0;857965,6286;5817674,09;14,26227441;52,39196733;1
483;1,22003E+19;12;0;72;17;2020;3;12;4;2;3;6;0;0;1;0;0;0;0;799169,7679;5804234,961;13,38900548;52,30677992;0
484;1,22003E+19;12;0;53;0;2020;3;6;6;3;2;6;1;0;1;0;0;0;0;876990,6148;5812558,009;14,53482798;52,33343252;0
485;1,22003E+19;12;0;72;477;2020;3;1;5;2;8;1;2;0;1;0;0;0;0;804927,5316;5791665,743;13,46186021;52,1909544;0
486;1,22002E+19;12;0;61;260;2020;2;8;5;3;5;3;0;0;1;0;0;0;0;816117,1259;5801029,759;13,63377095;52,26857184;0
487;1,22003E+19;12;0;69;448;2020;3;21;3;3;7;5;2;0;1;0;0;1;0;753665,4678;5779112,436;12,70427015;52,104289;1
488;1,22002E+19;12;0;67;357;2020;2;22;2;3;8;1;2;1;0;0;0;0;0;886766,1296;5786625,547;14,64799841;52,0946261;0
489;1,22003E+19;12;0;61;433;2020;3;14;1;3;8;6;0;0;1;0;0;0;0;810232,0626;5807646,873;13,55389497;52,33122461;0
490;1,22002E+19;12;0;73;532;2020;2;11;5;3;8;1;0;1;0;0;0;0;0;854294,5549;5891530,76;14,2881528;53,0555276;0
491;1,22002E+19;12;0;69;397;2020;2;4;7;3;2;6;2;0;1;0;0;0;1;771866,9389;5802309,317;12,98800688;52,30370014;1
492;1,22002E+19;12;0;72;240;2020;2;16;5;3;5;3;0;1;0;0;0;0;0;789807,3637;5803565,604;13,25149396;52,30579663;0
493;1,22003E+19;12;0;73;216;2020;3;20;7;2;9;1;2;0;0;0;1;0;0;827364,57;5928327,443;13,92564231;53,40224306;0
494;1,22003E+19;12;0;62;500;2020;3;7;5;3;5;3;0;0;1;0;0;0;0;798333,322;5717690,904;13,30182576;51,53134234;0
495;1,22002E+19;12;0;72;17;2020;2;1;7;3;6;4;2;0;0;1;0;0;1;803265,3604;5804365,102;13,44901243;52,3057015;1
496;1,22002E+19;12;0;72;232;2020;2;18;4;2;8;7;2;0;1;0;0;0;0;782823,5417;5778363,582;13,12830914;52,08344452;1
497;1,22003E+19;12;0;60;20;2020;3;15;2;3;2;6;0;0;1;0;0;0;0;810031,3682;5848012,883;13,58856231;52,69308076;0
498;1,22003E+19;12;0;60;280;2020;3;18;2;3;9;1;2;0;1;0;0;0;0;827795,5612;5845575,949;13,8480576;52,66080075;1
499;1,22002E+19;12;0;65;256;2020;2;11;4;3;2;6;0;0;1;0;0;0;0;786458,3019;5853660,499;13,24568119;52,75668864;0
500;1,22003E+19;12;0;65;100;2020;3;10;4;2;8;1;0;0;0;0;1;0;0;779998,9912;5880807,99;13,17356884;53,00347385;0
501;1,22003E+19;12;0;72;240;2020;3;16;4;2;2;6;0;0;1;0;1;0;0;796298,4952;5804144,733;13,34693485;52,30752682;0
502;1,22002E+19;12;0;60;45;2020;2;23;5;3;8;1;2;0;1;0;0;0;0;829030,7569;5871746,635;13,89253235;52,89446827;1
503;1,22003E+19;12;0;69;345;2020;3;21;2;3;2;6;2;0;1;0;0;0;0;757899,3857;5784215,452;12,76982123;52,1481129;0
504;1,22002E+19;12;0;60;5;2020;2;11;2;2;6;4;0;0;1;1;0;0;0;811347,3067;5831975,583;13,59287165;52,54861585;1
505;1,22002E+19;12;0;61;219;2020;2;5;7;3;8;1;2;0;1;0;0;0;0;822312,2901;5750847,065;13,67697738;51,81531008;2
506;1,22003E+19;12;0;69;397;2020;3;15;7;3;3;6;0;0;1;0;0;0;0;777601,1717;5802255,071;13,07184949;52,30034691;0
507;1,22002E+19;12;0;71;189;2020;2;16;4;3;8;1;0;0;1;0;0;0;0;891665,4735;5728388,232;14,65332789;51,57013864;1
508;1,22003E+19;12;0;60;280;2020;3;13;4;3;2;2;0;0;1;0;1;0;0;823907,1818;5845070,705;13,79027299;52,65860955;0
509;1,22003E+19;12;0;62;124;2020;3;7;5;3;5;2;0;1;1;0;0;0;0;814440,9664;5710899,965;13,52728243;51,46173695;0
510;1,22002E+19;12;0;60;280;2020;2;10;5;2;5;3;0;0;1;0;0;0;0;824548,2978;5845621,22;13,80025982;52,66315824;0
511;1,22003E+19;12;0;71;76;2020;3;17;3;2;2;6;2;0;1;0;0;0;0;893058,2716;5740994,155;14,68745696;51,68195996;1
512;1,22002E+19;12;0;53;0;2020;2;15;2;3;6;2;0;0;1;1;0;0;0;877138,416;5814014,058;14,53861968;52,34636042;1
513;1,22002E+19;12;0;52;0;2020;2;13;1;2;8;7;0;0;1;0;0;0;0;865487,4485;5746885,284;14,29659239;51,75331024;1
514;1,22003E+19;12;0;60;269;2020;3;11;1;3;5;3;0;0;1;0;0;0;0;801789,4289;5854748,445;13,47317404;52,75810065;0
515;1,22002E+19;12;0;65;165;2020;2;13;7;2;8;1;0;0;0;0;1;0;0;774918,1909;5858075,261;13,07882894;52,80226764;1
516;1,22002E+19;12;0;54;0;2020;2;7;5;3;2;6;0;0;1;0;0;0;0;777347,4882;5812398,656;13,07651085;52,3914397;0
517;1,22003E+19;12;0;60;5;2020;3;14;6;3;2;6;0;0;1;0;0;0;1;814359,0803;5839037,668;13,64383907;52,61016672;0
518;1,22003E+19;12;0;64;336;2020;3;16;5;3;5;3;0;0;1;0;0;0;0;817391,7308;5829588,972;13,67943724;52,52374388;0
519;1,22002E+19;12;0;53;0;2020;2;15;7;2;8;1;0;0;1;0;0;0;0;874603,9223;5814026,895;14,50159936;52,3482107;0
520;1,22002E+19;12;0;61;444;2020;2;7;4;3;2;2;1;0;1;0;0;0;0;813231,0903;5808997,212;13,59902244;52,34162299;1
521;1,22002E+19;12;0;73;452;2020;2;11;3;1;4;6;0;0;1;0;0;0;0;817300,8424;5919212,534;13,76566383;53,32673522;1
522;1,22003E+19;12;0;69;604;2020;3;18;1;3;3;6;2;0;1;0;0;0;0;782499,2009;5810473,976;13,15039669;52,37154914;0
523;1,22003E+19;12;0;63;252;2020;3;13;1;3;0;1;0;1;0;0;0;0;0;726045,926;5830930,501;12,33658414;52,58134739;0
524;1,22002E+19;12;0;66;285;2020;2;14;3;3;0;6;0;0;1;0;0;0;1;843011,4073;5719659,448;13,94556513;51,52363122;0
525;1,22003E+19;12;0;73;8;2020;3;19;3;3;6;3;1;0;1;1;0;0;0;835098,2214;5885406,065;13,99649688;53,01305015;0
526;1,22003E+19;12;0;66;196;2020;3;9;4;3;2;6;0;0;1;0;0;1;0;838665,683;5754272,493;13,91670529;51,8363348;1
527;1,22002E+19;12;0;67;481;2020;2;17;5;2;5;2;1;0;1;0;0;0;0;835286,345;5802846,671;13,91547693;52,27350432;0
528;1,22003E+19;12;0;61;332;2020;3;7;2;3;8;6;0;0;1;0;0;0;0;814265,6838;5795050,517;13,60116977;52,21604901;1
529;1,22002E+19;12;0;67;124;2020;2;12;2;3;5;3;0;1;1;0;0;0;0;822452,113;5819218,546;13,74374324;52,42786301;1
530;1,22002E+19;12;0;64;482;2020;2;9;7;2;9;1;0;0;1;0;0;0;0;865827,9826;5831973,726;14,39296509;52,51476536;1
531;1,22003E+19;12;0;60;296;2020;3;13;7;3;2;6;0;0;1;0;0;0;0;826838,3276;5878268,362;13,86662227;52,95422053;0
532;1,22002E+19;12;0;72;17;2020;2;13;3;3;5;3;0;1;1;0;0;0;0;799379,2256;5807091,755;13,39460957;52,33227422;0
533;1,22002E+19;12;0;60;269;2020;2;14;6;3;5;3;0;1;1;0;0;0;0;800235,1766;5851878,198;13,44758723;52,73324079;0
534;1,22002E+19;12;0;60;176;2020;2;6;3;3;6;4;2;0;1;1;0;0;0;840159,7625;5871637,166;14,05720941;52,88656905;1
535;1,22002E+19;12;0;69;680;2020;2;2;4;3;8;1;2;0;0;0;0;0;1;731078,8258;5796593,627;12,3870039;52,27107718;0
536;1,22003E+19;12;0;67;469;2020;3;12;5;3;5;3;0;0;1;0;0;0;0;832205,2346;5810165,833;13,87770182;52,34093778;0
537;1,22003E+19;12;0;60;20;2020;3;15;4;3;5;2;0;1;1;0;0;0;0;810245,7219;5846741,08;13,5905259;52,68156143;0
538;1,22002E+19;12;0;72;17;2020;2;7;5;3;2;6;0;0;1;0;0;0;0;799282,1092;5807019,929;13,39312462;52,33168332;0
539;1,22002E+19;12;0;52;0;2020;2;6;4;3;2;2;1;0;1;0;0;0;0;867511,182;5745196,057;14,32400082;51,73686463;0
540;1,22002E+19;12;0;62;124;2020;2;8;6;3;9;1;0;0;1;0;0;0;0;813771,6102;5709308,089;13,51626615;51,44783884;1
541;1,22002E+19;12;0;60;269;2020;2;15;3;3;4;6;0;0;1;0;0;0;0;808430,025;5852788,546;13,56942306;52,73679057;0
542;1,22002E+19;12;0;73;572;2020;2;21;5;2;9;1;2;0;1;0;0;0;0;801846,5434;5895291,349;13,5117302;53,12140917;1
543;1,22003E+19;12;0;54;0;2020;3;7;5;2;7;1;0;0;1;0;0;0;0;768897,0501;5823888,944;12,96188023;52,49870772;0
544;1,22003E+19;12;0;54;0;2020;3;16;4;3;5;3;0;1;1;0;0;0;0;773538,5955;5811222,107;13,01971746;52,38280345;0
545;1,22002E+19;12;0;71;301;2020;2;6;6;3;5;2;2;0;1;0;0;0;0;877262,8046;5743357,152;14,46259568;51,71393376;1
546;1,22002E+19;12;0;67;473;2020;2;15;5;3;4;6;0;0;1;0;0;0;0;853746,5715;5824567,895;14,20781942;52,45642891;1
547;1,22003E+19;12;0;60;36;2020;3;11;1;2;8;1;0;0;1;0;0;0;0;823255,0227;5870839,411;13,80608136;52,88984233;0
548;1,22003E+19;12;0;70;316;2020;3;11;1;2;8;1;0;0;1;0;0;0;0;712202,9493;5890427,902;12,17132172;53,12097574;0
549;1,22002E+19;12;0;65;256;2020;2;12;5;3;9;1;0;0;1;0;0;0;0;789563,1624;5851442,974;13,28960319;52,73515553;0
550;1,22002E+19;12;0;62;224;2020;2;7;3;2;4;1;0;0;1;0;0;0;0;795907,4624;5735058,904;13,28160324;51,68834881;0
551;1,22003E+19;12;0;70;416;2020;3;8;3;1;4;6;0;0;1;0;0;0;0;687176,8931;5879788,242;11,79164154;53,03481659;0
552;1,22003E+19;12;0;60;52;2020;3;11;4;3;5;2;0;0;1;0;1;0;0;824640,1825;5864760,957;13,82054389;52,83455915;0
553;1,22002E+19;12;0;72;17;2020;2;5;4;3;2;6;2;0;1;0;0;1;0;799848,7613;5804221,513;13,39892296;52,30628929;1
554;1,22003E+19;12;0;67;120;2020;3;13;2;3;5;2;0;1;1;0;0;0;0;885882,3629;5790316,321;14,6393385;52,12826475;0
555;1,22002E+19;12;0;63;148;2020;2;12;6;2;8;1;0;0;0;0;0;0;1;754656,0711;5820345,852;12,74985077;52,47375592;1
556;1,22003E+19;12;0;63;252;2020;3;19;6;2;0;1;2;1;0;0;0;0;0;726068,1188;5834682,979;12,33947387;52,61501581;1