OBJECTID;UIDENTSTLAE;ULAND;UREGBEZ;UKREIS;UGEMEINDE;UJAHR;UMONAT;USTUNDE;UWOCHENTAG;UKATEGORIE;UART;UTYP1;ULICHTVERH;IstRad;IstPKW;IstFuss;IstKrad;IstGkfz;IstSonstige;LINREFX;LINREFY;XGCSWGS84;YGCSWGS84;STRZUSTAND
557;1,22002E+19;12;0;62;128;2020;2;13;3;3;5;3;0;1;1;0;0;0;0;793445,274;5723537,887;13,23642848;51,58633292;1
558;1,22002E+19;12;0;67;144;2020;2;16;2;2;3;6;0;0;1;0;0;0;0;844348,3126;5810065,039;14,05515356;52,33255324;0
559;1,22002E+19;12;0;67;144;2020;2;8;6;3;6;3;0;0;1;1;0;0;0;844183,2345;5812419,491;14,05515076;52,3537419;0
560;1,22002E+19;12;0;60;20;2020;2;14;3;3;6;4;0;0;1;1;0;0;0;807492,9587;5848341,492;13,55142951;52,69747179;0
561;1,22002E+19;12;0;65;100;2020;2;14;4;3;5;3;0;0;1;0;0;0;0;779328,9865;5881073,475;13,16384025;53,00620377;0
562;1,22003E+19;12;0;61;433;2020;3;11;4;2;2;6;0;0;1;0;1;0;0;807416,738;5814862,538;13,51931624;52,3974783;0
563;1,22003E+19;12;0;73;8;2020;3;13;3;3;8;7;0;0;1;0;0;0;0;829645,5562;5889135,877;13,91933346;53,04983786;1
564;1,22002E+19;12;0;62;224;2020;2;12;5;2;8;7;0;0;1;0;0;0;0;789813,8118;5739978,105;13,19777792;51,73563752;1
565;1,22003E+19;12;0;65;100;2020;3;18;5;3;5;3;2;0;1;0;0;0;0;780591,8742;5882608,856;13,18394439;53,01930929;0
566;1,22003E+19;12;0;70;316;2020;3;15;7;3;9;1;0;0;1;0;0;0;0;718066,1975;5892510,734;12,2602095;53,13730402;0
567;1,22003E+19;12;0;70;424;2020;3;20;6;3;4;2;2;0;1;0;0;0;0;683966,3155;5877923,098;11,74275466;53,01918283;1
568;1,22002E+19;12;0;72;169;2020;2;11;4;2;5;2;0;0;1;0;0;0;1;776750,9644;5768605,075;13,03201418;51,99899233;0
569;1,22002E+19;12;0;62;425;2020;2;10;2;2;8;1;0;0;1;0;0;0;0;835842,8884;5731825,844;13,85423822;51,63693997;0
570;1,22003E+19;12;0;68;468;2020;3;18;2;3;5;3;0;1;1;0;0;0;0;732723,0248;5895426,555;12,48102652;53,15727108;0
571;1,22003E+19;12;0;68;280;2020;3;15;6;1;8;1;0;0;1;0;0;0;0;766144,842;5872542,55;12,96082489;52,93641093;0
572;1,22003E+19;12;0;69;232;2020;3;12;7;3;8;1;0;0;1;0;0;0;0;734383,5491;5793940,432;12,43350724;52,24586813;1
573;1,22003E+19;12;0;72;312;2020;3;15;6;2;8;1;0;0;1;0;0;0;0;789615,1546;5779557,579;13,22816972;52,09064099;1
574;1,22002E+19;12;0;60;52;2020;2;9;4;3;5;3;0;1;1;0;0;0;0;824556,4863;5865039,6;13,81958283;52,83710558;0
575;1,22002E+19;12;0;68;477;2020;2;10;3;2;5;2;0;1;1;0;0;0;0;732574,2603;5865477,838;12,45722867;52,88860863;0
576;1,22003E+19;12;0;63;260;2020;3;15;2;3;0;7;0;0;1;0;0;0;1;724808,4654;5850173,428;12,33147471;52,75456145;0
577;1,22002E+19;12;0;60;20;2020;2;16;4;3;4;2;0;0;1;0;0;0;0;807895,504;5847784,446;13,55684646;52,69225127;0
578;1,22003E+19;12;0;72;240;2020;3;12;1;2;8;1;0;0;0;0;1;0;0;794054,6571;5802270,372;13,3124818;52,29192854;1
579;1,22002E+19;12;0;73;157;2020;2;17;6;2;5;3;1;0;1;0;0;0;0;822362,2039;5900996,851;13,82296576;53,16052015;0
580;1,22003E+19;12;0;64;136;2020;3;12;6;3;0;6;0;0;1;0;0;0;1;821812,7692;5827172,227;13,74204085;52,49950035;1
581;1,22002E+19;12;0;64;380;2020;2;16;3;3;5;3;0;1;1;0;0;0;0;823554,4869;5829542,16;13,76991288;52,51970293;0
582;1,22002E+19;12;0;66;285;2020;2;13;1;3;5;3;0;1;1;0;0;0;0;840558,6459;5720911,313;13,91155082;51,53632942;1
583;1,22002E+19;12;0;61;216;2020;2;8;5;3;8;1;0;0;1;0;0;0;0;818529,3482;5780257,799;13,649514;52,08104438;0
584;1,22002E+19;12;0;67;124;2020;2;11;3;3;8;1;0;0;1;0;0;0;0;823100,3489;5820108,347;13,75410382;52,43545266;0
585;1,22002E+19;12;0;73;85;2020;2;10;3;3;8;1;0;0;1;0;0;0;0;842414,4762;5925679,772;14,14823968;53,36900186;1
586;1,22003E+19;12;0;65;96;2020;3;13;3;3;2;2;0;0;1;0;0;1;0;791520,1934;5840252,373;13,30860281;52,63378744;0
587;1,22003E+19;12;0;65;96;2020;3;18;3;3;6;4;1;0;1;1;0;0;0;792082,891;5839993,46;13,31666484;52,63116408;1
588;1,22002E+19;12;0;70;302;2020;2;13;5;3;8;1;0;0;1;0;0;0;0;707415,4501;5867704,195;12,08528941;52,91888406;0
589;1,22003E+19;12;0;72;477;2020;3;17;4;3;8;1;1;0;0;0;1;0;0;809912,1839;5788629,142;13,53178064;52,16096191;0
590;1,22003E+19;12;0;72;240;2020;3;14;5;2;9;1;0;0;1;0;0;0;0;791466,4116;5802080,401;13,27447447;52,29160364;0
591;1,22002E+19;12;0;64;428;2020;2;8;4;2;6;6;0;1;0;1;0;0;0;828774,6567;5828354,994;13,84540044;52,50594666;1
592;1,22003E+19;12;0;63;80;2020;3;5;3;1;6;4;2;0;1;1;0;0;0;775254,7084;5834096,066;13,06375842;52,58707082;0
593;1,22002E+19;12;0;68;181;2020;2;13;2;3;8;1;0;0;1;0;0;0;0;732117,0065;5890625,595;12,46850466;53,11445775;2
594;1,22002E+19;12;0;65;256;2020;2;16;2;3;5;2;0;1;1;0;0;0;0;786523,5739;5853687,527;13,24666932;52,75689636;0
595;1,22003E+19;12;0;71;244;2020;3;15;1;3;0;7;0;0;0;0;1;0;0;859843,5868;5752197,777;14,22067274;51,80452913;0
596;1,22002E+19;12;0;64;472;2020;2;15;4;3;5;2;0;1;1;0;0;0;0;831498,966;5837670,52;13,89468876;52,58774113;0
597;1,22002E+19;12;0;66;112;2020;2;8;7;3;5;3;0;0;1;0;0;0;0;847057,1345;5727108,913;14,01100423;51,58788876;1
598;1,22002E+19;12;0;54;0;2020;2;14;5;3;3;2;0;1;1;0;0;0;0;775707,7928;5812761,687;13,05277459;52,39552305;0
599;1,22003E+19;12;0;70;241;2020;3;16;7;2;8;1;0;0;1;0;0;0;0;699107,2015;5866343,104;11,96105452;52,90980778;0
600;1,22003E+19;12;0;73;8;2020;3;7;5;3;5;3;1;1;1;0;0;0;0;831339,993;5893364,165;13,94886666;53,08665912;0
601;1,22002E+19;12;0;62;24;2020;2;6;7;2;3;6;1;1;0;0;0;0;1;804220,4888;5708770,805;13,37876883;51,44823051;0
602;1,22002E+19;12;0;51;0;2020;2;20;4;2;8;1;1;0;1;0;0;0;0;740786,425;5816250,911;12,54310044;52,44330406;1
603;1,22002E+19;12;0;67;124;2020;2;6;4;3;5;3;2;1;1;0;0;0;0;823536,76;5818512,394;13,75895745;52,42089615;1
604;1,22003E+19;12;0;65;165;2020;3;21;1;3;9;1;2;0;1;0;0;0;0;768593,0314;5848110,584;12,97707389;52,71608843;0
605;1,22002E+19;12;0;67;144;2020;2;17;6;3;2;6;2;0;1;0;0;0;0;844686,4843;5812636,323;14,06273337;52,35536781;0
606;1,22003E+19;12;0;68;477;2020;3;19;6;2;9;1;2;0;1;0;0;0;0;734932,446;5862883,499;12,49034089;52,86430522;0
607;1,22002E+19;12;0;65;251;2020;2;11;1;2;0;7;0;0;1;0;0;0;0;772104,7696;5847658,408;13,02855919;52,71028001;1
608;1,22002E+19;12;0;67;24;2020;2;15;5;3;5;3;0;1;1;0;0;0;0;845333,482;5804958,942;14,06432053;52,28620787;0
609;1,22003E+19;12;0;71;244;2020;3;6;2;3;2;6;0;0;1;0;0;0;1;865365,9787;5742774,685;14,29052894;51,71658724;0
610;1,22003E+19;12;0;71;372;2020;3;15;2;3;2;6;0;0;1;0;0;0;0;872244,7077;5726707,712;14,37258917;51,56823996;0
611;1,22002E+19;12;0;73;572;2020;2;8;4;2;2;7;0;0;1;0;0;0;1;801769,289;5895102,265;13,51040165;53,11975842;1
612;1,22003E+19;12;0;64;227;2020;3;16;4;2;2;6;0;0;1;0;0;0;1;813855,515;5831558,879;13,62934725;52,54344271;0
613;1,22003E+19;12;0;67;124;2020;3;7;5;3;2;6;0;0;1;0;0;0;0;825608,0142;5815055,293;13,78594816;52,38869595;0
614;1,22002E+19;12;0;65;332;2020;2;10;4;3;5;3;0;0;1;0;0;0;0;781808,158;5848139,061;13,1722238;52,70962752;0
615;1,22003E+19;12;0;64;190;2020;3;13;3;3;9;7;0;0;1;0;0;0;0;860125,334;5840880,63;14,31895427;52,5982889;0
616;1,22002E+19;12;0;65;251;2020;2;17;2;3;5;3;1;1;1;0;0;0;0;780857,05;5843075,83;13,15386525;52,66472344;0
617;1,22002E+19;12;0;61;332;2020;2;12;7;3;3;6;0;0;1;0;1;0;0;810596,8536;5804303,645;13,55614706;52,30105631;0
618;1,22003E+19;12;0;53;0;2020;3;11;1;3;9;1;0;1;0;0;0;0;0;875399,8944;5818328,781;14,51804005;52,38616336;0
619;1,22002E+19;12;0;72;17;2020;2;17;6;3;5;3;0;1;1;0;0;0;0;799756,2661;5808476,918;13,40136144;52,34448496;0
620;1,22002E+19;12;0;65;165;2020;2;23;3;3;8;1;2;0;1;0;0;0;0;773995,7225;5851165,362;13,059403;52,74077446;1
621;1,22002E+19;12;0;61;329;2020;2;13;5;3;8;1;0;0;1;0;0;0;0;842476,4483;5777581,109;13,99499606;52,04278906;0
622;1,22003E+19;12;0;60;269;2020;3;12;6;3;1;7;0;0;0;0;1;0;1;800718,3273;5852672,506;13,45544821;52,74009162;0
623;1,22003E+19;12;0;65;256;2020;3;7;5;2;4;6;0;0;1;0;0;0;0;795509,6454;5857195,854;13,3826003;52,78350692;1
624;1,22002E+19;12;0;69;397;2020;2;14;6;1;8;1;0;0;1;0;0;0;0;778549,0126;5803636,382;13,0868565;52,31225439;0
625;1,22002E+19;12;0;68;280;2020;2;12;3;3;5;3;0;0;1;0;0;0;0;768549,136;5884931,768;13,00679696;53,04631468;0
626;1,22003E+19;12;0;69;656;2020;3;16;1;3;3;2;0;1;1;0;0;0;0;768303,9596;5808862,271;12,94110531;52,36422616;0
627;1,22003E+19;12;0;60;269;2020;3;6;1;3;6;7;0;0;1;1;0;0;0;801136,5054;5842905,463;13,45268957;52,65232014;0
628;1,22002E+19;12;0;61;260;2020;2;13;3;2;8;1;0;0;1;0;0;0;0;821245,8629;5813905,034;13,72096698;52,38096463;0
629;1,22003E+19;12;0;64;227;2020;3;9;3;3;2;6;0;0;1;0;0;0;0;817583,2857;5827024,005;13,67980372;52,50064984;0
630;1,22003E+19;12;0;61;217;2020;3;4;4;2;9;6;2;1;1;0;0;0;0;824249,1425;5803716,263;13,75511554;52,28791089;1
631;1,22003E+19;12;0;65;144;2020;3;10;2;3;5;3;0;0;1;0;0;0;0;789331,436;5844298,025;13,27989855;52,67122678;0
632;1,22003E+19;12;0;72;240;2020;3;19;1;3;1;5;2;0;1;0;0;0;0;797070,0433;5800177,015;13,35472284;52,27154158;0
633;1,22002E+19;12;0;68;264;2020;2;9;4;3;7;7;0;0;1;0;0;0;0;730940,0551;5879722,646;12,44313256;53,01713568;0
634;1,22003E+19;12;0;54;0;2020;3;15;3;3;8;1;0;0;1;0;0;1;0;775696,0271;5815719,161;13,05503755;52,42205107;0
635;1,22003E+19;12;0;63;80;2020;3;17;4;2;2;6;0;0;1;0;0;0;1;777504,066;5832341,056;13,09540591;52,57019063;1
636;1,22002E+19;12;0;65;84;2020;2;11;4;2;2;6;0;0;1;0;0;0;0;777251,8385;5897979,342;13,14753446;53,15885767;0
637;1,22003E+19;12;0;72;232;2020;3;7;2;2;5;2;0;0;1;0;1;0;0;786860,3227;5779225,341;13,18778858;52,08909585;1
638;1,22002E+19;12;0;62;124;2020;2;13;1;2;0;7;0;1;0;0;0;0;0;814360,2783;5711189,89;13,52638221;51,46438055;0
639;1,22002E+19;12;0;62;92;2020;2;7;7;3;9;1;0;0;1;0;0;0;0;820736,8829;5730615,628;13,63557706;51,63490519;2
640;1,22003E+19;12;0;51;0;2020;3;12;7;3;5;2;0;1;1;0;0;0;0;741418,7681;5811419,654;12,54889887;52,39967412;0
641;1,22002E+19;12;0;73;452;2020;2;9;4;3;1;5;0;1;1;0;0;0;0;824275,5069;5917730,331;13,86849441;53,30923668;0
642;1,22002E+19;12;0;73;572;2020;2;14;6;2;8;1;0;0;1;0;0;0;0;795216,5736;5896939,272;13,41447284;53,13988803;0
643;1,22002E+19;12;0;60;12;2020;2;13;5;3;0;7;0;0;1;0;0;1;0;823007,184;5877770,567;13,80930135;52,95207985;0
644;1,22003E+19;12;0;54;0;2020;3;18;5;3;7;7;0;0;0;0;1;0;0;775485,6882;5806925,713;13,04472748;52,34329808;0
645;1,22003E+19;12;0;71;57;2020;3;14;4;3;9;7;0;0;1;0;0;0;0;860609,5693;5743478,35;14,2226939;51,7259633;0
646;1,22002E+19;12;0;60;269;2020;2;14;6;1;2;2;0;0;1;0;0;1;0;803631,7618;5866916,136;13,51168864;52,86611491;1
647;1,22002E+19;12;0;65;356;2020;2;9;4;2;7;7;0;0;1;0;0;0;0;783429,0299;5884709,587;13,22796904;53,03664824;0
648;1,22003E+19;12;0;64;428;2020;3;17;1;3;9;1;0;0;1;0;0;0;0;832597,3275;5825812,874;13,89897819;52,48085964;0
649;1,22003E+19;12;0;64;317;2020;3;8;7;3;2;6;0;0;1;0;0;0;0;849984,7685;5828345,791;14,15664643;52,49267675;1
650;1,22002E+19;12;0;65;165;2020;2;15;4;3;6;7;0;0;1;1;0;0;0;777600,7813;5858021,342;13,11847196;52,8004112;0
651;1,22002E+19;12;0;60;161;2020;2;5;3;3;2;2;2;0;1;0;0;1;0;818605,2511;5858770,359;13,72543155;52,78448845;0
652;1,22003E+19;12;0;72;120;2020;3;16;2;2;5;2;0;1;1;0;0;0;0;791160,9891;5808417,659;13,27549126;52,34858188;0
653;1,22002E+19;12;0;70;8;2020;2;13;4;3;8;1;0;0;1;0;0;0;0;695725,147;5875641,426;11,91644415;52,99452911;0
654;1,22003E+19;12;0;65;136;2020;3;8;2;3;5;3;0;1;1;0;0;0;0;785468,376;5840140,25;13,21932809;52,63599728;1
655;1,22002E+19;12;0;54;0;2020;2;18;6;3;5;3;2;1;1;0;0;0;0;773049,6763;5820477,083;13,02010709;52,46604786;0
656;1,22003E+19;12;0;54;0;2020;3;9;6;3;4;2;0;0;1;0;0;0;0;778792,2576;5809395,963;13,09519178;52,36377999;0
657;1,22002E+19;12;0;73;8;2020;2;17;3;2;5;3;0;0;0;0;1;0;1;838861,228;5887157,104;14,05420515;53,02636329;0
658;1,22002E+19;12;0;64;336;2020;2;7;2;3;5;3;1;1;1;0;0;0;0;817151,3096;5829356,136;13,67568344;52,52179752;1
659;1,22002E+19;12;0;72;240;2020;2;23;5;3;8;1;2;0;1;0;0;0;0;787019,4654;5804368,608;13,21140009;52,31445982;1
660;1,22002E+19;12;0;68;353;2020;2;7;3;3;8;1;1;0;1;0;0;0;0;762972,2706;5890920,798;12,92869826;53,10279593;1
661;1,22002E+19;12;0;63;186;2020;2;12;3;3;8;7;0;0;0;0;0;1;0;745483,6047;5831409,118;12,62325219;52,5772183;0
662;1,22003E+19;12;0;73;578;2020;3;6;4;3;5;3;0;0;1;0;0;0;0;832882,6046;5909675,126;13,98876071;53,23176873;0
663;1,22002E+19;12;0;69;485;2020;2;18;3;2;2;6;2;0;1;0;0;0;1;746048,622;5769194;12,58613743;52,01872809;1
664;1,22003E+19;12;0;73;440;2020;3;7;2;3;2;6;0;0;1;0;0;0;0;841356,4581;5892614,946;14,09703969;53,07364733;1
665;1,22002E+19;12;0;67;144;2020;2;7;7;3;3;6;2;1;1;0;0;0;0;845586,9003;5810950,234;14,07416882;52,33970225;1
666;1,22003E+19;12;0;60;20;2020;3;17;7;2;5;3;0;1;1;0;0;0;0;807265,6342;5846080,65;13,54596731;52,67734002;0
667;1,22002E+19;12;0;51;0;2020;2;10;3;3;5;2;0;0;1;0;0;0;0;740117,0041;5814849,068;12,53226322;52,4310195;0
668;1,22002E+19;12;0;68;320;2020;2;7;3;3;2;6;0;0;1;0;0;0;0;754826,0046;5865000,934;12,78687493;52,87425328;1
669;1,22002E+19;12;0;64;136;2020;2;6;6;3;6;4;2;0;1;1;0;0;0;821729,8471;5832178,424;13,7456654;52,54440147;0
670;1,22002E+19;12;0;69;17;2020;2;20;4;2;4;6;2;0;1;0;1;0;0;769545,5496;5788511,834;12,94304126;52,18109105;0
671;1,22003E+19;12;0;63;252;2020;3;16;4;3;5;3;0;1;1;0;0;0;0;725982,4405;5834452,388;12,338053;52,61298197;0
672;1,22003E+19;12;0;72;120;2020;3;8;3;3;2;6;0;0;1;0;0;0;0;794420,6892;5812044,827;13,32639161;52,37935919;0
673;1,22002E+19;12;0;54;0;2020;2;12;5;3;0;7;0;0;1;0;0;0;1;774667,0008;5812495,512;13,03729854;52,39365893;1
674;1,22003E+19;12;0;61;492;2020;3;20;5;3;8;1;2;0;0;0;0;1;1;818023,9642;5784921,979;13,64651418;52,12313161;0
675;1,22003E+19;12;0;60;24;2020;3;19;7;2;8;1;2;0;0;0;1;0;0;813717,3545;5856684,776;13,65120176;52,76866221;0
676;1,22003E+19;12;0;71;164;2020;3;16;6;3;5;3;0;0;1;0;0;0;0;860073,5876;5752645,871;14,22445977;51,80839337;0
677;1,22002E+19;12;0;62;289;2020;2;16;3;2;5;3;0;0;1;0;0;0;0;804512,8093;5747697,426;13,41678125;51,79705121;0
678;1,22002E+19;12;0;72;340;2020;2;16;2;3;2;6;0;0;1;0;0;0;0;804287,2308;5802199,206;13,46199913;52,28572324;0
679;1,22003E+19;12;0;73;452;2020;3;15;2;3;5;2;0;1;1;0;0;0;0;823792,0693;5918482,43;13,86203218;53,31626845;0
680;1,22002E+19;12;0;62;469;2020;2;17;3;1;4;1;2;0;1;0;0;0;1;821142,2898;5737672,5;13,64789693;51,69791715;0
681;1,22003E+19;12;0;61;260;2020;3;17;1;2;3;6;0;0;1;0;0;0;0;820608,0167;5807353,169;13,70537565;52,32263307;0
682;1,22002E+19;12;0;67;124;2020;2;10;6;3;2;6;0;0;1;0;0;0;0;823131,5226;5818650,441;13,75315233;52,42237236;0
683;1,22003E+19;12;0;64;472;2020;3;19;6;3;5;2;2;1;1;0;0;0;0;827862,9573;5831242,875;13,83486185;52,53236532;0
684;1,22002E+19;12;0;64;44;2020;2;7;3;3;9;7;1;0;1;0;0;0;0;841222,7101;5864797,788;14,06579072;52,8246534;0
685;1,22002E+19;12;0;62;232;2020;2;18;1;3;7;7;2;0;1;0;0;0;0;821348,6547;5704485,126;13,62057852;51,40036695;1
686;1,22002E+19;12;0;52;0;2020;2;8;5;3;5;2;0;1;0;0;0;0;1;869296,7957;5747063,271;14,35172754;51,75240768;0
687;1,22003E+19;12;0;63;273;2020;3;16;2;2;0;1;0;0;0;0;1;0;0;779004,4565;5836754,717;13,12120405;52,60900006;0
688;1,22003E+19;12;0;70;280;2020;3;13;3;3;8;6;0;0;0;0;0;1;1;715053,7928;5907249,056;12,22517634;53,27080284;1
689;1,22002E+19;12;0;54;0;2020;2;16;4;3;0;1;0;1;0;0;0;0;0;776872,3463;5813615,239;13,07055167;52,40258995;1
690;1,22003E+19;12;0;73;458;2020;3;6;4;3;5;2;0;0;0;0;0;1;1;835882,749;5917905,428;14,04221801;53,30357804;0
691;1,22003E+19;12;0;51;0;2020;3;14;5;2;5;3;0;1;0;0;0;1;0;743321,2929;5812193,304;12,57736954;52,4057738;0
692;1,22002E+19;12;0;73;532;2020;2;16;3;2;2;7;0;0;1;0;0;0;0;845924,5262;5898442,337;14,17121669;53,1228825;1
693;1,22003E+19;12;0;69;632;2020;3;8;3;3;2;6;0;0;1;0;0;0;0;766076,5412;5780407,941;12,88607983;52,11008242;1
694;1,22003E+19;12;0;60;269;2020;3;13;3;3;5;3;0;0;1;0;0;0;0;801210,374;5853438,128;13,46341675;52,74667982;1
695;1,22002E+19;12;0;64;136;2020;2;9;5;3;2;6;0;0;1;0;0;1;0;822223,6922;5827219,879;13,74811949;52,49968484;0
696;1,22003E+19;12;0;69;656;2020;3;5;4;3;8;1;1;0;1;0;0;0;0;761209,6309;5811879,452;12,83950442;52,39471673;0
697;1,22003E+19;12;0;72;2;2020;3;15;6;3;2;6;0;0;1;0;0;0;1;799458,6051;5781569,85;13,37319874;52,1034452;0
698;1,22003E+19;12;0;68;320;2020;3;5;6;3;5;3;2;1;1;0;0;0;0;755926,4454;5871527,637;12,80832616;52,93227403;1
699;1,22002E+19;12;0;60;198;2020;2;11;3;3;2;2;0;0;1;0;0;0;0;814454,132;5865969,505;13,67101346;52,85142426;1
700;1,22003E+19;12;0;70;316;2020;3;6;4;2;0;1;2;1;0;0;0;0;0;711659,7327;5893113,216;12,16498942;53,14529361;1
701;1,22002E+19;12;0;60;5;2020;2;12;2;2;7;7;0;1;0;0;0;0;0;811549,6874;5837304,078;13,60085229;52,59624943;1
702;1,22003E+19;12;0;69;216;2020;3;16;1;2;8;1;0;0;0;0;1;0;0;745574,3173;5795528,845;12,59825408;52,25524336;0
703;1,22002E+19;12;0;64;480;2020;2;11;3;2;9;1;0;0;1;0;0;0;0;871166,1148;5817001,254;14,45464638;52,37716569;0
704;1,22002E+19;12;0;69;306;2020;2;15;7;2;6;4;0;0;0;1;0;1;0;744936,0031;5806124,832;12,59662641;52,35060355;0
705;1,22002E+19;12;0;68;306;2020;2;19;6;2;5;3;2;0;1;0;0;0;0;751714,7075;5870908,391;12,74532037;52,92870934;0
706;1,22003E+19;12;0;62;92;2020;3;17;7;3;1;7;0;0;1;0;1;0;0;820437,376;5730628,143;13,631275;51,63518792;0
707;1,22003E+19;12;0;61;433;2020;3;13;5;3;2;6;0;0;1;0;0;0;0;807739,7072;5814385,897;13,52361042;52,39302513;0
708;1,22002E+19;12;0;69;89;2020;2;5;7;3;9;7;2;0;1;0;0;0;0;728049,5438;5795745,607;12,34211207;52,2647303;0
709;1,22002E+19;12;0;70;173;2020;2;11;5;3;9;1;0;0;1;0;0;0;0;673677,6666;5900392,058;11,60170087;53,22439122;1
710;1,22002E+19;12;0;72;120;2020;2;13;2;3;2;6;0;0;1;0;0;0;0;794143,1696;5812252,697;13,32250849;52,38137172;1
711;1,22003E+19;12;0;60;280;2020;3;16;2;3;2;6;0;0;0;0;0;1;1;820403,9936;5841606,364;13,73529695;52,62965143;0
712;1,22003E+19;12;0;60;52;2020;3;15;2;3;2;6;0;0;1;0;0;0;0;824238,7735;5864724,777;13,81457045;52,83447656;0
713;1,22002E+19;12;0;65;225;2020;2;15;4;3;5;2;0;1;1;0;0;0;0;795997,2676;5843671,696;13,37763012;52,66201575;1
714;1,22003E+19;12;0;67;24;2020;3;16;4;2;3;6;0;1;0;0;0;0;0;845232,0451;5805803,802;14,06370412;52,2938376;0
715;1,22003E+19;12;0;68;264;2020;3;14;5;3;5;3;0;0;1;0;0;0;0;729450,5441;5871814,506;12,41536103;52,9468127;0
716;1,22002E+19;12;0;67;173;2020;2;7;3;3;2;6;1;0;1;0;0;0;0;822168,4286;5814654,987;13,73519513;52,38714247;1
717;1,22003E+19;12;0;65;256;2020;3;14;3;3;5;3;0;0;1;0;0;1;0;782103,819;5851148,179;13,17917126;52,73645317;0
718;1,22002E+19;12;0;60;181;2020;2;13;1;2;8;1;0;0;1;0;0;0;0;805198,5775;5839414,974;13,50932716;52,61876907;0
719;1,22002E+19;12;0;66;52;2020;2;14;7;3;7;7;0;0;1;0;0;0;0;841178,3122;5746173,035;13,94507401;51,76225418;0
720;1,22003E+19;12;0;69;345;2020;3;13;7;3;3;6;0;0;1;0;0;0;1;757576,5632;5783706,836;12,76472807;52,14370053;0
721;1,22002E+19;12;0;62;24;2020;2;8;6;2;2;6;0;0;1;0;0;0;0;805052,9017;5718140,557;13,39880445;51,53178542;1
722;1,22002E+19;12;0;52;0;2020;2;19;5;3;3;2;2;1;1;0;0;0;0;867540,6135;5748280,59;14,32768245;51,76445959;0
723;1,22003E+19;12;0;70;52;2020;3;18;6;3;8;1;0;0;1;0;0;0;0;686761,707;5875757,462;11,78312577;52,99877017;0
724;1,22003E+19;12;0;69;616;2020;3;15;4;3;5;3;0;0;1;0;0;0;0;791190,4861;5813675,281;13,28048586;52,39570246;0
725;1,22002E+19;12;0;68;468;2020;2;11;1;3;8;7;0;0;1;0;0;0;0;730706,2093;5900174,242;12,45434429;53,2007484;0
726;1,22002E+19;12;0;66;296;2020;2;15;1;3;3;6;0;0;1;0;0;0;0;837635,107;5713051,154;13,8620341;51,46766281;0
727;1,22003E+19;12;0;60;36;2020;3;22;1;3;9;1;2;0;1;0;0;0;0;823530,6058;5868910,197;13,80824642;52,87239495;0
728;1,22002E+19;12;0;65;144;2020;2;10;7;3;5;3;0;1;1;0;0;0;0;791895,9674;5844339,772;13,31775429;52,67022685;0
729;1,22002E+19;12;0;54;0;2020;2;11;5;3;1;2;0;0;1;0;0;0;0;775398,272;5812796,614;13,04826582;52,395992;0
730;1,22003E+19;12;0;62;445;2020;3;18;6;1;8;1;0;0;1;0;0;0;0;800671,9587;5743634,254;13,35772962;51,76270066;0
731;1,22003E+19;12;0;64;29;2020;3;12;5;3;5;3;0;0;1;0;0;1;0;824174,4859;5833870,809;13,78324103;52,55811436;0
732;1,22002E+19;12;0;60;52;2020;2;10;7;3;2;6;0;0;1;0;0;0;0;824739,0459;5864592,749;13,82183898;52,83299284;0
733;1,22002E+19;12;0;66;104;2020;2;14;4;2;9;1;0;0;1;0;0;0;0;826982,1253;5704896,99;13,70166942;51,40084105;0
734;1,22003E+19;12;0;68;320;2020;3;11;2;3;2;2;0;0;1;0;0;0;0;755584,661;5868878,642;12,80116804;52,90867594;0
735;1,22003E+19;12;0;63;293;2020;3;16;1;2;5;3;0;0;1;0;0;0;0;734151,381;5836391,751;12,45985726;52,6269263;0
736;1,22002E+19;12;0;69;616;2020;2;5;3;3;7;7;2;0;0;0;1;0;0;790084,61;5812371,297;13,26314993;52,38459845;1
737;1,22003E+19;12;0;66;168;2020;3;15;3;3;0;1;0;0;0;0;0;1;0;833521,6989;5706224,773;13,79659886;51,40893418;0
738;1,22003E+19;12;0;54;0;2020;3;14;4;3;5;3;0;0;0;0;1;0;1;778970,4449;5809054,337;13,09751804;52,36062587;0
739;1,22002E+19;12;0;65;356;2020;2;17;3;2;6;2;2;0;1;1;0;0;0;790677,1558;5878443,086;13,3301217;52,97659021;1
740;1,22003E+19;12;0;63;260;2020;3;16;2;3;7;7;0;0;0;0;1;0;0;723603,4999;5848115,414;12,31224838;52,736591;0
741;1,22002E+19;12;0;63;208;2020;2;13;7;2;8;1;0;0;0;0;1;0;0;774065,4052;5835310,225;13,04725247;52,59855947;0