OBJECTID;UIDENTSTLAE;ULAND;UREGBEZ;UKREIS;UGEMEINDE;UJAHR;UMONAT;USTUNDE;UWOCHENTAG;UKATEGORIE;UART;UTYP1;ULICHTVERH;IstRad;IstPKW;IstFuss;IstKrad;IstGkfz;IstSonstige;LINREFX;LINREFY;XGCSWGS84;YGCSWGS84;STRZUSTAND
742;1,22002E+19;12;0;73;603;2020;2;13;7;3;2;6;0;0;1;0;0;0;0;841230,7272;5899774,498;14,10277193;53,13783181;0
743;1,22003E+19;12;0;60;100;2020;3;11;7;3;2;2;0;0;1;0;0;0;0;819054,1317;5878743,01;13,75162304;52,96315503;0
744;1,22002E+19;12;0;60;20;2020;2;14;4;3;6;2;0;0;1;1;0;0;0;810245,8743;5846740,925;13,590528;52,68155995;0
745;1,22002E+19;12;0;73;69;2020;2;7;6;2;4;1;1;0;1;0;0;0;0;814215,6268;5908158,72;13,70857808;53,2295479;1
746;1,22002E+19;12;0;64;428;2020;2;11;5;3;0;6;0;0;0;0;1;0;1;822380,244;5823725,607;13,74703889;52,46828606;0
747;1,22003E+19;12;0;67;336;2020;3;8;5;3;5;3;0;1;0;0;0;0;1;870133,4547;5803371,3;14,42456427;52,25587483;0
748;1,22003E+19;12;0;52;0;2020;3;7;4;3;1;6;0;0;1;0;0;0;0;867938,8932;5746168,079;14,33119502;51,74528626;1
749;1,22002E+19;12;0;72;240;2020;2;9;5;2;3;6;0;0;0;0;0;1;1;786353,0242;5802960,77;13,20045299;52,30218452;0
750;1,22003E+19;12;0;72;232;2020;3;9;7;2;8;1;0;0;1;0;0;0;0;784400,9557;5775439,207;13,14883375;52,05641321;0
751;1,22003E+19;12;0;72;477;2020;3;15;6;3;2;6;0;0;1;0;0;0;0;798448,7192;5798700,91;13,37356438;52,25756316;1
752;1,22002E+19;12;0;68;320;2020;2;16;3;3;5;2;0;1;1;0;0;0;0;758075,6903;5873720,276;12,84197428;52,95091227;0
753;1,22002E+19;12;0;70;173;2020;2;10;3;3;5;3;0;0;1;0;0;0;0;685015,6734;5891888,698;11,76641318;53,14421626;1
754;1,22002E+19;12;0;61;540;2020;2;12;6;3;0;3;0;0;1;0;0;0;1;815747,8631;5805940,964;13,63297635;52,31279382;0
755;1,22002E+19;12;0;72;169;2020;2;22;2;3;8;6;2;0;1;1;0;0;0;781396,5884;5774954,281;13,10472919;52,05359756;1
756;1,22003E+19;12;0;64;29;2020;3;15;1;2;3;6;0;0;1;0;0;0;0;816787,2728;5832804,885;13,67362332;52,55291071;0
757;1,22003E+19;12;0;65;256;2020;3;19;1;3;5;2;2;0;1;0;0;0;0;783017,2016;5852557,592;13,19387803;52,7486126;1
758;1,22002E+19;12;0;63;189;2020;2;12;2;3;5;2;0;1;1;0;0;0;0;724665,3983;5824353,758;12,31179217;52,52289265;0
759;1,22002E+19;12;0;62;289;2020;2;10;3;3;9;1;0;0;1;0;0;0;0;804152,404;5747877,19;13,41172808;51,79885871;1
760;1,22003E+19;12;0;67;426;2020;3;16;3;3;8;6;0;0;0;0;0;1;1;853682,1851;5798603,281;14,1795667;52,22399644;0
761;1,22003E+19;12;0;60;52;2020;3;7;4;2;5;3;0;0;1;0;0;0;0;824855,9559;5866678,49;13,8256439;52,85160606;0
762;1,22002E+19;12;0;63;252;2020;2;6;2;3;2;6;2;0;1;0;0;0;0;723295,0595;5831476,319;12,296421;52,58738243;1
763;1,22003E+19;12;0;64;336;2020;3;18;2;2;2;6;2;0;1;0;0;0;0;818185,7108;5827086,889;13,68870868;52,5008624;0
764;1,22002E+19;12;0;72;477;2020;2;1;6;1;8;1;2;0;1;0;0;0;0;807260,944;5782993,35;13,48805168;52,11192868;1
765;1,22003E+19;12;0;63;212;2020;3;10;6;2;9;1;0;0;1;0;0;0;0;736789,0904;5835096,256;12,49782597;52,61415787;1
766;1,22002E+19;12;0;61;433;2020;2;22;3;3;2;6;2;0;1;0;0;0;1;809007,008;5813037,842;13,54093328;52,38023036;0
767;1,22002E+19;12;0;52;0;2020;2;8;2;3;1;6;0;0;1;0;0;0;0;867634,93;5747455,779;14,32817152;51,75701367;1
768;1,22002E+19;12;0;67;201;2020;2;16;6;3;2;6;0;0;1;0;0;0;0;832755,0066;5817157,931;13,89267482;52,40323752;1
769;1,22002E+19;12;0;67;120;2020;2;11;4;3;6;4;0;0;1;1;0;0;0;885542,6718;5790838,146;14,63499108;52,13317047;0
770;1,22003E+19;12;0;51;0;2020;3;10;4;3;1;6;0;0;1;0;0;0;0;741335,1791;5811499,816;12,54773042;52,40043028;0
771;1,22003E+19;12;0;52;0;2020;3;8;3;3;2;6;0;0;1;0;0;1;0;868043,7153;5746593,151;14,33315613;51,74902289;1
772;1,22002E+19;12;0;51;0;2020;2;12;5;1;6;4;0;0;1;1;0;0;0;739674,3426;5809242,498;12,52175114;52,38090409;1
773;1,22003E+19;12;0;67;408;2020;3;14;5;1;2;6;0;0;0;0;0;1;0;844436,112;5810100,51;14,05647336;52,33281583;0
774;1,22003E+19;12;0;65;136;2020;3;15;7;3;5;3;0;1;1;0;0;0;0;784469,7435;5838570,535;13,20326011;52,62244763;0
775;1,22003E+19;12;0;60;20;2020;3;18;6;3;2;6;2;0;1;0;0;0;0;809838,0808;5845449,159;13,58330092;52,67021744;1
776;1,22002E+19;12;0;61;20;2020;2;12;2;3;2;6;0;0;1;0;0;0;0;816406,0112;5798157,483;13,63530076;52,24266702;1
777;1,22002E+19;12;0;61;329;2020;2;0;2;2;9;1;2;0;1;0;0;0;0;847240,1049;5774449,978;14,06100772;52,01178668;0
778;1,22003E+19;12;0;65;332;2020;3;15;2;3;2;6;0;0;1;0;0;0;0;782101,5994;5844869,151;13,17375372;52,68015669;0
779;1,22002E+19;12;0;61;540;2020;2;15;2;3;0;3;0;1;1;0;0;0;0;815744,4079;5805945,144;13,63292976;52,31283326;0
780;1,22003E+19;12;0;73;645;2020;3;13;1;3;9;1;0;0;1;0;0;0;0;836578,7432;5905603,325;14,03962826;53,1929814;0
781;1,22002E+19;12;0;67;144;2020;2;5;6;3;5;3;2;1;1;0;0;0;0;844681,4223;5812716,405;14,06274149;52,35608815;1
782;1,22003E+19;12;0;65;332;2020;3;0;6;2;5;3;2;1;0;0;0;0;1;782366,094;5845123,52;13,17787366;52,68229967;0
783;1,22003E+19;12;0;72;232;2020;3;10;2;3;2;6;0;0;1;0;0;0;0;786093,9804;5779292,794;13,17668975;52,09009714;0
784;1,22002E+19;12;0;73;452;2020;2;16;2;3;5;3;1;1;1;0;0;0;0;823785,4753;5918305,909;13,86175347;53,31469144;1
785;1,22003E+19;12;0;70;296;2020;3;6;2;3;2;6;0;0;1;0;0;0;0;689388,2952;5887523,755;11,82913118;53,1034908;1
786;1,22002E+19;12;0;71;392;2020;2;15;6;3;5;3;0;0;1;0;0;0;0;888953,1001;5728600,705;14,61461519;51,57391556;1
787;1,22003E+19;12;0;73;430;2020;3;15;6;3;8;1;0;0;1;0;0;0;0;827443,1184;5899721,866;13,89737881;53,14600365;2
788;1,22002E+19;12;0;60;20;2020;2;9;3;3;8;1;0;0;1;0;0;0;0;808979,3013;5840427,064;13,56594155;52,62570242;0
789;1,22002E+19;12;0;69;17;2020;2;21;1;3;8;1;2;0;1;0;0;0;0;776685,6985;5791367,529;13,04954228;52,20316849;1
790;1,22002E+19;12;0;61;260;2020;2;14;5;3;8;7;0;0;1;0;0;0;0;820472,611;5807311,594;13,70335606;52,32233957;0
791;1,22002E+19;12;0;61;260;2020;2;15;3;3;6;4;0;0;1;1;0;0;0;817634,209;5799622,522;13,6546062;52,25508823;0
792;1,22003E+19;12;0;65;144;2020;3;17;3;2;9;1;0;0;0;0;1;0;0;786987,0334;5840393,598;13,24192775;52,63746815;0
793;1,22003E+19;12;0;64;408;2020;3;12;3;3;0;1;0;0;0;0;1;0;0;831813,9932;5828884,657;13,89054484;52,50885148;1
794;1,22002E+19;12;0;65;251;2020;2;15;5;3;3;6;0;0;1;0;0;0;0;776377,5073;5847394,989;13,09142224;52,70575427;0
795;1,22003E+19;12;0;72;340;2020;3;17;4;3;5;3;0;1;1;0;0;0;0;804569,5104;5801274,667;13,46529007;52,27728015;0
796;1,22003E+19;12;0;67;440;2020;3;16;6;3;2;6;0;0;1;0;0;0;0;820519,1668;5824158,531;13,72015176;52,47325984;0
797;1,22003E+19;12;0;72;120;2020;3;17;5;2;7;7;0;1;0;0;0;0;1;795992,9622;5814568,262;13,35165179;52,4011335;0
798;1,22002E+19;12;0;60;181;2020;2;18;2;2;4;6;2;0;1;0;0;0;0;808149,2523;5844284,59;13,55731703;52,66074327;1
799;1,22003E+19;12;0;72;240;2020;3;14;3;3;0;7;0;1;0;0;0;0;0;790144,0097;5803287,327;13,25617813;52,30312404;1
800;1,22002E+19;12;0;65;96;2020;2;21;2;3;5;3;2;0;1;0;1;0;0;791828,737;5840349,128;13,31323442;52,63448908;0
801;1,22003E+19;12;0;66;176;2020;3;19;1;3;7;7;2;0;1;0;0;0;0;832283,7778;5718890,981;13,79075999;51,5231548;0
802;1,22002E+19;12;0;64;336;2020;2;16;2;3;5;3;0;1;1;0;0;0;0;818945,275;5829520,261;13,70219229;52,52222181;0
803;1,22002E+19;12;0;63;357;2020;2;5;7;2;8;1;2;0;1;0;0;0;0;765663,446;5830405,529;12,91956651;52,55873977;1
804;1,22002E+19;12;0;63;189;2020;2;13;5;3;4;6;0;0;1;0;0;0;1;724839,0251;5823068,515;12,31347812;52,51128585;0
805;1,22003E+19;12;0;60;198;2020;3;17;7;2;4;2;0;0;1;0;1;0;0;814015,5395;5866060,857;13,66460994;52,8524985;0
806;1,22003E+19;12;0;71;301;2020;3;15;5;3;2;6;0;0;1;0;0;0;1;877568,0468;5743097,563;14,46671282;51,71140517;0
807;1,22002E+19;12;0;72;298;2020;2;8;7;2;8;1;0;0;1;0;0;0;0;795259,0732;5757887,563;13,29166866;51,89337532;0
808;1,22002E+19;12;0;63;80;2020;2;16;4;3;5;3;0;1;1;0;0;0;0;779613,6186;5831390,2;13,12564979;52,5605849;0
809;1,22003E+19;12;0;64;408;2020;3;11;2;3;5;3;0;0;1;0;0;0;0;832765,0715;5831444,153;13,9070668;52,53119819;0
810;1,22003E+19;12;0;60;181;2020;3;9;2;3;5;3;0;0;1;0;1;0;0;806355,5981;5842584,188;13,52930227;52,64652023;1
811;1,22002E+19;12;0;68;264;2020;2;18;4;3;5;3;2;0;1;0;0;0;0;728702,0498;5871144,718;12,40376892;52,94112165;1
812;1,22003E+19;12;0;68;117;2020;3;14;4;3;5;3;0;0;1;0;0;0;0;754372,2302;5861002,003;12,7770277;52,83859713;0
813;1,22002E+19;12;0;67;144;2020;2;7;1;3;6;4;2;0;0;1;0;0;1;844570,362;5813153,894;14,0615659;52,36007576;0
814;1,22002E+19;12;0;64;190;2020;2;23;5;3;8;1;2;0;1;0;0;0;0;862947,4948;5836786,364;14,35595829;52,55976652;1
815;1,22003E+19;12;0;62;24;2020;3;18;2;3;0;6;0;0;1;0;1;0;0;805035,1157;5716208,244;13,39687685;51,51447147;0
816;1,22003E+19;12;0;68;320;2020;3;16;3;3;0;1;0;1;0;0;0;0;0;756774,7413;5870963,057;12,82047214;52,9268052;1
817;1,22002E+19;12;0;60;20;2020;2;16;4;3;9;1;0;0;1;0;0;0;0;808037,6616;5847568,367;13,55874103;52,69023412;2
818;1,22003E+19;12;0;60;181;2020;3;13;4;2;5;3;0;0;1;0;1;0;0;807428,3331;5843764,81;13,54620741;52,65649413;0
819;1,22003E+19;12;0;62;469;2020;3;8;5;2;5;2;0;0;1;0;0;0;1;819505,1;5736640,161;13,62334039;51,68959891;0
820;1,22002E+19;12;0;70;316;2020;2;5;2;3;2;6;2;0;1;0;0;1;0;721432,3069;5896947,416;12,3135111;53,17573217;1
821;1,22003E+19;12;0;62;140;2020;3;12;3;3;5;3;0;1;1;0;0;0;0;825894,7504;5730000,716;13,70928227;51,62643266;1
822;1,22002E+19;12;0;63;80;2020;2;20;7;3;5;3;2;0;1;0;0;0;0;780845,0714;5830926,745;13,14337593;52,55579551;0
823;1,22002E+19;12;0;64;44;2020;2;12;1;3;5;3;0;0;1;0;0;0;1;845244,2097;5871867,458;14,13271652;52,88539421;1
824;1,22003E+19;12;0;64;125;2020;3;13;1;2;5;3;0;0;1;0;0;0;0;835871,126;5856391,965;13,9780497;52,75273145;0
825;1,22002E+19;12;0;68;477;2020;2;5;7;2;9;1;2;0;1;0;0;0;0;742347,9191;5859100,604;12,5974675;52,82707913;1
826;1,22002E+19;12;0;63;36;2020;2;6;2;3;5;3;2;0;1;0;0;0;0;770125,297;5833458,32;12,98771111;52,58392295;1
827;1,22002E+19;12;0;66;196;2020;2;9;5;3;2;6;0;0;1;0;0;0;0;839628,322;5757525,492;13,93381819;51,86489064;0
828;1,22003E+19;12;0;60;5;2020;3;11;6;2;5;2;0;1;1;0;0;0;0;810997,3914;5836261,943;13,59174632;52,58722679;0
829;1,22003E+19;12;0;65;96;2020;3;10;5;3;5;3;0;1;1;0;0;0;0;791907,8987;5840534,974;13,31456502;52,63611255;1
830;1,22002E+19;12;0;70;125;2020;2;6;7;3;9;1;1;0;1;0;0;0;0;706366,9118;5896982,555;12,08846677;53,18210101;1
831;1,22002E+19;12;0;62;224;2020;2;8;4;3;5;3;0;0;1;0;0;0;1;792799,0051;5731542,103;13,23381228;51,65844284;1
832;1,22002E+19;12;0;51;0;2020;2;9;2;3;2;6;0;0;1;0;0;0;1;741413,3269;5811424,577;12,5488226;52,3997207;0
833;1,22003E+19;12;0;72;17;2020;3;19;1;3;2;6;2;0;1;0;0;0;1;803175,443;5804909,591;13,44818773;52,31063158;0
834;1,22003E+19;12;0;62;224;2020;3;8;1;2;5;3;0;0;1;0;0;0;0;797670,8896;5734144,26;13,30626203;51,67921649;0
835;1,22002E+19;12;0;61;308;2020;2;8;3;3;4;6;0;0;1;0;0;0;0;862699,6316;5772214,963;14,28295345;51,98190032;0
836;1,22003E+19;12;0;64;380;2020;3;10;3;2;5;3;0;1;1;0;0;0;0;823666,333;5830043,227;13,77204306;52,5241256;0
837;1,22003E+19;12;0;61;316;2020;3;13;4;2;1;5;0;0;1;0;1;0;0;833063,9262;5767259,791;13,84823196;51,95605424;0
838;1,22002E+19;12;0;65;36;2020;2;14;2;3;9;1;0;0;1;0;0;0;0;793623,2948;5849342,504;13,34768627;52,71413915;1
839;1,22003E+19;12;0;52;0;2020;3;12;2;3;2;2;0;0;1;0;0;0;0;867501,036;5745187,968;14,32384599;51,73679886;0
840;1,22002E+19;12;0;67;201;2020;2;11;7;3;8;1;0;0;1;0;0;0;0;829273,0849;5820770,548;13,84523248;52,43770444;0
841;1,22003E+19;12;0;60;52;2020;3;15;7;2;5;3;0;0;1;0;0;0;0;824856,9576;5866683,231;13,82566344;52,85164793;0
842;1,22002E+19;12;0;69;616;2020;2;12;3;2;6;4;0;0;1;1;0;0;0;790840,3625;5813847,416;13,27550404;52,39743173;1
843;1,22002E+19;12;0;70;244;2020;2;9;3;3;9;1;0;0;1;0;0;0;0;667277,298;5887766,082;11,49932394;53,1130559;0
844;1,22005E+19;12;0;69;665;2020;5;9;3;3;4;3;0;0;1;0;0;0;0;737830,1918;5785145,827;12,47772261;52,16546693;0
845;1,22004E+19;12;0;64;428;2020;4;16;2;3;2;6;0;0;1;0;0;0;0;824534,6603;5826797,293;13,78163265;52,49452973;0
846;1,22004E+19;12;0;65;225;2020;4;18;1;3;5;3;0;1;0;0;1;0;0;792529,7863;5843416,201;13,32628153;52,66160621;0
847;1,22004E+19;12;0;64;336;2020;4;21;6;3;5;3;2;0;1;0;0;0;0;818160,1035;5827084,852;13,68833076;52,50085908;0
848;1,22005E+19;12;0;69;397;2020;5;13;2;3;4;2;0;0;1;0;0;0;0;776948,9014;5803633,03;13,0634412;52,31303336;1
849;1,22004E+19;12;0;72;120;2020;4;16;7;2;5;2;0;0;1;0;1;0;0;791956,6648;5802596,572;13,28208955;52,29597119;0
850;1,22004E+19;12;0;72;312;2020;4;18;7;2;8;1;0;0;0;0;1;0;0;782432,6034;5784068,242;13,12734747;52,13480041;0
851;1,22005E+19;12;0;72;426;2020;5;11;2;3;2;6;0;0;0;0;0;0;1;788651,3431;5793450,434;13,22593989;52,21571207;0
852;1,22005E+19;12;0;53;0;2020;5;15;4;2;2;6;0;0;0;0;0;1;0;871658,4629;5810724,016;14,45490577;52,32065333;0
853;1,22004E+19;12;0;54;0;2020;4;11;7;3;5;3;0;1;0;0;0;0;1;775622,3173;5816543,526;13,05463569;52,42948093;0
854;1,22005E+19;12;0;72;477;2020;5;14;7;3;2;6;0;0;1;0;0;0;0;798459,7671;5798688,767;13,37371504;52,25744832;0
855;1,22004E+19;12;0;60;5;2020;4;12;5;3;5;2;0;1;1;0;0;0;0;806595,776;5838261,765;13,52883216;52,6076476;0
856;1,22005E+19;12;0;73;532;2020;5;22;1;3;7;7;2;0;1;0;0;0;0;854916,9779;5897790,811;14,30430288;53,11114773;0
857;1,22004E+19;12;0;61;433;2020;4;17;7;3;5;3;0;0;1;0;1;0;0;806482,2864;5807671,582;13,4990597;52,33355209;0
858;1,22005E+19;12;0;67;481;2020;5;13;2;2;5;2;0;0;1;0;0;0;0;837870,7658;5802877,89;13,9532443;52,2722032;0
859;1,22005E+19;12;0;60;250;2020;5;16;7;2;8;1;0;0;1;0;0;0;0;816493,1534;5849178,591;13,68497492;52,69979066;1
860;1,22005E+19;12;0;73;8;2020;5;14;6;3;4;6;0;0;1;0;0;0;0;839368,0594;5887312,208;14,06189549;53,02743123;0
861;1,22004E+19;12;0;70;125;2020;4;6;3;3;7;7;1;0;1;0;0;0;0;706877,9062;5893002,286;12,09352954;53,14617551;0
862;1,22004E+19;12;0;61;433;2020;4;13;7;3;3;6;0;1;1;0;0;0;0;807343,42;5814213,74;13,51764701;52,39170465;0
863;1,22004E+19;12;0;64;408;2020;4;18;6;3;9;1;0;0;0;0;1;0;0;830737,934;5832542,23;13,87838471;52,54226781;0
864;1,22005E+19;12;0;67;237;2020;5;18;6;2;2;6;0;0;0;0;0;1;0;865259,4786;5810357,019;14,3610381;52,32165981;0
865;1,22005E+19;12;0;69;665;2020;5;12;6;3;0;1;0;0;0;0;1;0;0;733585,3826;5778427,453;12,41115817;52,10698312;0
866;1,22005E+19;12;0;53;0;2020;5;5;6;3;5;3;0;0;1;0;0;0;0;877014,9328;5812117,209;14,53468931;52,32947133;0
867;1,22004E+19;12;0;64;29;2020;4;14;4;3;2;6;0;0;1;0;0;0;0;819164,93;5832136,914;13,70793117;52,54553797;0
868;1,22004E+19;12;0;64;472;2020;4;11;6;3;2;6;0;0;1;0;0;0;0;829419,4948;5834982,658;13,86143509;52,56492713;0
869;1,22005E+19;12;0;60;52;2020;5;15;4;2;3;2;0;1;1;0;0;0;0;824668,3759;5864707,701;13,82090797;52,83406512;0
870;1,22004E+19;12;0;71;304;2020;4;7;7;2;8;7;0;0;1;0;0;0;0;874883,8451;5758427,72;14,44457868;51,85042087;0
871;1,22005E+19;12;0;61;540;2020;5;15;4;3;2;6;0;0;1;0;1;0;0;814111,0464;5807698,539;13,61068408;52,32948229;0
872;1,22005E+19;12;0;64;136;2020;5;20;5;3;9;1;0;0;0;0;0;0;1;822849,8333;5826973,971;13,75707313;52,49711168;0
873;1,22005E+19;12;0;52;0;2020;5;10;2;3;5;2;0;1;1;0;0;0;0;866048,522;5747081,785;14,30489255;51,75470346;1
874;1,22004E+19;12;0;72;53;2020;4;10;6;3;5;3;0;0;1;0;0;0;0;803727,0449;5755626,349;13,41237529;51,8685577;0
875;1,22004E+19;12;0;53;0;2020;4;16;6;3;5;3;0;1;1;0;0;0;0;875379,856;5816215,865;14,51538361;52,36726922;0
876;1,22006E+19;12;0;60;198;2020;6;11;2;3;8;1;0;0;1;0;0;0;0;816571,575;5872329,175;13,70853284;52,9071627;0
877;1,22005E+19;12;0;69;454;2020;5;13;1;3;0;3;0;0;0;0;1;0;1;784319,1072;5806015,054;13,1732837;52,33062719;0
878;1,22004E+19;12;0;73;8;2020;4;14;7;3;5;2;0;0;1;0;1;0;0;834368,181;5886103,469;13,98637838;53,01975172;0
879;1,22005E+19;12;0;65;256;2020;5;17;4;2;6;4;0;0;1;1;0;0;0;786269,1121;5853410,809;13,24266764;52,75455034;0
880;1,22004E+19;12;0;73;579;2020;4;4;7;2;9;1;2;0;1;0;0;0;0;812867,8026;5929274,503;13,70928425;53,41951284;0
881;1,22005E+19;12;0;65;136;2020;5;13;7;3;2;2;0;0;1;0;0;0;0;784613,7559;5837633,933;13,20457571;52,61397483;0
882;1,22004E+19;12;0;61;20;2020;4;15;4;3;2;2;0;0;1;0;0;0;0;815068,3044;5796590,261;13,6143128;52,22938929;0
883;1,22004E+19;12;0;60;92;2020;4;0;7;3;9;7;2;0;1;0;0;0;0;830819,1338;5863004,958;13,91015277;52,81507634;0
884;1,22005E+19;12;0;63;273;2020;5;15;7;2;9;1;0;0;1;0;0;0;0;780629,2699;5835755,843;13,14428931;52,59920719;0
885;1,22004E+19;12;0;64;512;2020;4;9;7;3;5;3;0;1;1;0;0;0;0;846281,7889;5853934,783;14,12909553;52,72416641;0
886;1,22005E+19;12;0;64;227;2020;5;18;1;2;6;4;0;0;0;1;1;0;0;815391,1383;5828681,262;13,64918698;52,51677111;0
887;1,22005E+19;12;0;66;196;2020;5;2;6;3;7;7;2;0;1;0;0;0;0;838424,8027;5753768,213;13,9127293;51,83196329;0
888;1,22005E+19;12;0;65;36;2020;5;13;6;3;2;6;0;0;1;0;1;0;0;789269,6469;5846307,594;13,28075149;52,68927518;0
889;1,22004E+19;12;0;65;198;2020;4;12;7;2;9;1;0;0;1;0;0;0;0;790198,5503;5869349,631;13,31488356;52,89533583;0
890;1,22005E+19;12;0;63;273;2020;5;14;5;3;4;6;0;0;1;0;0;0;0;780388,6235;5838986,928;13,14348438;52,62830292;0
891;1,22005E+19;12;0;64;408;2020;5;20;6;3;7;7;1;0;1;0;0;0;0;833777,8753;5831412,399;13,92191028;52,53029467;0
892;1,22005E+19;12;0;65;251;2020;5;15;1;3;0;7;0;1;0;0;0;0;0;776415,0277;5849778,087;13,09397964;52,72710416;0
893;1,22004E+19;12;0;72;240;2020;4;14;6;3;3;1;0;0;1;0;1;0;0;792266,8712;5805235,108;13,28891512;52,31946161;0
894;1,22005E+19;12;0;69;345;2020;5;14;1;3;1;6;0;0;1;0;1;0;0;758795,9045;5785250,343;12,78368327;52,15697785;0
895;1,22005E+19;12;0;65;100;2020;5;9;7;3;5;3;0;1;1;0;0;0;0;778012,9965;5881146,797;13,14434259;53,00754562;0
896;1,22005E+19;12;0;60;20;2020;5;10;6;3;2;6;0;0;1;0;0;0;0;809151,5277;5845915,952;13,573618;52,67479225;0
897;1,22004E+19;12;0;69;590;2020;4;15;2;3;1;2;0;0;1;0;1;0;0;767378,9206;5802696,122;12,92264808;52,30937179;0
898;1,22004E+19;12;0;54;0;2020;4;10;6;3;2;2;0;0;1;0;1;0;0;775700,064;5815695,516;13,05507728;52,42183699;0
899;1,22005E+19;12;0;65;144;2020;5;9;6;3;2;6;0;0;1;0;0;0;0;788311,2231;5848155,378;13,26822962;52,70635114;0
900;1,22005E+19;12;0;60;100;2020;5;8;6;3;8;1;0;0;1;0;0;0;0;816120,2608;5873892,191;13,7033651;52,92143165;0
901;1,22005E+19;12;0;71;193;2020;5;10;5;3;8;1;0;0;1;0;0;0;0;880152,8496;5760354,5;14,52283893;51,86410496;0
902;1,22004E+19;12;0;71;386;2020;4;11;3;2;5;3;0;1;1;0;0;0;0;872189,8919;5754814,862;14,40175946;51,81988234;0
903;1,22004E+19;12;0;67;144;2020;4;13;6;3;2;6;0;1;1;0;0;0;0;843801,5003;5815407,819;14,05262798;52,38074304;0
904;1,22005E+19;12;0;65;356;2020;5;15;4;3;2;2;0;0;1;0;0;0;0;793722,3096;5884335,69;13,38069399;53,02774792;0
905;1,22004E+19;12;0;61;433;2020;4;14;6;2;3;6;0;0;1;0;0;0;0;809426,7226;5812356,23;13,54645133;52,37388493;0
906;1,22005E+19;12;0;64;428;2020;5;14;4;3;2;6;0;0;1;0;0;0;0;829001,2619;5826389,319;13,8467859;52,48820156;0
907;1,22005E+19;12;0;67;201;2020;5;12;5;2;8;1;0;0;0;0;1;0;0;828237,0185;5815712,319;13,82508581;52,39301349;0
908;1,22005E+19;12;0;65;136;2020;5;18;2;3;9;1;0;0;1;0;0;0;0;784519,224;5839182,544;13,20451583;52,62790886;1
909;1,22004E+19;12;0;71;244;2020;4;14;6;3;5;3;0;1;1;0;0;0;0;859646,736;5746158,754;14,2115793;51,75058195;0
910;1,22004E+19;12;0;65;225;2020;4;15;6;3;2;6;0;0;1;0;0;0;0;792763,391;5843225,323;13,32955623;52,65976912;0
911;1,22006E+19;12;0;67;481;2020;6;21;2;3;3;6;0;1;1;0;0;0;0;836510,8468;5800504,83;13,93102374;52,25178045;0
912;1,22005E+19;12;0;73;189;2020;5;19;1;3;7;7;0;0;1;0;0;0;0;860014,5396;5912706,369;14,39689714;53,24122095;0
913;1,22004E+19;12;0;71;76;2020;4;12;6;3;2;6;0;0;1;0;0;0;0;888780,0358;5745698,446;14,63111563;51,72702896;0
914;1,22005E+19;12;0;66;285;2020;5;11;3;3;9;6;0;0;1;0;0;0;0;841637,0017;5725033,057;13,93104184;51,57260244;0
915;1,22004E+19;12;0;73;572;2020;4;12;6;3;0;1;0;1;0;0;0;0;0;796047,5077;5888453,332;13,41904102;53,0633723;0
916;1,22005E+19;12;0;72;477;2020;5;16;6;3;2;2;0;0;1;0;0;0;0;804376,9638;5793407,881;13,45539473;52,20687397;0
917;1,22004E+19;12;0;60;20;2020;4;8;4;1;4;6;0;0;1;0;0;0;1;810527,2296;5844561,923;13,59262426;52,6618728;0
918;1,22004E+19;12;0;60;5;2020;4;12;6;3;2;6;0;1;0;0;0;0;0;813720,9743;5838865,717;13,63428327;52,60899458;0
919;1,22005E+19;12;0;60;5;2020;5;14;7;3;4;2;0;0;1;0;0;0;0;811364,697;5831971,768;13,59312372;52,54857172;0
920;1,22005E+19;12;0;67;481;2020;5;10;2;3;3;6;0;0;1;0;0;0;0;834979,4449;5803103,086;13,91125001;52,27598807;1
921;1,22005E+19;12;0;61;332;2020;5;17;7;3;5;3;0;1;1;0;0;0;0;811047,781;5789342,804;13,54898319;52,16671977;0
922;1,22004E+19;12;0;72;477;2020;4;17;5;2;9;1;0;0;1;0;0;0;0;800776,9115;5795317,49;13,40456387;52,22596707;0
923;1,22005E+19;12;0;69;17;2020;5;17;5;3;2;6;0;0;1;0;0;0;0;770809,6425;5794873,353;12,96657131;52,23752941;0
924;1,22004E+19;12;0;60;269;2020;4;15;6;3;0;1;0;1;0;0;0;0;0;800051,1986;5845174,074;13,43875798;52,67325473;0
925;1,22005E+19;12;0;61;332;2020;5;13;5;2;0;7;0;1;0;0;0;0;0;812478,3998;5800726,524;13,5803382;52,26793258;0
926;1,22005E+19;12;0;68;320;2020;5;14;6;3;5;3;0;1;1;0;0;0;0;757691,8689;5873762,028;12,8363075;52,95147114;0