OBJECTID;UIDENTSTLAE;ULAND;UREGBEZ;UKREIS;UGEMEINDE;UJAHR;UMONAT;USTUNDE;UWOCHENTAG;UKATEGORIE;UART;UTYP1;ULICHTVERH;IstRad;IstPKW;IstFuss;IstKrad;IstGkfz;IstSonstige;LINREFX;LINREFY;XGCSWGS84;YGCSWGS84;STRZUSTAND
927;1,22005E+19;12;0;66;285;2020;5;8;4;3;2;6;0;0;1;0;0;0;0;839526,557;5721178,044;13,89698161;51,53934022;0
928;1,22004E+19;12;0;69;20;2020;4;14;2;2;2;6;0;0;1;0;0;0;1;748563,9869;5781545,136;12,63171265;52,12843193;0
929;1,22004E+19;12;0;65;198;2020;4;12;6;2;2;6;0;1;0;0;0;0;0;780832,0777;5865836,755;13,17299584;52,86881179;0
930;1,22005E+19;12;0;71;244;2020;5;16;3;2;4;2;0;1;0;0;0;0;1;864547,7095;5743126,184;14,27910206;51,72026621;0
931;1,22004E+19;12;0;63;189;2020;4;10;7;2;3;2;0;0;1;0;0;0;0;724282,4212;5823135,665;12,30533551;52,51211775;0
932;1,22004E+19;12;0;64;227;2020;4;11;6;3;2;6;0;0;1;0;1;0;0;813827,6981;5830154,307;13,62761206;52,53087265;0
933;1,22005E+19;12;0;71;301;2020;5;7;3;3;2;6;0;0;1;0;0;0;0;870266,2827;5738876,012;14,35701892;51,67847582;0
934;1,22005E+19;12;0;72;298;2020;5;17;4;2;4;1;0;0;1;0;1;0;0;784452,6835;5764062,644;13,14014575;51,95436834;0
935;1,22005E+19;12;0;60;192;2020;5;12;1;3;2;2;0;0;1;0;1;0;0;811964,8162;5850520,792;13,61945447;52,71444386;0
936;1,22004E+19;12;0;65;356;2020;4;14;6;3;9;6;0;0;1;0;0;0;0;783368,0393;5880500,043;13,22336869;52,99894218;0
937;1,22004E+19;12;0;68;264;2020;4;17;6;3;0;7;0;1;0;0;0;0;0;730174,7269;5869268,981;12,42431385;52,92366054;0
938;1,22005E+19;12;0;72;240;2020;5;16;1;2;4;6;0;0;1;0;1;0;0;792068,959;5805189,395;13,28597997;52,31915706;0
939;1,22005E+19;12;0;68;353;2020;5;17;5;2;4;6;0;0;1;0;0;0;0;760639,8772;5892067,159;12,89487184;53,11422079;0
940;1,22004E+19;12;0;68;320;2020;4;16;3;3;5;3;0;1;0;0;0;0;1;757696,457;5873762,676;12,83637615;52,95147475;0
941;1,22004E+19;12;0;68;320;2020;4;10;6;1;5;3;0;1;1;0;0;0;0;755029,1188;5870327,873;12,79406308;52,92193913;0
942;1,22005E+19;12;0;70;424;2020;5;13;4;2;5;3;0;0;1;0;0;1;0;682485,4831;5875016,131;11,71906225;52,99358715;0
943;1,22004E+19;12;0;64;317;2020;4;17;6;2;0;1;0;0;0;0;1;0;0;847103,2553;5830459,319;14,11657768;52,51344152;0
944;1,22005E+19;12;0;63;88;2020;5;0;3;3;8;1;2;0;1;0;0;0;0;742296,16;5856108,719;12,59448296;52,8002592;0
945;1,22005E+19;12;0;70;60;2020;5;13;5;3;8;1;0;0;0;0;1;0;0;680837,657;5878013,161;11,69621684;53,02105752;0
946;1,22005E+19;12;0;51;0;2020;5;19;1;3;9;1;0;0;1;0;0;0;0;742749,6268;5813662,997;12,57004852;52,41921496;1
947;1,22004E+19;12;0;60;5;2020;4;13;6;3;2;6;0;0;1;0;0;0;0;810346,1653;5835024,041;13,58100564;52,57650544;0
948;1,22004E+19;12;0;72;312;2020;4;10;5;3;5;2;0;0;1;0;0;0;1;776436,83;5781377,544;13,03778094;52,11369978;0
949;1,22006E+19;12;0;68;353;2020;6;15;2;3;2;3;0;0;0;0;1;0;0;760726,0555;5891180,048;12,89543626;53,10622267;0
950;1,22004E+19;12;0;65;96;2020;4;23;6;3;2;6;2;0;1;0;1;0;0;791371,8578;5840500,529;13,30663603;52,63609166;0
951;1,22005E+19;12;0;60;280;2020;5;15;3;3;5;2;0;1;1;0;0;0;0;820147,3612;5841708,72;13,73161736;52,63071977;0
952;1,22005E+19;12;0;69;656;2020;5;14;6;3;1;6;0;0;1;0;0;0;0;764596,7907;5815095,394;12,89170998;52,42193657;0
953;1,22004E+19;12;0;67;469;2020;4;16;4;3;9;1;0;0;1;0;0;0;0;836574,2981;5808749,153;13,9401774;52,32558723;0
954;1,22004E+19;12;0;65;356;2020;4;16;6;3;0;7;0;1;0;0;0;0;0;791295,1086;5879544,933;13,3402899;52,98613157;0
955;1,22005E+19;12;0;69;604;2020;5;13;6;2;8;1;0;0;0;0;1;0;0;782430,989;5810808,477;13,14967898;52,37458369;0
956;1,22005E+19;12;0;63;186;2020;5;13;1;3;0;1;0;0;0;0;1;0;0;745184,332;5830096,116;12,61787368;52,56557281;1
957;1,22005E+19;12;0;65;198;2020;5;10;7;3;2;6;0;0;1;0;0;0;0;784764,243;5859345,045;13,22559015;52,80854739;0
958;1,22004E+19;12;0;60;20;2020;4;6;5;3;5;3;0;0;1;0;0;0;0;810240,9014;5846752,461;13,59046554;52,68166617;0
959;1,22005E+19;12;0;64;428;2020;5;15;5;3;5;3;0;0;1;0;1;0;0;822304,6804;5824174,528;13,74636401;52,47235269;0
960;1,22004E+19;12;0;72;17;2020;4;16;5;3;5;3;0;1;1;0;0;0;0;799509,7535;5806990,729;13,39642952;52,33129743;0
961;1,22005E+19;12;0;64;29;2020;5;19;5;2;5;3;0;1;1;0;0;0;0;829646,4066;5839666,756;13,86942975;52,60674816;0
962;1,22005E+19;12;0;61;492;2020;5;17;5;3;9;1;0;0;1;0;0;0;0;818010,5875;5784913,875;13,64631187;52,12306668;0
963;1,22005E+19;12;0;67;205;2020;5;4;4;3;7;7;1;0;0;0;0;0;1;872599,5815;5789919,14;14,44575306;52,13381599;0
964;1,22004E+19;12;0;60;24;2020;4;14;2;3;5;3;0;0;1;0;0;0;0;811506,3868;5856310,075;13,61818214;52,76658347;0
965;1,22004E+19;12;0;63;80;2020;4;10;5;2;3;6;0;1;0;0;0;0;0;780794,8428;5830946,648;13,14265384;52,55599987;0
966;1,22005E+19;12;0;65;36;2020;5;14;3;3;5;3;0;1;1;0;0;0;0;788944,8658;5846796,979;13,27638923;52,69383568;1
967;1,22004E+19;12;0;63;244;2020;4;8;7;2;9;1;0;0;1;0;0;0;0;725566,4408;5826310,274;12,32637818;52,54008025;0
968;1,22004E+19;12;0;72;240;2020;4;15;5;2;4;6;0;1;0;1;0;0;0;790921,0319;5802550,083;13,26690568;52,29610346;0
969;1,22005E+19;12;0;53;0;2020;5;5;3;3;2;6;0;0;1;0;0;0;0;873251,2876;5808491,212;14,47569476;52,29959137;0
970;1,22005E+19;12;0;66;176;2020;5;10;4;2;3;6;0;0;1;0;1;0;0;830466,2572;5716350,365;13,76227346;51,50145492;0
971;1,22005E+19;12;0;65;225;2020;5;18;1;3;5;3;0;1;1;0;0;0;0;793695,7646;5842873,577;13,34298858;52,65611214;1
972;1,22004E+19;12;0;62;128;2020;4;20;5;3;5;2;2;0;1;0;0;0;0;793830,348;5723695,16;13,24210292;51,58754263;0
973;1,22005E+19;12;0;71;76;2020;5;15;1;3;5;3;0;1;1;0;0;0;0;889508,501;5747434,706;14,64355267;51,74205956;0
974;1,22004E+19;12;0;63;189;2020;4;22;5;3;7;7;2;0;1;0;0;0;0;719040,1599;5830240,946;12,2329006;52,57802453;0
975;1,22005E+19;12;0;60;20;2020;5;10;2;2;5;2;0;0;1;0;0;0;0;808778,142;5846720,985;13,56886746;52,68221914;0
976;1,22005E+19;12;0;61;217;2020;5;16;7;3;8;7;0;0;1;0;0;0;0;826797,4895;5796623,818;13,78548674;52,22286024;1
977;1,22005E+19;12;0;71;76;2020;5;8;6;2;3;2;0;1;1;0;0;0;0;889208,6175;5745459,408;14,637024;51,72459307;0
978;1,22004E+19;12;0;73;225;2020;4;18;3;3;0;1;0;1;0;0;0;0;0;835035,1495;5908273,17;14,01941294;53,21786259;0
979;1,22004E+19;12;0;69;604;2020;4;18;5;3;2;6;0;0;1;0;0;0;0;787295,2798;5813064,395;13,22287272;52,39228233;0
980;1,22004E+19;12;0;51;0;2020;4;10;5;3;9;6;0;0;0;0;1;0;0;743118,7641;5814318,459;12,57594227;52,4249324;0
981;1,22005E+19;12;0;61;540;2020;5;16;6;3;5;3;0;0;1;0;0;0;0;813579,819;5806031,856;13,60136085;52,31485002;0
982;1,22005E+19;12;0;65;356;2020;5;10;7;1;5;2;0;0;1;0;0;0;0;788713,5415;5879193,177;13,3016297;52,98437462;0
983;1,22005E+19;12;0;62;333;2020;5;13;6;3;8;1;0;0;1;0;0;0;0;830564,5251;5739810,525;13,78578557;51,71160825;0
984;1,22004E+19;12;0;61;217;2020;4;21;4;3;7;7;2;0;1;0;0;0;0;819754,9211;5798350,134;13,68436723;52,24245947;0
985;1,22004E+19;12;0;54;0;2020;4;12;5;3;2;6;0;0;1;0;0;0;0;774807,8763;5812637,157;13,03947984;52,39485854;0
986;1,22005E+19;12;0;69;306;2020;5;14;2;3;8;1;0;0;0;0;1;0;0;749553,6469;5805083,699;12,66350938;52,33918115;0
987;1,22005E+19;12;0;68;468;2020;5;3;1;2;9;1;2;0;1;0;0;0;0;736034,0372;5886803,247;12,5241094;53,07844446;0
988;1,22005E+19;12;0;66;320;2020;5;17;6;2;9;6;0;0;1;0;0;0;1;848728,7296;5745927,813;14,05381069;51,75541103;0
989;1,22004E+19;12;0;69;17;2020;4;5;3;2;5;3;1;0;1;0;0;0;0;768577,256;5785276,98;12,92635403;52,15254787;0
990;1,22004E+19;12;0;51;0;2020;4;11;5;3;1;6;0;0;1;0;0;0;0;741841,935;5814045,385;12,55700381;52,42304807;0
991;1,22005E+19;12;0;54;0;2020;5;11;6;3;2;6;0;0;1;0;0;0;0;775980,0865;5812711,713;13,05672513;52,39493776;0
992;1,22005E+19;12;0;54;0;2020;5;14;7;3;6;7;0;1;0;1;0;0;0;775376,7154;5808253,079;13,04421984;52,35525662;0
993;1,22005E+19;12;0;66;304;2020;5;15;6;3;2;6;0;0;1;0;0;0;0;846928,9976;5720239,957;14,00239026;51,52644023;0
994;1,22004E+19;12;0;63;56;2020;4;5;4;3;7;7;1;0;1;0;0;0;1;773274,7301;5828039,215;13,02961748;52,53375238;0
995;1,22005E+19;12;0;72;232;2020;5;8;4;3;6;2;0;0;1;1;0;0;0;786259,4554;5779164,308;13,17899075;52,08885951;0
996;1,22004E+19;12;0;71;244;2020;4;1;5;2;8;7;2;0;1;0;0;0;0;856349,6115;5744624,54;14,16244092;51,73894848;0
997;1,22005E+19;12;0;65;356;2020;5;19;5;3;3;6;0;0;1;0;1;0;0;793415,6628;5876944,426;13,36942993;52,96166633;0
998;1,22005E+19;12;0;71;76;2020;5;13;5;3;8;1;0;1;0;0;0;0;0;888642,8345;5743626,247;14,62682956;51,70858192;0
999;1,22005E+19;12;0;73;69;2020;5;19;3;3;7;7;1;0;1;0;0;0;0;806813,2794;5910098,845;13,59991584;53,25125589;0
1000;1,22004E+19;12;0;67;144;2020;4;15;2;2;9;1;0;0;0;0;1;0;0;849381,9324;5812509,159;14,1312696;52,35125954;0
1001;1,22004E+19;12;0;69;616;2020;4;14;7;3;5;3;0;0;1;0;1;0;0;790679,9476;5809381,084;13,2692825;52,35747449;0
1002;1,22004E+19;12;0;73;189;2020;4;15;5;2;1;5;0;0;1;0;0;0;0;860074,2159;5909750,421;14,39445184;53,21472712;0
1003;1,22006E+19;12;0;69;270;2020;6;15;2;2;9;1;0;0;1;0;0;0;0;734739,9227;5822111,343;12,45843092;52,49852469;0
1004;1,22005E+19;12;0;52;0;2020;5;17;2;2;0;1;0;1;0;0;0;0;0;867855,7967;5747502,472;14,331407;51,7572868;1
1005;1,22004E+19;12;0;63;273;2020;4;18;7;3;7;1;0;0;0;0;1;0;0;772332,4978;5838572,879;13,02441683;52,62868919;0
1006;1,22004E+19;12;0;66;196;2020;4;15;5;3;2;6;0;0;1;0;0;0;0;840138,327;5757574,105;13,9412452;51,86501567;0
1007;1,22005E+19;12;0;73;452;2020;5;15;2;2;5;3;0;0;1;0;0;0;0;826824,329;5917936,675;13,90682033;53,30951941;1
1008;1,22005E+19;12;0;73;452;2020;5;14;4;2;5;2;0;0;1;0;1;0;0;821275,9049;5916776,741;13,82267082;53,30252184;0
1009;1,22004E+19;12;0;61;244;2020;4;12;5;3;2;7;0;0;1;0;1;0;0;823600,3515;5764269,834;13,70817353;51,93484595;0
1010;1,22005E+19;12;0;63;208;2020;5;15;7;3;8;1;0;0;0;0;1;0;0;772325,9899;5838553,125;13,02430464;52,6285153;0
1011;1,22004E+19;12;0;64;340;2020;4;14;5;1;9;1;0;0;0;0;1;0;0;850654,3135;5841507,334;14,18036362;52,6100885;0
1012;1,22005E+19;12;0;67;440;2020;5;11;1;3;2;2;0;0;1;0;0;0;1;819835,7281;5824447,795;13,71040138;52,47625216;0
1013;1,22004E+19;12;0;61;17;2020;4;11;5;3;8;1;0;0;0;0;0;0;1;827824,9179;5766589,351;13,77161939;51,95315803;0
1014;1,22005E+19;12;0;68;320;2020;5;6;2;3;2;2;0;1;1;0;0;0;0;755244,0075;5869204,561;12,79636979;52,91176121;0
1015;1,22005E+19;12;0;64;29;2020;5;18;7;3;8;1;0;0;0;0;0;0;1;828443,7052;5843565,23;13,8556057;52,64239752;1
1016;1,22005E+19;12;0;60;269;2020;5;20;6;3;9;1;1;0;1;0;0;0;0;800237,1416;5856111,685;13,45148988;52,77118313;0
1017;1,22004E+19;12;0;63;252;2020;4;22;2;3;5;3;2;1;1;0;0;0;0;726026,1506;5832981,154;12,33769239;52,5997598;0
1018;1,22004E+19;12;0;71;301;2020;4;17;5;3;4;2;0;0;1;0;0;0;0;873590,0356;5745528,564;14,41199963;51,73582637;0
1019;1,22004E+19;12;0;73;429;2020;4;11;5;3;9;1;0;0;1;0;0;0;0;813705,0993;5922829,916;13,71544134;53,36128313;0
1020;1,22005E+19;12;0;60;20;2020;5;17;6;3;2;6;0;1;1;0;0;0;0;810271,2141;5846760,195;13,59091977;52,68171813;0
1021;1,22005E+19;12;0;73;505;2020;5;0;6;2;8;1;2;0;1;0;0;0;0;840668,3274;5887726,83;14,08164418;53,03031827;0
1022;1,22005E+19;12;0;67;124;2020;5;18;6;3;6;2;0;0;1;1;0;0;0;822946,6646;5819139,248;13,75091512;52,42686089;0
1023;1,22004E+19;12;0;65;225;2020;4;7;4;3;5;3;0;0;1;0;0;0;0;792269,792;5841284,206;13,32056043;52,64263432;0
1024;1,22004E+19;12;0;60;100;2020;4;15;5;3;5;3;0;1;1;0;0;0;0;818218,406;5881091,208;13,74153044;52,98468795;0
1025;1,22005E+19;12;0;60;269;2020;5;19;4;2;9;1;0;0;1;0;0;0;0;802750,578;5846706,254;13,47996615;52,68548666;0
1026;1,22004E+19;12;0;73;569;2020;4;14;5;3;9;1;0;0;0;0;1;0;0;813311,3908;5886773,096;13,67419122;53,03848416;0
1027;1,22005E+19;12;0;73;532;2020;5;9;4;3;5;2;0;0;1;0;0;0;0;853238,73;5892360,376;14,27337598;53,0636518;0
1028;1,22005E+19;12;0;64;512;2020;5;9;5;2;5;2;0;0;0;0;1;0;0;846659,6747;5853605,282;14,13432087;52,72097435;0
1029;1,22005E+19;12;0;60;52;2020;5;15;2;3;6;3;0;0;1;1;0;0;0;823814,9189;5864612,195;13,80818925;52,83372273;1
1030;1,22004E+19;12;0;54;0;2020;4;6;6;3;3;6;0;1;0;0;0;0;0;773035,3191;5810646,691;13,01187289;52,37789394;0
1031;1,22004E+19;12;0;65;165;2020;4;10;5;2;8;1;0;0;0;0;0;1;0;771510,3333;5847759,185;13,01986526;52,71148211;0
1032;1,22006E+19;12;0;67;397;2020;6;12;2;3;0;7;0;1;0;0;0;0;0;865133,7378;5796616,092;14,34435174;52,1987438;0
1033;1,22005E+19;12;0;61;332;2020;5;15;1;2;5;3;0;0;1;0;0;0;0;808961,556;5801941,654;13,53007598;52,28080889;0
1034;1,22004E+19;12;0;73;452;2020;4;7;5;3;1;1;0;0;1;0;0;0;0;823827,8883;5918085,015;13,86216244;53,31268708;0
1035;1,22004E+19;12;0;68;320;2020;4;16;5;1;5;3;0;0;1;0;1;0;0;754308,803;5864233,927;12,77860848;52,86761776;0
1036;1,22005E+19;12;0;61;444;2020;5;10;4;3;2;2;0;0;1;0;0;0;0;812956,876;5809221,628;13,59521926;52,34379052;0
1037;1,22004E+19;12;0;64;408;2020;4;15;5;3;5;3;0;1;1;0;0;0;0;832329,448;5831473,778;13,90069811;52,53172927;0
1038;1,22005E+19;12;0;69;249;2020;5;18;4;3;0;6;0;1;1;0;0;0;0;756474,321;5812667,017;12,77066853;52,40401994;0
1039;1,22005E+19;12;0;60;52;2020;5;14;5;3;2;6;0;0;1;0;0;0;0;824654,507;5865705,161;13,82169466;52,84300855;0
1040;1,22005E+19;12;0;72;240;2020;5;16;2;3;4;6;0;0;1;0;0;0;0;789104,641;5804122,744;13,2416939;52,31116202;1
1041;1,22004E+19;12;0;61;433;2020;4;11;1;2;0;7;0;1;0;0;0;0;0;806705,1645;5813800,553;13,50791877;52,38835915;0
1042;1,22004E+19;12;0;65;251;2020;4;15;7;2;3;2;0;0;0;0;1;0;1;776759,1614;5849046,131;13,09844601;52,72036496;0
1043;1,22004E+19;12;0;72;120;2020;4;7;4;3;2;2;0;0;1;0;0;0;0;795285,23;5813350,349;13,34020596;52,39059753;0
1044;1,22006E+19;12;0;52;0;2020;6;14;2;2;2;6;0;0;1;0;1;0;0;869651,558;5748657,896;14,35853885;51,76644902;0
1045;1,22005E+19;12;0;65;193;2020;5;12;2;3;8;1;0;0;1;0;0;0;0;792448,7855;5867706,766;13,34676102;52,87939116;1
1046;1,22004E+19;12;0;64;428;2020;4;11;5;3;2;6;0;0;1;0;0;1;0;824449,5363;5826681,443;13,78027039;52,49354243;0
1047;1,22005E+19;12;0;67;120;2020;5;6;4;2;9;1;0;0;0;0;1;0;0;884165,0899;5793385,546;14,61783824;52,1569218;0
1048;1,22004E+19;12;0;65;198;2020;4;16;5;3;5;3;0;0;1;0;1;0;0;784555,9127;5859846,805;13,22294459;52,8131557;0
1049;1,22005E+19;12;0;64;539;2020;5;14;7;3;2;2;0;0;1;0;0;0;0;871504,1644;5824166,54;14,46753702;52,44106214;0
1050;1,22004E+19;12;0;63;80;2020;4;8;4;2;4;2;0;0;1;0;1;0;0;777404,238;5832386,029;13,09397436;52,5706448;0
1051;1,22004E+19;12;0;72;340;2020;4;15;4;3;5;3;0;0;1;0;0;0;0;803659,2567;5803726,587;13,45419663;52,29976078;0
1052;1,22005E+19;12;0;63;252;2020;5;13;7;3;3;6;0;0;0;0;1;0;0;728290,2882;5833413,55;12,37136216;52,6026942;0
1053;1,22004E+19;12;0;69;656;2020;4;15;4;3;2;6;0;0;1;0;0;0;0;767732,421;5809033,747;12,93286827;52,36604354;0
1054;1,22005E+19;12;0;61;260;2020;5;14;1;3;0;7;0;1;0;0;0;0;0;816428,2199;5799939,431;13,63729331;52,25862252;0
1055;1,22005E+19;12;0;72;240;2020;5;12;6;1;8;7;0;0;0;0;1;0;0;791714,1678;5807509,888;13,28280177;52,34014962;0
1056;1,22005E+19;12;0;67;201;2020;5;12;6;3;5;3;0;1;1;0;0;0;0;834564,7589;5816794,198;13,91881522;52,39887703;0
1057;1,22004E+19;12;0;62;124;2020;4;10;2;3;5;3;0;1;1;0;0;0;0;813515,0442;5711072,416;13,51414848;51,46379607;0
1058;1,22004E+19;12;0;69;306;2020;4;16;4;3;5;3;0;1;0;0;0;0;1;755021,5121;5802875,519;12,74192099;52,31685728;0
1059;1,22005E+19;12;0;65;356;2020;5;14;6;3;5;2;0;1;1;0;0;0;0;791324,2067;5879446,242;13,34063326;52,98523113;0
1060;1,22005E+19;12;0;60;172;2020;5;14;6;3;2;2;0;0;1;0;0;0;0;829950,3778;5867290,143;13,90163915;52,85398978;0
1061;1,22005E+19;12;0;67;426;2020;5;12;5;3;2;6;0;0;0;0;1;0;1;856898,9687;5799365,055;14,22726722;52,22874378;0
1062;1,22004E+19;12;0;60;198;2020;4;14;3;3;5;3;0;0;1;0;0;0;0;805718,8008;5869540,075;13,54505693;52,88844832;0
1063;1,22004E+19;12;0;69;454;2020;4;12;4;3;0;3;0;1;1;0;0;0;0;783100,8032;5807253,795;13,15649539;52,3423643;0
1064;1,22005E+19;12;0;65;256;2020;5;14;4;3;2;7;0;0;1;0;0;0;0;786949,7708;5853862,879;13,2531206;52,75824236;0
1065;1,22004E+19;12;0;69;249;2020;4;17;4;3;5;3;0;0;1;0;0;0;0;757552,8671;5812522,578;12,78637665;52,40221792;0
1066;1,22005E+19;12;0;70;244;2020;5;23;4;2;9;1;2;0;1;0;0;0;0;667494,8749;5888526,397;11,50296819;53,11981577;0
1067;1,22005E+19;12;0;65;356;2020;5;11;5;3;5;2;0;0;1;0;1;0;0;794022,7651;5885432,859;13,38616039;53,03741698;0
1068;1,22005E+19;12;0;72;17;2020;5;21;1;3;2;2;2;0;1;0;0;0;0;803250,1837;5804823,111;13,44920287;52,30981519;0
1069;1,22004E+19;12;0;73;440;2020;4;16;6;1;4;6;0;0;1;0;0;1;0;839578,4822;5891595,388;14,06953036;53,06565028;0
1070;1,22004E+19;12;0;69;616;2020;4;21;4;3;4;6;2;0;1;0;0;0;0;790348,3373;5814146,154;13,26855174;52,40037108;0
1071;1,22006E+19;12;0;65;225;2020;6;20;2;3;3;2;0;0;1;0;1;0;0;795627,816;5845866,279;13,37415139;52,68188885;0
1072;1,22004E+19;12;0;61;216;2020;4;18;4;2;1;5;0;0;1;0;0;1;0;822036,5017;5783152,13;13,70325427;52,10495172;0
1073;1,22005E+19;12;0;61;316;2020;5;16;3;3;2;6;0;0;1;0;0;0;1;834971,255;5763400,146;13,87213181;51,9203329;0
1074;1,22004E+19;12;0;61;540;2020;4;8;4;3;2;6;0;0;1;0;0;0;0;815785,1671;5805660,289;13,63325859;52,31025723;0
1075;1,22005E+19;12;0;63;148;2020;5;10;6;3;0;1;0;1;0;0;0;0;0;761291,4813;5824553,848;12,85062197;52,50836708;0
1076;1,22004E+19;12;0;64;370;2020;4;18;4;2;9;1;0;0;0;0;1;0;0;843199,924;5837901,071;14,06697383;52,58255193;0
1077;1,22004E+19;12;0;71;76;2020;4;13;4;3;5;3;0;1;1;0;0;0;0;889006,707;5746620,542;14,63541094;51,73512271;0
1078;1,22005E+19;12;0;64;84;2020;5;16;7;1;8;1;0;0;0;0;1;0;0;843153,9348;5834613,398;14,06289745;52,55313995;0
1079;1,22005E+19;12;0;54;0;2020;5;15;1;3;9;7;0;0;1;0;0;0;0;781922,9767;5809359,339;13,1410187;52,36185094;1
1080;1,22005E+19;12;0;62;336;2020;5;22;7;3;2;6;2;0;1;0;0;0;0;814689,0019;5704447,838;13,52511243;51,40376402;0
1081;1,22004E+19;12;0;66;52;2020;4;7;5;2;9;1;0;0;1;0;0;0;0;844145,3847;5743117,49;13,98488316;51,73307075;0
1082;1,22005E+19;12;0;69;485;2020;5;11;3;3;9;7;0;0;1;0;0;0;0;747557,9749;5770719,157;12,60919197;52,03174235;0
1083;1,22004E+19;12;0;73;532;2020;4;10;4;2;9;1;0;0;1;0;0;0;0;855314,6611;5899965,214;14,31262428;53,13034551;0
1084;1,22005E+19;12;0;65;251;2020;5;16;7;3;2;2;0;0;1;0;1;0;0;777350,508;5849230,724;13,10733437;52,72171752;0
1085;1,22004E+19;12;0;62;128;2020;4;15;4;2;5;2;0;1;1;0;0;0;0;793831,6355;5723695,817;13,242122;51,58754785;0
1086;1,22004E+19;12;0;60;280;2020;4;15;4;3;5;3;0;1;1;0;0;0;0;820459,679;5841615,47;13,7361257;52,62970016;0
1087;1,22005E+19;12;0;62;224;2020;5;19;7;3;4;6;0;0;1;0;0;0;0;790688,5435;5733620,253;13,20511238;51,678173;0
1088;1,22004E+19;12;0;60;20;2020;4;18;4;2;4;6;0;1;0;0;0;0;0;809153,2636;5847049,157;13,57470667;52,6849462;0
1089;1,22005E+19;12;0;68;320;2020;5;18;1;3;8;1;0;0;0;0;1;0;0;754407,0058;5870285,726;12,78479697;52,92185596;0
1090;1,22005E+19;12;0;60;20;2020;5;15;6;3;6;6;0;1;0;1;0;0;0;807823,1639;5847879,077;13,55586798;52,6931404;0
1091;1,22005E+19;12;0;65;256;2020;5;20;6;3;2;2;1;0;1;0;1;0;0;787204,4846;5852343,747;13,2555549;52,7444881;0
1092;1,22004E+19;12;0;64;317;2020;4;22;4;2;9;1;2;0;0;0;0;0;1;853895,9609;5832715,483;14,21866051;52,5292773;0
1093;1,22005E+19;12;0;54;0;2020;5;9;5;3;2;6;0;0;1;0;0;0;0;778628,1291;5811659,122;13,09466721;52,38415813;0
1094;1,22005E+19;12;0;65;193;2020;5;14;6;3;5;3;0;1;0;0;0;0;1;795846,3159;5867649,92;13,39704672;52,87702518;0
1095;1,22005E+19;12;0;54;0;2020;5;18;4;3;6;4;0;1;0;1;0;0;0;776447,5852;5812451,13;13,06336333;52,39236516;0
1096;1,22004E+19;12;0;72;120;2020;4;15;2;3;4;6;0;0;1;0;0;1;0;793025,3358;5808185,411;13,30258186;52,34550726;0
1097;1,22004E+19;12;0;54;0;2020;4;13;4;3;2;6;0;0;1;0;0;0;1;773551,8076;5814925,293;13,02293527;52,41600773;0
1098;1,22005E+19;12;0;54;0;2020;5;15;3;3;2;6;0;0;1;0;0;0;0;781205,2955;5810483,175;13,13144846;52,3722969;0
1099;1,22004E+19;12;0;64;472;2020;4;11;4;3;2;6;0;0;1;0;0;0;0;829771,7216;5834309,711;13,86594407;52,5586859;0
1100;1,22005E+19;12;0;66;296;2020;5;10;3;3;5;3;0;0;1;0;0;1;0;838047,5473;5712827,502;13,8677366;51,46541301;0
1101;1,22005E+19;12;0;72;240;2020;5;14;4;3;2;6;0;0;0;0;1;0;1;793079,6647;5803925,45;13,2996662;52,30728723;0
1102;1,22005E+19;12;0;71;372;2020;5;18;1;3;5;2;0;1;1;0;0;0;0;871643,0876;5726281,384;14,36349659;51,56481983;0
1103;1,22004E+19;12;0;64;136;2020;4;10;6;3;5;3;0;0;1;0;0;0;0;822744,482;5829696,627;13,75816626;52,52156675;0
1104;1,22004E+19;12;0;69;18;2020;4;14;4;3;2;2;0;0;1;0;0;0;0;740256,104;5819626,014;12,53774261;52,47382259;0
1105;1,22005E+19;12;0;72;477;2020;5;16;1;3;9;1;0;0;0;0;1;0;0;808686,5943;5789477,366;13,51469034;52,16925058;0
1106;1,22004E+19;12;0;69;270;2020;4;17;3;3;2;6;0;1;0;0;0;0;0;734415,5581;5822314,581;12,45380457;52,50048798;0
1107;1,22005E+19;12;0;60;20;2020;5;15;3;3;4;2;0;1;1;0;0;0;0;809682,156;5845029,907;13,58060871;52,66654949;0
1108;1,22005E+19;12;0;66;104;2020;5;10;6;2;3;6;0;1;1;0;0;0;0;829750,2896;5702725,37;13,73931162;51,3797797;0
1109;1,22004E+19;12;0;65;256;2020;4;15;4;2;0;7;0;1;0;0;0;0;0;785867,1041;5853300,913;13,23663165;52,75377779;0
1110;1,22004E+19;12;0;69;604;2020;4;14;3;3;2;6;0;0;1;0;0;0;0;788148,7228;5813243,126;13,23553378;52,39343654;0