OBJECTID;UIDENTSTLAE;ULAND;UREGBEZ;UKREIS;UGEMEINDE;UJAHR;UMONAT;USTUNDE;UWOCHENTAG;UKATEGORIE;UART;UTYP1;ULICHTVERH;IstRad;IstPKW;IstFuss;IstKrad;IstGkfz;IstSonstige;LINREFX;LINREFY;XGCSWGS84;YGCSWGS84;STRZUSTAND
1111;1,22005E+19;12;0;72;17;2020;5;12;6;3;5;2;0;1;1;0;0;0;0;799837,8148;5806943,782;13,4011878;52,33069754;0
1112;1,22005E+19;12;0;72;240;2020;5;15;7;3;3;6;0;0;1;0;0;0;0;787962,2035;5802942,88;13,22397306;52,30118332;0
1113;1,22005E+19;12;0;69;604;2020;5;10;6;3;2;6;0;0;1;0;0;0;0;786449,0331;5813013,215;13,21042674;52,39226662;0
1114;1,22004E+19;12;0;68;320;2020;4;10;5;3;5;3;0;1;1;0;0;0;0;754953,8635;5869614,552;12,79238634;52,91557646;1
1115;1,22005E+19;12;0;65;256;2020;5;10;5;3;5;3;0;1;1;0;0;0;0;783530,4195;5852904,218;13,20176037;52,7514515;0
1116;1,22004E+19;12;0;54;0;2020;4;17;3;2;5;3;0;1;1;0;0;0;0;778434,389;5810097,978;13,09053199;52,37025713;0
1117;1,22005E+19;12;0;67;180;2020;5;13;5;3;2;2;0;0;1;0;1;0;0;873159,6674;5802674,01;14,46792789;52,24759226;0
1118;1,22005E+19;12;0;62;341;2020;5;17;5;2;0;7;0;1;0;0;0;0;0;791322,8931;5706955,989;13,19218152;51,4387346;0
1119;1,22005E+19;12;0;69;306;2020;5;10;3;3;8;7;0;0;0;0;0;0;1;759825,5179;5806948,975;12,81538985;52,35114666;0
1120;1,22004E+19;12;0;64;227;2020;4;13;2;3;2;6;0;0;1;0;0;0;0;814139,6321;5827084,886;13,62929752;52,50318855;0
1121;1,22004E+19;12;0;60;100;2020;4;16;1;1;8;1;0;0;0;0;1;0;0;816860,5206;5875822,764;13,71622215;52,93829197;0
1122;1,22004E+19;12;0;61;540;2020;4;18;4;3;2;6;0;0;1;0;0;0;0;813695,172;5806206,318;13,60321013;52,3163476;0
1123;1,22005E+19;12;0;69;656;2020;5;8;2;3;5;3;0;1;1;0;0;0;0;763220,6026;5810456,734;12,86787347;52,38099237;1
1124;1,22004E+19;12;0;69;590;2020;4;18;7;3;3;6;0;0;1;0;1;0;0;771070,6623;5808890,044;12,98166178;52,36311445;0
1125;1,22004E+19;12;0;69;632;2020;4;13;3;3;5;2;0;0;1;0;1;0;0;764504,2664;5778390,246;12,86160742;52,09273683;0
1126;1,22005E+19;12;0;69;397;2020;5;15;2;2;9;1;0;0;1;0;0;0;0;776212,2667;5802253,6;13,05153122;52,30103353;0
1127;1,22005E+19;12;0;71;244;2020;5;15;4;2;5;3;0;1;0;0;0;0;1;859688,1349;5747969,05;14,21404831;51,76676497;0
1128;1,22005E+19;12;0;61;216;2020;5;15;5;3;8;1;0;0;1;0;0;0;0;824808,2467;5783649,306;13,74405913;52,10778704;0
1129;1,22004E+19;12;0;69;306;2020;4;9;3;3;2;6;0;1;1;0;0;0;0;755592,9942;5803384,769;12,75067364;52,32116019;0
1130;1,22005E+19;12;0;73;8;2020;5;16;5;2;8;1;0;0;1;0;0;0;0;834936,0082;5884387,83;13,99303316;53,00403301;0
1131;1,22005E+19;12;0;63;244;2020;5;15;5;3;2;6;0;0;0;0;1;0;1;732184,7511;5823627,697;12,42191666;52,51322607;0
1132;1,22005E+19;12;0;71;44;2020;5;11;4;3;5;3;0;1;0;0;0;0;1;887502,3119;5732994,641;14,59862777;51,61423352;0
1133;1,22004E+19;12;0;51;0;2020;4;16;2;3;3;2;0;1;1;0;0;0;0;738234,8416;5812914,62;12,50325404;52,41448386;0
1134;1,22004E+19;12;0;62;224;2020;4;16;4;3;2;2;0;0;1;0;1;0;0;794508,262;5734236,977;13,26072499;51,68171421;0
1135;1,22005E+19;12;0;73;532;2020;5;10;3;3;5;3;0;0;1;0;0;0;0;853672,3302;5892488,652;14,27995984;53,06451351;0
1136;1,22004E+19;12;0;54;0;2020;4;16;7;3;6;4;0;1;0;1;0;0;0;775376,5821;5808274,948;13,04423582;52,35545281;0
1137;1,22004E+19;12;0;66;52;2020;4;10;3;3;4;2;0;0;1;0;0;0;0;845802,6691;5742118,269;14,00779843;51,72310168;0
1138;1,22005E+19;12;0;64;136;2020;5;11;3;3;0;3;0;1;1;0;0;0;0;822844,9651;5830386,351;13,76031161;52,5276866;0
1139;1,22005E+19;12;0;63;148;2020;5;20;4;2;4;2;0;1;1;0;0;0;0;759673,333;5821992,365;12,82483619;52,48616297;0
1140;1,22005E+19;12;0;64;227;2020;5;17;1;3;5;3;0;0;1;0;1;0;0;815330,375;5826697,383;13,64641536;52,49902951;0
1141;1,22004E+19;12;0;72;120;2020;4;14;5;3;2;2;0;0;1;0;0;1;0;793297,284;5811779,254;13,30970218;52,3775807;0
1142;1,22005E+19;12;0;63;273;2020;5;13;1;3;5;3;0;1;1;0;0;0;0;769224,6451;5842140,132;12,98152048;52,66223075;0
1143;1,22004E+19;12;0;60;20;2020;4;18;3;3;9;1;0;0;1;0;0;0;0;804355,2987;5851493,153;13,50806035;52,72748861;0
1144;1,22005E+19;12;0;51;0;2020;5;12;2;3;6;4;0;1;0;1;0;0;0;741347,7458;5811309,296;12,54777748;52,39871518;0
1145;1,22005E+19;12;0;54;0;2020;5;10;7;3;0;1;0;1;0;0;0;0;0;776598,8111;5812183,959;13,06535955;52,38989291;0
1146;1,22005E+19;12;0;66;304;2020;5;10;6;3;5;2;0;0;1;0;0;0;0;848497,6505;5719029,986;14,02371981;51,51463734;0
1147;1,22004E+19;12;0;61;332;2020;4;8;3;2;5;3;0;0;0;0;1;1;0;808961,556;5801941,654;13,53007598;52,28080889;0
1148;1,22004E+19;12;0;64;136;2020;4;11;3;3;2;2;0;0;1;0;0;0;0;823090,558;5829955,528;13,76350072;52,52368135;0
1149;1,22005E+19;12;0;69;306;2020;5;21;6;2;8;1;1;0;0;0;1;0;0;757990,1277;5806995,951;12,78853842;52,35243439;0
1150;1,22004E+19;12;0;71;76;2020;4;15;2;3;5;3;0;1;1;0;0;0;0;888571,3329;5746121,049;14,62857963;51,73095493;0
1151;1,22005E+19;12;0;66;116;2020;5;13;7;2;8;1;0;0;1;0;0;0;0;847498,2257;5707789,251;13,9983316;51,41456381;0
1152;1,22005E+19;12;0;61;332;2020;5;13;6;2;5;3;0;0;1;0;0;0;0;806204,3575;5798171,104;13,48636509;52,24855547;0
1153;1,22004E+19;12;0;69;656;2020;4;18;4;3;5;3;0;0;1;0;0;0;0;763528,2887;5810287,473;12,87225052;52,37932624;1
1154;1,22005E+19;12;0;54;0;2020;5;8;4;3;5;3;0;1;1;0;0;0;0;777185,142;5811642,09;13,07350557;52,38473727;0
1155;1,22004E+19;12;0;64;512;2020;4;11;3;2;5;2;0;1;0;0;0;0;1;846563,82;5853439,162;14,13273231;52,7195483;0
1156;1,22005E+19;12;0;68;320;2020;5;17;5;3;2;6;0;0;1;0;0;0;1;762950,1141;5866054,437;12,90815338;52,87979505;0
1157;1,22005E+19;12;0;60;100;2020;5;16;5;3;4;6;0;1;0;0;0;0;0;816151,5413;5875062,432;13,70496792;52,93189771;0
1158;1,22005E+19;12;0;67;144;2020;5;5;3;3;5;3;0;0;1;0;0;0;1;844681,2082;5812716,884;14,06273885;52,35609257;0
1159;1,22004E+19;12;0;71;372;2020;4;15;1;2;2;6;0;0;1;0;0;0;0;871244,4177;5731457,977;14,36323993;51,61142421;0
1160;1,22004E+19;12;0;61;328;2020;4;14;7;3;5;2;0;0;1;0;0;0;1;826303,044;5784116,187;13,76625721;52,11109097;0
1161;1,22004E+19;12;0;62;140;2020;4;5;4;2;7;7;1;0;1;0;0;0;0;824851,9941;5724370,295;13,68905732;51,57657866;0
1162;1,22006E+19;12;0;51;0;2020;6;20;2;3;7;7;0;1;0;0;0;0;0;740444,67;5812332,743;12,53526479;52,4082961;0
1163;1,22005E+19;12;0;60;269;2020;5;1;2;2;0;1;2;0;1;0;0;0;0;799160,9518;5853279,684;13,4330028;52,74639711;0
1164;1,22004E+19;12;0;66;188;2020;4;19;7;3;0;3;0;1;0;0;0;0;1;828689,653;5704847,575;13,72608671;51,3994121;0
1165;1,22004E+19;12;0;53;0;2020;4;16;3;3;4;2;0;0;1;0;0;0;0;875336,7891;5811170,907;14,50912224;52,32215226;0
1166;1,22005E+19;12;0;60;24;2020;5;14;4;3;1;6;0;0;1;0;1;0;0;814037,4475;5856850,682;13,65608935;52,76996286;0
1167;1,22004E+19;12;0;67;205;2020;4;7;3;3;3;6;0;0;1;0;0;0;0;867067,0083;5793303,774;14,3689319;52,16781215;0
1168;1,22005E+19;12;0;60;5;2020;5;13;7;3;5;3;0;1;1;0;0;0;0;811776,2953;5831885,26;13,59909299;52,54756112;0
1169;1,22004E+19;12;0;64;472;2020;4;7;5;2;5;2;0;0;1;0;0;0;1;833820,9349;5835539,132;13,92669025;52,56723104;0
1170;1,22005E+19;12;0;65;332;2020;5;10;1;3;5;3;0;1;1;0;0;0;0;781940,3656;5844800,385;13,17131628;52,679624;0
1171;1,22004E+19;12;0;71;244;2020;4;9;2;1;5;3;0;1;0;0;0;0;1;865784,1803;5743410,108;14,29722325;51,72200384;0
1172;1,22004E+19;12;0;67;336;2020;4;17;3;2;2;6;0;0;0;0;1;0;1;868814,5422;5803914,804;14,40592128;52,26162434;0
1173;1,22005E+19;12;0;69;616;2020;5;13;1;3;5;3;0;1;1;0;0;0;0;788884,0015;5812946,673;13,24605403;52,39039137;0
1174;1,22005E+19;12;0;65;36;2020;5;10;7;3;3;2;0;1;1;0;0;0;0;788952,317;5846716,094;13,27642819;52,69310659;0
1175;1,22005E+19;12;0;60;20;2020;5;18;6;2;5;3;0;0;1;0;0;0;0;809212,1966;5846757,177;13,57530169;52,68229609;0
1176;1,22004E+19;12;0;69;616;2020;4;5;2;3;5;3;0;0;1;0;1;0;0;788361,221;5813420,733;13,23880088;52,39491709;0
1177;1,22004E+19;12;0;65;136;2020;4;16;3;3;4;1;0;0;1;0;0;0;0;786911,1116;5842079,548;13,24227387;52,65262336;0
1178;1,22004E+19;12;0;65;136;2020;4;9;3;3;0;2;0;1;1;0;0;0;0;784964,2528;5840278,815;13,21201842;52,6375044;0
1179;1,22005E+19;12;0;72;477;2020;5;13;7;2;8;1;0;0;0;0;1;0;0;810063,5647;5788570,802;13,53393351;52,16035409;0
1180;1,22004E+19;12;0;73;572;2020;4;17;5;3;6;3;0;0;1;1;0;0;0;801031,2964;5895109,997;13,49941571;53,1202445;0
1181;1,22005E+19;12;0;73;8;2020;5;18;1;3;4;6;0;1;0;0;0;0;0;834420,8015;5886531,377;13,98760291;53,02355093;0
1182;1,22004E+19;12;0;73;532;2020;4;8;2;3;2;2;0;0;1;0;0;0;0;852971,6574;5892473,637;14,26953145;53,06484194;1
1183;1,22004E+19;12;0;65;100;2020;4;15;3;3;2;2;0;0;1;0;0;0;0;779662,3761;5881448,842;13,16912042;53,00939526;0
1184;1,22005E+19;12;0;67;528;2020;5;13;2;2;9;1;0;0;1;0;0;0;0;882380,4914;5799277,527;14,59851395;52,21087957;0
1185;1,22005E+19;12;0;73;572;2020;5;10;7;3;2;2;0;0;1;0;0;0;0;811023,5262;5898848,936;13,65186195;53,14801467;0
1186;1,22005E+19;12;0;53;0;2020;5;19;6;2;3;6;0;0;1;0;0;0;1;869761,2149;5810550,183;14,42700436;52,32037758;0
1187;1,22004E+19;12;0;67;173;2020;4;16;3;3;4;6;0;1;1;0;0;0;0;822602,7532;5814859,175;13,74175155;52,3887164;0
1188;1,22004E+19;12;0;68;353;2020;4;17;3;3;9;1;0;0;1;0;0;0;0;760043,1816;5893659,919;12,88726803;53,12879663;0
1189;1,22004E+19;12;0;60;5;2020;4;13;4;2;2;2;0;0;1;0;0;0;0;811962,8059;5842421,454;13,61175852;52,64186896;0
1190;1,22005E+19;12;0;71;294;2020;5;15;6;2;8;1;0;0;0;0;1;0;0;884717,2313;5735052,554;14,56085155;51,6345584;0
1191;1,22005E+19;12;0;54;0;2020;5;15;6;3;5;3;0;1;0;0;0;0;0;778276,6211;5810386,465;13,08845986;52,37292424;0
1192;1,22005E+19;12;0;64;227;2020;5;14;6;3;2;6;0;0;1;0;0;0;0;813963,6952;5831549,938;13,63092879;52,54330027;0
1193;1,22004E+19;12;0;60;12;2020;4;12;4;3;3;6;0;0;1;0;0;1;0;822734,5166;5877632,66;13,80511992;52,95100846;0
1194;1,22004E+19;12;0;64;268;2020;4;11;4;3;0;1;0;0;1;0;0;0;0;871757,2733;5824077,766;14,47114495;52,44009574;0
1195;1,22005E+19;12;0;64;336;2020;5;6;4;2;8;7;0;0;0;0;0;0;1;818175,1426;5831649,051;13,69291711;52,54174562;0
1196;1,22004E+19;12;0;69;306;2020;4;11;2;3;3;6;0;0;1;0;0;0;1;741947,3864;5806052,607;12,5527818;52,35128191;0
1197;1,22005E+19;12;0;66;296;2020;5;7;4;3;4;2;0;0;1;0;1;0;0;838110,682;5713159,773;13,86895977;51,46835224;0
1198;1,22005E+19;12;0;64;274;2020;5;15;5;3;5;3;0;0;1;0;1;0;0;862028,0208;5852731,764;14,35991636;52,70310208;0
1199;1,22005E+19;12;0;71;372;2020;5;5;2;3;0;2;1;1;0;0;0;0;0;872634,5631;5727238,565;14,37875172;51,57273491;1
1200;1,22004E+19;12;0;66;196;2020;4;17;1;3;2;2;0;0;0;0;1;0;0;841880,0528;5757191,761;13,96606715;51,8605272;0
1201;1,22004E+19;12;0;72;120;2020;4;6;6;3;1;6;0;0;1;0;0;0;1;793310,8256;5808913,385;13,30739644;52,35188103;0
1202;1,22004E+19;12;0;64;336;2020;4;8;4;3;2;6;0;0;1;0;0;0;0;818185,2851;5827086,855;13,68870239;52,50086234;0
1203;1,22006E+19;12;0;73;452;2020;6;13;2;3;5;3;0;0;1;0;0;0;0;823806,8163;5918544,645;13,86231623;53,31681667;0
1204;1,22005E+19;12;0;65;256;2020;5;15;2;3;0;7;0;1;0;0;0;0;0;786283,0328;5853588,354;13,24302828;52,75613468;1
1205;1,22004E+19;12;0;72;240;2020;4;19;2;2;9;1;0;0;0;0;1;0;0;791071,7228;5802479,292;13,26904806;52,29538901;0
1206;1,22005E+19;12;0;68;181;2020;5;10;4;3;9;7;0;0;1;0;0;0;0;730834,3609;5897713,755;12,45448231;53,17861538;0
1207;1,22004E+19;12;0;63;148;2020;4;10;2;2;2;2;0;0;0;0;0;0;1;754719,4888;5820376,117;12,75080555;52,47399785;0
1208;1,22005E+19;12;0;64;380;2020;5;13;7;3;5;3;0;1;1;0;0;0;0;826998,2775;5831289,507;13,82220578;52,5333024;0
1209;1,22004E+19;12;0;66;196;2020;4;10;4;3;4;3;0;1;1;0;0;0;0;839640,645;5757534,153;13,934005;51,86496073;0
1210;1,22004E+19;12;0;69;656;2020;4;15;2;3;8;1;0;1;0;0;0;0;0;767716,3804;5810619,841;12,93389896;52,38027736;0
1211;1,22005E+19;12;0;63;148;2020;5;12;7;2;0;7;0;1;0;0;0;0;0;761291,292;5824546,613;12,85061351;52,50830227;0
1212;1,22004E+19;12;0;53;0;2020;4;12;2;3;6;2;0;0;1;1;0;0;0;877289,3575;5813231,91;14,5399476;52,33925774;0
1213;1,22004E+19;12;0;69;656;2020;4;12;2;3;2;6;0;1;1;0;0;0;0;767692,698;5810252,636;12,93325875;52,3769954;0
1214;1,22005E+19;12;0;60;269;2020;5;9;1;3;5;3;0;0;1;0;1;0;0;800881,3307;5852904,798;13,45806817;52,74208294;0
1215;1,22005E+19;12;0;69;19;2020;5;15;6;2;2;2;0;0;1;0;0;0;0;743954,0323;5818099,163;12,59096238;52,45848341;0
1216;1,22005E+19;12;0;65;144;2020;5;11;6;3;5;3;0;0;1;0;0;0;0;791870,7832;5844570,138;13,31758686;52,6723055;0
1217;1,22004E+19;12;0;54;0;2020;4;8;2;2;1;3;0;1;1;0;0;0;0;780124,0173;5808710,536;13,1141276;52,35695491;0
1218;1,22005E+19;12;0;63;148;2020;5;9;5;3;5;3;0;0;1;0;0;0;0;762900,1747;5822664,622;12,87277886;52,49064843;0
1219;1,22005E+19;12;0;64;303;2020;5;13;6;2;9;6;0;0;0;0;1;0;1;847030,7438;5841784,066;14,12735562;52,61489137;0
1220;1,22005E+19;12;0;65;193;2020;5;10;5;2;9;7;0;0;1;0;0;0;0;796757,8286;5859656,671;13,40328336;52,80487944;0
1221;1,22004E+19;12;0;67;144;2020;4;8;3;3;5;3;0;0;1;0;0;0;0;847408,4419;5812492,171;14,10239297;52,35236033;0
1222;1,22004E+19;12;0;64;227;2020;4;15;4;3;3;6;0;1;0;0;0;0;1;814766,0951;5830460,97;13,64169048;52,53307953;0
1223;1,22005E+19;12;0;70;424;2020;5;15;4;3;2;6;0;0;1;0;0;1;0;682923,6651;5874259,32;11,72515508;52,98664215;0
1224;1,22004E+19;12;0;54;0;2020;4;12;2;3;2;6;0;0;0;0;1;0;1;775089,8169;5812868,297;13,04380275;52,39678986;0
1225;1,22005E+19;12;0;68;117;2020;5;18;4;2;0;7;0;1;0;0;0;0;0;761188,4448;5852672,182;12,87133866;52,76062587;0
1226;1,22005E+19;12;0;65;256;2020;5;17;5;3;9;7;0;0;1;0;0;0;0;787311,2252;5861204,624;13,26490552;52,82386819;0
1227;1,22005E+19;12;0;67;458;2020;5;6;6;2;5;2;0;0;1;0;0;0;0;872962,9278;5797222,755;14,45905514;52,19893809;0
1228;1,22005E+19;12;0;60;100;2020;5;16;6;3;2;6;0;0;1;0;1;0;0;816125,3857;5873873,514;13,70342289;52,9212613;0
1229;1,22005E+19;12;0;72;240;2020;5;17;5;3;0;1;0;1;0;0;0;0;0;790086,2413;5803334,556;13,25537392;52,30357798;0
1230;1,22004E+19;12;0;51;0;2020;4;15;3;3;3;2;0;1;1;0;0;0;0;740801,9817;5810791,243;12,53939906;52,39430688;0
1231;1,22004E+19;12;0;64;370;2020;4;14;4;3;4;6;0;0;1;0;1;0;0;837756,2559;5839637,63;13,98870817;52,60151045;0
1232;1,22005E+19;12;0;65;225;2020;5;16;4;3;2;2;0;0;1;0;0;0;0;795888,3358;5845175,071;13,37737323;52,67555097;0
1233;1,22004E+19;12;0;69;20;2020;4;16;2;2;4;6;0;0;1;0;0;0;0;742264,148;5781549,581;12,5398629;52,13126825;0
1234;1,22005E+19;12;0;64;370;2020;5;17;4;2;8;1;0;0;1;0;0;0;0;844165,6724;5839014,567;14,0823275;52,59191306;0
1235;1,22005E+19;12;0;67;36;2020;5;20;5;2;8;1;2;1;0;0;0;0;0;859852,8899;5793018,402;14,26359861;52,17000395;0
1236;1,22005E+19;12;0;64;227;2020;5;15;2;3;2;6;0;0;1;0;0;0;0;815295,1121;5826708,357;13,645908;52,49914822;1
1237;1,22004E+19;12;0;61;260;2020;4;15;6;3;2;2;0;0;1;0;0;0;0;815942,4776;5803862,503;13,63387282;52,29405672;0
1238;1,22004E+19;12;0;70;393;2020;4;16;4;3;4;6;0;0;1;0;0;0;0;705779,4374;5901152,628;12,08237541;53,21975953;0
1239;1,22006E+19;12;0;67;481;2020;6;15;2;3;2;6;0;0;1;0;1;0;0;834459,6274;5803605,901;13,90415741;52,2808083;0
1240;1,22005E+19;12;0;71;57;2020;5;6;1;2;8;1;0;0;0;0;1;0;0;861845,1373;5734916,069;14,23163896;51,6485024;0
1241;1,22004E+19;12;0;61;433;2020;4;16;2;3;1;7;0;0;1;0;0;0;1;807231,6712;5814974,504;13,51670743;52,39858562;0
1242;1,22005E+19;12;0;51;0;2020;5;10;3;2;2;6;0;0;1;0;0;0;0;741731,1201;5813437,95;12,5549384;52,41764654;0
1243;1,22004E+19;12;0;66;176;2020;4;7;2;3;2;6;0;0;1;0;0;0;0;835562,375;5718423,932;13,83740503;51,5170333;0
1244;1,22005E+19;12;0;68;468;2020;5;12;7;3;5;3;0;1;1;0;0;0;0;733639,7976;5896653,363;12,49560688;53,16787731;0
1245;1,22004E+19;12;0;60;52;2020;4;16;4;2;4;6;0;0;1;0;1;0;0;822765,7356;5862426,932;13,79051137;52,81477559;0
1246;1,22004E+19;12;0;61;332;2020;4;7;2;3;5;3;0;0;1;0;0;0;0;808962,5398;5801939,741;13,5300886;52,28079119;0
1247;1,22005E+19;12;0;73;532;2020;5;13;7;3;5;7;0;0;1;0;0;0;0;853933,596;5892263,531;14,28359488;53,06232561;0
1248;1,22004E+19;12;0;65;332;2020;4;12;2;3;2;2;0;0;1;0;0;0;0;782704,0744;5845329,816;13,18303693;52,68397317;0
1249;1,22005E+19;12;0;64;472;2020;5;8;2;3;5;3;0;0;1;0;0;0;0;831671,7337;5836098,002;13,89565637;52,57355042;0
1250;1,22004E+19;12;0;73;8;2020;4;0;2;2;8;1;2;0;1;0;0;0;0;832281,672;5895552,376;13,96513505;53,10567104;0
1251;1,22005E+19;12;0;72;120;2020;5;1;7;2;8;1;2;0;0;0;1;0;0;793722,3864;5812426,932;13,31649664;52,38315939;0
1252;1,22005E+19;12;0;65;225;2020;5;6;6;3;9;1;0;0;1;0;0;0;0;796020,1634;5841996,396;13,37646495;52,64698636;1
1253;1,22005E+19;12;0;54;0;2020;5;9;5;3;5;2;0;1;1;0;0;0;0;774167,202;5811989,634;13,02955794;52,38937257;0
1254;1,22004E+19;12;0;73;69;2020;4;14;2;2;8;1;0;0;0;0;1;0;0;795790,5212;5908377,24;13,43361014;53,24208028;0
1255;1,22005E+19;12;0;51;0;2020;5;10;5;3;4;6;0;1;0;0;0;0;0;737773,4389;5812900,437;12,49647275;52,41455725;0
1256;1,22005E+19;12;0;70;296;2020;5;13;6;3;5;3;0;0;1;0;1;0;0;690621,5963;5883880,612;11,84537;53,0703429;0
1257;1,22005E+19;12;0;54;0;2020;5;12;4;3;2;6;0;0;1;0;0;0;1;773227,168;5815083,958;13,01830333;52,41759283;0
1258;1,22004E+19;12;0;63;80;2020;4;9;2;3;2;6;0;0;1;0;0;0;0;780826,7627;5830934;13,14311272;52,55587;0
1259;1,22004E+19;12;0;63;244;2020;4;9;3;3;5;3;0;1;1;0;0;0;0;725830,0617;5825558,26;12,32974741;52,53322174;0
1260;1,22005E+19;12;0;71;304;2020;5;19;3;3;5;3;0;1;1;0;0;0;0;872309,1131;5758515,237;14,40745935;51,85292575;0
1261;1,22004E+19;12;0;60;24;2020;4;22;7;2;9;7;2;0;1;0;0;0;0;811239,6635;5856273,872;13,61420749;52,76641271;0
1262;1,22004E+19;12;0;67;237;2020;4;18;2;2;1;5;0;0;1;0;1;0;0;862964,9886;5814229,023;14,33169862;52,35784086;0
1263;1,22005E+19;12;0;61;112;2020;5;15;3;2;6;4;0;0;0;1;1;0;0;813939,3452;5811894,852;13,61209294;52,36718495;0
1264;1,22005E+19;12;0;72;17;2020;5;17;4;3;2;6;0;0;1;0;1;0;0;800508,059;5811047,923;13,41466493;52,36711959;0
1265;1,22005E+19;12;0;60;198;2020;5;12;1;3;4;6;0;1;1;0;0;0;0;816396,2095;5872874,002;13,70646436;52,91214712;0
1266;1,22004E+19;12;0;65;84;2020;4;7;6;2;0;7;0;0;0;0;0;0;1;776987,8686;5901024,549;13,14623271;53,18629716;0
1267;1,22004E+19;12;0;54;0;2020;4;13;3;3;2;6;0;0;1;0;0;0;0;775681,7875;5815825,087;13,05491597;52,42300816;0
1268;1,22005E+19;12;0;72;240;2020;5;12;1;2;8;1;0;0;0;0;1;0;1;792260,3113;5805217,495;13,28880385;52,3193072;0
1269;1,22004E+19;12;0;65;332;2020;4;11;2;3;6;2;0;0;1;1;0;0;0;782644,0284;5845714,882;13,18248145;52,68745696;0
1270;1,22005E+19;12;0;69;680;2020;5;4;2;2;7;7;1;0;0;0;1;0;0;734424,2278;5797580,191;12,43662922;52,27851541;0
1271;1,22005E+19;12;0;60;45;2020;5;14;1;2;4;1;0;0;1;0;1;0;0;832796,9558;5867544,709;13,94401582;52,85451938;0
1272;1,22005E+19;12;0;66;320;2020;5;12;6;2;5;3;0;1;1;0;0;0;0;850308,9193;5749800,829;14,08051757;51,78911249;0
1273;1,22004E+19;12;0;63;56;2020;4;10;3;3;5;3;0;1;1;0;0;0;0;779470,2945;5825813,425;13,11885101;52,51065227;0
1274;1,22004E+19;12;0;70;424;2020;4;9;2;3;5;3;0;0;1;0;0;1;0;685761,1435;5878396,628;11,76975227;53,02281485;0
1275;1,22005E+19;12;0;69;656;2020;5;10;6;3;0;1;0;1;0;0;0;0;0;767312,5377;5811303,24;12,9285248;52,38660406;0
1276;1,22005E+19;12;0;63;357;2020;5;12;7;3;5;3;0;1;0;0;0;0;1;766933,9141;5825752,703;12,93452481;52,51638764;0
1277;1,22005E+19;12;0;69;541;2020;5;13;1;3;3;6;0;0;1;0;0;0;1;751095,2367;5821336,693;12,69828269;52,48429411;0
1278;1,22004E+19;12;0;60;24;2020;4;11;6;3;5;3;0;1;1;0;0;0;0;813379,2218;5855118,618;13,64471003;52,75482522;0
1279;1,22004E+19;12;0;51;0;2020;4;17;3;3;3;6;0;0;1;0;1;0;0;740101,8762;5814022,984;12,53144796;52,42361351;0
1280;1,22006E+19;12;0;70;52;2020;6;14;2;2;0;7;0;1;0;0;0;0;0;687146,1632;5877789,688;11,79002481;53,01688288;0
1281;1,22004E+19;12;0;72;312;2020;4;12;1;2;8;1;0;0;0;0;0;0;1;788485,157;5782258,054;13,21400653;52,11544459;0
1282;1,22005E+19;12;0;73;532;2020;5;13;3;3;5;2;0;1;1;0;0;0;0;853230,915;5892376,847;14,27327791;53,0638044;0
1283;1,22005E+19;12;0;69;304;2020;5;19;6;3;2;6;0;0;1;0;0;0;0;787325,3081;5813233,474;13,22345777;52,39378253;0
1284;1,22004E+19;12;0;53;0;2020;4;15;4;3;5;3;0;1;1;0;0;0;0;875791,1057;5811605,252;14,51624199;52,32572858;0
1285;1,22004E+19;12;0;51;0;2020;4;16;1;3;1;5;0;0;1;0;0;0;0;742345,355;5813423,98;12,56394237;52,4172495;0
1286;1,22005E+19;12;0;69;590;2020;5;6;6;3;8;7;0;0;0;0;0;1;0;765967,4826;5801356,132;12,90093538;52,2980377;0
1287;1,22005E+19;12;0;72;120;2020;5;11;1;3;5;3;0;1;1;0;0;0;0;792893,7648;5808997,169;13,30136351;52,35285498;0
1288;1,22005E+19;12;0;71;76;2020;5;22;7;2;5;3;2;0;1;0;0;0;0;889453,4278;5747307,235;14,64261635;51,74095722;0
1289;1,22004E+19;12;0;60;280;2020;4;9;5;3;5;3;0;1;1;0;0;0;0;820278,8229;5841634,942;13,7334816;52,62998128;0
1290;1,22005E+19;12;0;60;5;2020;5;20;5;3;6;2;0;0;1;1;0;0;0;811347,2858;5831975,587;13,59287135;52,5486159;0
1291;1,22004E+19;12;0;51;0;2020;4;19;1;3;2;6;0;0;1;0;0;0;0;740943,1061;5810925,188;12,5415654;52,39544672;0
1292;1,22005E+19;12;0;60;20;2020;5;23;5;3;2;6;2;0;1;0;1;0;0;809872,5345;5845558,004;13,5839111;52,67117314;0
1293;1,22005E+19;12;0;69;397;2020;5;19;5;3;3;6;0;1;0;0;0;0;0;775053,6553;5805025,581;13,03684705;52,32647422;0
1294;1,22005E+19;12;0;64;136;2020;5;7;4;3;5;3;0;1;1;0;0;0;0;822846,3382;5830385,549;13,760331;52,5276786;0