OBJECTID;UIDENTSTLAE;ULAND;UREGBEZ;UKREIS;UGEMEINDE;UJAHR;UMONAT;USTUNDE;UWOCHENTAG;UKATEGORIE;UART;UTYP1;ULICHTVERH;IstRad;IstPKW;IstFuss;IstKrad;IstGkfz;IstSonstige;LINREFX;LINREFY;XGCSWGS84;YGCSWGS84;STRZUSTAND
1295;1,22004E+19;12;0;73;452;2020;4;8;2;3;4;6;0;0;1;0;0;1;0;822096,5279;5923877,352;13,84215557;53,36562315;0
1296;1,22004E+19;12;0;66;196;2020;4;18;3;3;8;1;0;0;1;0;0;0;0;833482,6232;5755805,364;13,84322757;51,85318448;0
1297;1,22005E+19;12;0;65;144;2020;5;6;3;3;3;2;0;1;1;0;0;0;0;792170,327;5843905,315;13,32141514;52,6661845;0
1298;1,22004E+19;12;0;60;269;2020;4;11;7;2;5;3;0;1;1;0;0;0;0;800855,6123;5852902,812;13,45768655;52,74207945;0
1299;1,22004E+19;12;0;61;405;2020;4;14;1;3;0;1;0;0;0;0;1;0;0;818238,6747;5768615,782;13,63446487;51,97688241;0
1300;1,22005E+19;12;0;64;472;2020;5;4;3;3;7;7;1;0;1;0;0;0;0;829430,4063;5835079,464;13,8616916;52,56578769;0
1301;1,22005E+19;12;0;66;176;2020;5;10;4;2;5;3;0;0;1;0;1;0;0;831838,244;5712338,149;13,77820365;51,46470045;0
1302;1,22005E+19;12;0;67;76;2020;5;12;1;3;8;6;0;0;1;0;0;0;0;879780,5778;5802758,073;14,56454745;52,24382038;0
1303;1,22004E+19;12;0;61;217;2020;4;3;5;3;7;7;2;0;0;0;1;0;0;831325,5901;5797002,867;13,85190956;52,22355304;0
1304;1,22005E+19;12;0;51;0;2020;5;22;1;2;5;3;2;0;1;0;0;0;0;738245,1707;5812914,158;12,5034053;52,41447522;0
1305;1,22004E+19;12;0;68;181;2020;4;17;2;3;8;1;0;0;0;0;0;0;1;720564,3217;5892674,552;12,29760326;53,13774657;0
1306;1,22004E+19;12;0;73;396;2020;4;12;1;2;0;1;0;1;0;0;0;0;0;809778,413;5888997,406;13,6238095;53,06047057;0
1307;1,22005E+19;12;0;60;280;2020;5;16;2;3;5;3;0;1;1;0;0;0;0;820214,2118;5842305,462;13,73317993;52,63602676;0
1308;1,22005E+19;12;0;66;272;2020;5;13;7;3;9;1;0;0;1;0;0;0;0;835594,0696;5709437,797;13,82933014;51,43650093;1
1309;1,22005E+19;12;0;71;304;2020;5;15;6;3;5;2;0;1;1;0;0;0;0;872783,548;5759604,58;14,41549088;51,86236013;0
1310;1,22004E+19;12;0;73;532;2020;4;9;3;3;8;1;0;1;0;0;0;0;0;854231,6275;5897717,347;14,29402703;53,11094525;0
1311;1,22004E+19;12;0;60;192;2020;4;16;1;2;8;1;0;0;0;0;1;0;0;812253,0407;5851241,534;13,62439169;52,72073601;0
1312;1,22005E+19;12;0;66;168;2020;5;17;6;3;2;6;0;0;1;0;0;0;0;833133,9501;5705918,392;13,79075578;51,40641662;0
1313;1,22004E+19;12;0;72;17;2020;4;11;1;3;5;3;0;1;1;0;0;0;0;802853,7841;5805691,243;13,44418684;52,31781526;0
1314;1,22005E+19;12;0;64;417;2020;5;11;7;3;5;3;0;0;1;0;0;0;0;840140,3238;5845811,676;14,03012641;52,65531559;0
1315;1,22005E+19;12;0;62;469;2020;5;16;6;3;5;3;0;1;1;0;0;0;0;821239,946;5737476,331;13,64912475;51,69610327;0
1316;1,22004E+19;12;0;61;332;2020;4;17;4;3;8;1;0;0;1;0;0;0;0;807571,553;5806168,583;13,5136221;52,31947224;1
1317;1,22005E+19;12;0;61;433;2020;5;9;4;3;1;3;0;1;1;0;0;0;0;802034,9969;5815435,743;13,44097661;52,40561032;0
1318;1,22004E+19;12;0;60;269;2020;4;9;1;2;0;1;0;1;0;0;0;0;0;799473,1296;5850380,223;13,43497029;52,72023685;0
1319;1,22005E+19;12;0;69;17;2020;5;14;4;3;0;1;0;0;0;0;1;0;1;770473,075;5794946,835;12,96171313;52,23835385;1
1320;1,22005E+19;12;0;60;52;2020;5;11;5;2;4;2;0;0;1;0;1;0;0;826564,8442;5863996,463;13,84824748;52,82654912;0
1321;1,22005E+19;12;0;63;273;2020;5;4;2;3;7;7;2;0;1;0;0;0;0;769917,9736;5839360,404;12,98947387;52,6369572;0
1322;1,22004E+19;12;0;61;433;2020;4;14;1;3;5;3;0;0;1;0;1;0;0;806481,425;5807670,176;13,49904582;52,33353996;0
1323;1,22004E+19;12;0;60;269;2020;4;13;7;2;5;3;0;0;1;0;0;0;0;805031,3303;5866162,806;13,5317093;52,85857311;0
1324;1,22005E+19;12;0;51;0;2020;5;13;6;3;5;3;0;1;1;0;0;0;0;737977,0281;5812898,519;12,49945912;52,41445155;0
1325;1,22004E+19;12;0;63;252;2020;4;12;4;3;8;1;0;1;0;0;0;0;0;725771,4839;5834440,368;12,33493444;52,61296179;0
1326;1,22005E+19;12;0;72;17;2020;5;9;4;3;3;6;0;0;1;0;0;1;0;803031,5179;5806617,895;13,44762084;52,32602316;0
1327;1,22004E+19;12;0;67;201;2020;4;11;1;3;5;3;0;1;1;0;0;0;0;827232,4874;5819198,071;13,81378204;52,42484188;0
1328;1,22005E+19;12;0;65;356;2020;5;23;5;3;5;3;2;0;1;0;1;0;0;791507,017;5879281,601;13,34320023;52,98365601;0
1329;1,22005E+19;12;0;71;372;2020;5;11;5;3;3;6;0;1;0;0;0;0;0;874515,044;5726823,191;14,40532337;51,56777186;0
1330;1,22005E+19;12;0;61;433;2020;5;19;3;3;8;1;0;0;0;0;1;0;0;802243,5501;5814181,992;13,44290193;52,3942575;0
1331;1,22004E+19;12;0;53;0;2020;4;15;2;3;2;2;0;0;1;0;1;0;0;876983,3233;5812563,281;14,53472737;52,33348471;0
1332;1,22004E+19;12;0;65;136;2020;4;17;1;2;5;3;0;0;1;0;1;0;0;783548,2508;5841846,48;13,19249602;52,65230122;0
1333;1,22004E+19;12;0;60;52;2020;4;17;3;3;4;2;0;0;1;0;1;0;0;824662,3575;5865738,689;13,82184415;52,84330417;0
1334;1,22006E+19;12;0;69;665;2020;6;16;2;3;5;2;0;1;0;0;1;0;0;736082,194;5779045,926;12,44797784;52,11147393;0
1335;1,22005E+19;12;0;71;244;2020;5;16;2;2;4;2;0;0;1;0;0;0;0;863300,2813;5748072,071;14,26628044;51,76535742;1
1336;1,22004E+19;12;0;60;20;2020;4;10;7;3;5;2;0;1;1;0;0;0;0;806378,3204;5846279,595;13,53306931;52,67962497;0
1337;1,22004E+19;12;0;70;145;2020;4;14;1;1;8;1;0;0;0;0;1;0;0;692807,2609;5895647,135;11,88502068;53,1751971;0
1338;1,22005E+19;12;0;63;80;2020;5;15;2;3;2;6;0;0;1;0;0;0;0;779177,4093;5830049,824;13,11810437;52,54878977;0
1339;1,22005E+19;12;0;73;532;2020;5;6;4;3;5;2;0;1;1;0;0;0;0;851915,6083;5893065,638;14,2544849;53,07083712;0
1340;1,22004E+19;12;0;72;477;2020;4;12;1;3;1;6;0;0;1;0;0;0;0;804798,5272;5792038,727;13,460314;52,19436888;0
1341;1,22005E+19;12;0;63;357;2020;5;1;7;2;9;1;2;0;1;0;1;0;0;770079,8266;5826505,754;12,98138511;52,52159237;0
1342;1,22004E+19;12;0;60;269;2020;4;5;5;3;2;6;0;0;1;0;0;0;0;805049,0986;5866153,94;13,53196408;52,8584836;0
1343;1,22005E+19;12;0;60;20;2020;5;17;1;2;0;7;0;1;0;1;0;0;0;809279,831;5846986,844;13,57651456;52,68431561;0
1344;1,22004E+19;12;0;69;648;2020;4;15;7;3;9;1;0;0;1;0;0;0;0;735977,397;5799093,596;12,46041281;52,2914326;0
1345;1,22005E+19;12;0;68;468;2020;5;12;2;2;8;1;0;0;1;0;0;0;0;726154,2179;5905965,873;12,39042684;53,25467357;0
1346;1,22005E+19;12;0;60;181;2020;5;7;7;3;5;2;0;1;0;0;0;0;1;807424,3629;5843761,873;13,54614616;52,65647006;0
1347;1,22005E+19;12;0;73;452;2020;5;18;6;2;9;1;0;0;1;0;0;0;0;827615,0234;5914830,306;13,91544098;53,28121109;0
1348;1,22004E+19;12;0;72;240;2020;4;16;2;2;5;3;0;0;1;0;1;0;0;790812,9098;5802699,93;13,26545394;52,29750414;0
1349;1,22004E+19;12;0;72;312;2020;4;16;7;2;8;1;0;0;0;0;1;0;0;785624,886;5788096,402;13,1772499;52,16928032;0
1350;1,22004E+19;12;0;60;52;2020;4;10;3;2;3;6;0;0;1;0;0;1;0;821458,6971;5865139,05;13,77385425;52,83985228;0
1351;1,22005E+19;12;0;60;269;2020;5;11;6;3;2;2;0;0;1;0;0;0;0;800061,3858;5845353,77;13,43907176;52,6748597;0
1352;1,22005E+19;12;0;62;333;2020;5;11;6;2;8;1;0;0;0;0;1;0;0;826951,4609;5731449,652;13,72584839;51,63880394;0
1353;1,22005E+19;12;0;67;36;2020;5;15;6;2;4;6;0;0;1;0;0;0;1;857947,346;5792434,097;14,23523664;52,16601068;0
1354;1,22004E+19;12;0;67;336;2020;4;17;4;3;5;3;0;1;1;0;0;0;0;870750,6311;5804593,428;14,43490645;52,26639787;0
1355;1,22004E+19;12;0;64;408;2020;4;13;3;3;2;6;0;1;0;0;0;1;0;831287,617;5831421,768;13,88534371;52,53189747;0
1356;1,22005E+19;12;0;60;5;2020;5;18;4;3;5;2;0;0;1;0;1;0;0;810751,965;5835656,919;13,58756802;52,58194526;0
1357;1,22004E+19;12;0;72;312;2020;4;9;7;3;2;2;0;0;1;0;0;0;0;789401,4395;5776362,308;13,22235008;52,06210264;0
1358;1,22005E+19;12;0;52;0;2020;5;13;4;3;2;6;0;0;1;0;0;0;0;867215,8572;5749438,714;14,32422012;51,77504055;0
1359;1,22005E+19;12;0;64;227;2020;5;10;5;2;0;7;0;1;0;0;0;0;0;814525,349;5831471,721;13,63910958;52,54227549;0
1360;1,22005E+19;12;0;73;572;2020;5;13;2;2;8;7;0;0;0;0;0;0;1;808620,9559;5883797,459;13,60162016;53,01454643;1
1361;1,22004E+19;12;0;63;189;2020;4;11;6;3;8;1;0;0;1;0;0;0;0;727667,1966;5815969,702;12,35023195;52,44640187;0
1362;1,22004E+19;12;0;53;0;2020;4;16;3;3;2;2;0;0;1;0;0;0;0;875813,3591;5811582,698;14,51654183;52,32551153;0
1363;1,22006E+19;12;0;60;269;2020;6;18;2;3;2;6;0;0;1;0;0;0;0;799418,7532;5850791,164;13,43454196;52,72395015;0
1364;1,22005E+19;12;0;54;0;2020;5;19;1;2;0;1;0;0;0;0;1;0;0;775817,9899;5814673,033;13,05596426;52,41260816;0
1365;1,22004E+19;12;0;63;208;2020;4;11;7;2;4;6;0;0;0;0;1;1;0;765912,303;5843787,34;12,93398988;52,67863798;0
1366;1,22005E+19;12;0;68;280;2020;5;10;4;3;2;6;0;0;1;0;0;0;0;767735,9635;5876793,63;12,987953;52,97374274;0
1367;1,22004E+19;12;0;63;273;2020;4;15;7;3;4;2;0;1;0;0;0;0;1;780771,443;5835582,534;13,14623595;52,59757982;0
1368;1,22005E+19;12;0;65;356;2020;5;15;7;3;0;7;0;1;0;0;0;0;0;789695,7335;5878962,457;13,3160119;52,98177676;0
1369;1,22004E+19;12;0;61;112;2020;4;11;4;2;5;2;0;0;1;0;0;0;0;814744,73;5812015,457;13,62399621;52,36780403;0
1370;1,22004E+19;12;0;61;112;2020;4;16;7;3;5;2;0;0;1;0;1;0;0;814744,73;5812015,457;13,62399621;52,36780403;0
1371;1,22005E+19;12;0;69;485;2020;5;17;7;2;0;7;0;1;0;0;0;0;0;748157,756;5774957,082;12,62099399;52,06950101;0
1372;1,22004E+19;12;0;61;433;2020;4;17;1;3;2;6;0;0;1;0;1;0;0;801839,3301;5816342,956;13,43892686;52,41384987;0
1373;1,22004E+19;12;0;61;540;2020;4;17;7;2;5;3;0;0;1;0;1;0;0;813718,415;5806249,393;13,60359014;52,31672034;0
1374;1,22004E+19;12;0;67;24;2020;4;15;3;2;4;6;0;0;1;0;0;0;0;846026,9609;5809351,028;14,0789577;52,32510401;0
1375;1,22006E+19;12;0;52;0;2020;6;16;2;3;3;6;0;0;1;0;0;0;0;866575,4356;5742730,367;14,30791454;51,71540209;0
1376;1,22005E+19;12;0;53;0;2020;5;13;2;2;0;7;0;1;0;0;0;0;0;877031,0184;5812644,932;14,53551557;52,33418262;1
1377;1,22004E+19;12;0;73;572;2020;4;21;7;3;7;7;2;0;1;0;0;0;0;804724,6937;5897049,042;13,55627132;53,13552385;0
1378;1,22005E+19;12;0;67;120;2020;5;9;4;3;6;2;0;0;1;1;0;0;0;887783,3037;5792237,848;14,66916149;52,1441272;0
1379;1,22004E+19;12;0;60;269;2020;4;11;7;3;5;3;0;1;1;0;0;0;0;799403,6826;5850598,168;13,43414369;52,72222868;0
1380;1,22005E+19;12;0;60;269;2020;5;18;7;3;0;1;0;1;0;0;0;0;0;801777,7624;5854498,369;13,47277163;52,75586588;0
1381;1,22004E+19;12;0;70;28;2020;4;1;5;2;9;1;2;0;1;0;0;0;0;689822,9333;5901121,121;11,84367957;53,22541536;0
1382;1,22004E+19;12;0;53;0;2020;4;12;7;3;5;3;0;1;1;0;0;0;0;877141,6096;5812851,831;14,53736298;52,33595811;0
1383;1,22005E+19;12;0;72;477;2020;5;18;7;3;8;1;0;0;1;0;0;0;0;805960,6503;5788626,528;13,47418781;52,16314132;0
1384;1,22004E+19;12;0;67;473;2020;4;15;7;3;5;2;0;0;1;0;0;0;0;846147,3933;5823172,434;14,09498473;52,44879757;0
1385;1,22005E+19;12;0;61;332;2020;5;14;1;3;2;6;0;1;0;0;0;0;0;809150,5652;5803464,719;13,53423412;52,29435295;0
1386;1,22005E+19;12;0;70;302;2020;5;10;7;3;3;3;0;1;1;0;0;0;0;698119,3069;5881898,374;11,95590767;53,04982069;0
1387;1,22005E+19;12;0;53;0;2020;5;13;6;2;4;6;0;0;1;0;0;0;0;873938,1224;5809575,319;14,48692363;52,3088267;0
1388;1,22004E+19;12;0;66;304;2020;4;7;2;3;5;3;0;1;1;0;0;0;0;845348,089;5717604,69;13,977108;51,5038024;0
1389;1,22004E+19;12;0;63;244;2020;4;23;6;3;9;1;2;0;1;0;0;0;0;729954,178;5824292,948;12,38956543;52,52014155;0
1390;1,22005E+19;12;0;65;36;2020;5;16;6;2;3;6;0;1;0;0;0;0;0;788554,0917;5847843,683;13,27154088;52,70342751;0
1391;1,22005E+19;12;0;60;198;2020;5;0;6;3;8;1;2;0;0;0;1;0;0;812300,6241;5866327,706;13,63948218;52,85588613;0
1392;1,22005E+19;12;0;60;20;2020;5;11;5;3;2;6;0;0;1;0;0;0;0;806607,6101;5851289,518;13,54111755;52,72439262;0
1393;1,22004E+19;12;0;73;201;2020;4;8;3;2;6;4;0;0;1;0;0;0;1;818081,2171;5898675,128;13,75685529;53,14229412;0
1394;1,22004E+19;12;0;65;136;2020;4;14;3;3;4;6;0;0;1;0;0;0;0;784515,852;5837294,843;13,20284199;52,61098587;0
1395;1,22005E+19;12;0;65;251;2020;5;16;4;3;2;2;0;0;1;0;1;0;0;781164,3798;5843552,954;13,15880444;52,66884224;0
1396;1,22004E+19;12;0;63;252;2020;4;12;6;3;8;1;0;0;1;0;0;0;0;730341,4009;5832518,693;12,40097225;52,59379825;0
1397;1,22005E+19;12;0;67;124;2020;5;15;4;2;5;3;0;1;1;0;0;0;0;823535,5803;5818512,063;13,75893984;52,42089389;0
1398;1,22005E+19;12;0;67;124;2020;5;22;5;2;0;1;2;1;0;0;0;0;0;823257,1737;5818042,907;13,75440686;52,41685505;0
1399;1,22005E+19;12;0;70;241;2020;5;8;2;2;9;1;0;0;1;0;0;0;0;699865,0215;5867046,85;11,97274096;52,91584438;1
1400;1,22004E+19;12;0;73;569;2020;4;13;6;2;8;1;0;0;0;0;1;0;0;817908,2395;5893241,629;13,74889897;53,09372219;0
1401;1,22004E+19;12;0;65;256;2020;4;8;3;2;5;3;0;1;1;0;0;0;0;783589,5652;5852944,655;13,20266926;52,75178303;0
1402;1,22006E+19;12;0;67;473;2020;6;14;2;2;4;6;0;0;1;0;1;0;0;847381,9741;5816252,026;14,10589671;52,3860455;0
1403;1,22004E+19;12;0;63;80;2020;4;11;6;2;9;1;0;0;1;0;0;0;0;779833,1585;5831333,331;13,12883197;52,55996218;0
1404;1,22005E+19;12;0;66;196;2020;5;16;3;2;2;6;0;0;0;0;0;1;0;838679,3083;5753839,766;13,91647912;51,83245013;0
1405;1,22004E+19;12;0;69;216;2020;4;19;6;2;9;1;1;0;1;0;0;0;0;745722,8196;5798033,332;12,60224849;52,27764929;0
1406;1,22005E+19;12;0;72;240;2020;5;13;6;2;8;1;0;0;0;0;1;0;0;796375,52;5798860,659;13,34341815;52,2601154;0
1407;1,22004E+19;12;0;64;44;2020;4;9;4;3;2;6;0;0;1;0;0;0;0;840501,8038;5865738,969;14,05611453;52,83353687;0
1408;1,22004E+19;12;0;71;244;2020;4;17;6;2;8;7;0;0;1;0;0;0;0;853924,9344;5746125,744;14,12899307;51,75392734;0
1409;1,22005E+19;12;0;64;29;2020;5;11;7;3;2;6;0;0;1;0;0;0;0;817129,8966;5832651,063;13,6785129;52,55133309;0
1410;1,22005E+19;12;0;65;251;2020;5;15;2;3;5;3;0;1;1;0;0;0;0;777156,7665;5849171,452;13,10442326;52,72128527;0
1411;1,22005E+19;12;0;62;372;2020;5;16;7;3;2;6;0;0;1;0;1;0;0;820040,937;5711621,599;13,60828511;51,46506836;0
1412;1,22004E+19;12;0;69;19;2020;4;7;5;2;9;6;0;0;1;0;0;1;0;745576,5564;5822490,626;12,61802886;52,49715814;0
1413;1,22005E+19;12;0;51;0;2020;5;6;5;3;2;6;0;0;1;0;0;0;0;738242,501;5812925,209;12,50337399;52,41457554;0
1414;1,22004E+19;12;0;71;337;2020;4;15;6;3;5;3;0;0;1;0;0;0;0;887168,2684;5770869,376;14,63603479;51,95337034;0
1415;1,22005E+19;12;0;61;332;2020;5;9;5;3;2;2;0;0;1;0;0;0;1;809796,5505;5799724,878;13,54024286;52,26047185;0
1416;1,22005E+19;12;0;72;14;2020;5;13;5;3;0;6;0;0;1;0;1;0;0;811969,5993;5772536,873;13,54704903;52,01557841;0
1417;1,22005E+19;12;0;61;540;2020;5;10;4;2;5;3;0;0;1;0;0;0;0;813578,7573;5806032,727;13,60134614;52,31485843;0
1418;1,22004E+19;12;0;69;596;2020;4;10;2;2;5;3;0;1;1;0;0;0;0;772703,685;5799998,362;12,99837902;52,2825595;0
1419;1,22004E+19;12;0;69;28;2020;4;6;2;3;5;3;0;0;1;0;1;0;0;729563,6879;5811897,784;12,37529161;52,4090645;1
1420;1,22005E+19;12;0;64;512;2020;5;15;1;2;8;1;0;0;0;0;1;0;0;836750,0149;5855312,802;13,98991523;52,7425203;0
1421;1,22005E+19;12;0;61;316;2020;5;1;6;3;7;7;2;0;1;0;0;0;0;830422,6652;5766094,777;13,80881222;51,94719092;0
1422;1,22005E+19;12;0;65;251;2020;5;17;6;3;2;2;0;0;1;0;0;0;1;780475,8141;5839441,798;13,14515524;52,63233647;0
1423;1,22004E+19;12;0;73;452;2020;4;8;6;3;5;2;0;1;1;0;0;0;0;823801,494;5918188,14;13,8618729;53,31362686;0
1424;1,22005E+19;12;0;69;604;2020;5;19;5;3;6;4;0;0;1;1;0;0;0;782414,8798;5811356,772;13,1499046;52,37950843;0
1425;1,22005E+19;12;0;65;136;2020;5;14;6;3;5;3;0;1;1;0;0;0;0;785990,1588;5839498,582;13,22646204;52,62996984;0
1426;1,22005E+19;12;0;72;2;2020;5;18;4;2;3;2;0;1;1;0;0;0;0;800962,0937;5789070,731;13,40172099;52,16986953;0
1427;1,22004E+19;12;0;72;426;2020;4;17;2;3;5;3;0;1;1;0;0;0;0;789921,4711;5797250,559;13,24773651;52,24911712;0
1428;1,22004E+19;12;0;62;140;2020;4;14;2;3;9;1;0;0;0;0;0;0;1;824260,3975;5729277,103;13,6850812;51,62089154;0
1429;1,22005E+19;12;0;72;477;2020;5;21;3;3;5;3;2;1;1;0;0;0;0;805714,6287;5789356,647;13,47125923;52,16982182;0
1430;1,22004E+19;12;0;60;269;2020;4;13;6;3;9;1;0;0;0;0;0;0;1;800181,5559;5847562,187;13,44285602;52,69458697;0
1431;1,22005E+19;12;0;69;590;2020;5;10;3;2;9;1;0;0;1;0;0;0;0;770623,7106;5808651,12;12,97492121;52,36119238;0
1432;1,22005E+19;12;0;68;117;2020;5;20;5;3;6;4;1;0;1;1;0;0;0;755595,3529;5857175,486;12,79215243;52,80369471;0
1433;1,22005E+19;12;0;61;433;2020;5;13;1;3;1;2;0;0;1;0;0;0;0;804025,0036;5811267,441;13,46636071;52,36714851;0
1434;1,22004E+19;12;0;60;269;2020;4;14;6;3;2;6;0;0;1;0;0;0;0;799696,6456;5849836,727;13,43777419;52,71524188;0
1435;1,22004E+19;12;0;69;616;2020;4;15;1;3;3;6;0;1;1;0;0;0;0;791771,2615;5815179,825;13,2903079;52,40888183;0
1436;1,22005E+19;12;0;72;17;2020;5;22;1;2;8;1;2;0;0;0;1;0;0;802802,7178;5807213,224;13,44480954;52,33148554;0
1437;1,22004E+19;12;0;60;269;2020;4;12;6;3;5;3;0;0;1;0;0;0;0;800108,464;5846182,684;13,44052079;52,68226313;0
1438;1,22005E+19;12;0;60;269;2020;5;18;3;3;3;6;0;1;0;0;0;0;0;802951,4835;5846715,131;13,48293732;52,68545397;0
1439;1,22005E+19;12;0;66;285;2020;5;16;6;3;8;7;0;0;1;0;0;0;0;840197,4102;5719937,961;13,90542202;51,52782709;0
1440;1,22004E+19;12;0;65;136;2020;4;18;4;2;0;7;0;0;0;0;1;0;1;786909,5061;5842075,029;13,24224628;52,65258369;1
1441;1,22004E+19;12;0;64;136;2020;4;12;6;3;2;2;0;0;1;0;0;0;1;822081,0397;5828953,32;13,74770222;52,51529948;0
1442;1,22005E+19;12;0;72;17;2020;5;18;6;3;2;6;0;0;1;0;0;0;0;799532,3926;5806988,149;13,39675847;52,33126196;0
1443;1,22004E+19;12;0;62;469;2020;4;14;1;1;3;6;0;0;0;0;1;0;0;819590,7287;5738072,057;13,62588612;51,70238302;0
1444;1,22005E+19;12;0;54;0;2020;5;15;1;3;3;2;0;0;1;0;0;0;0;773947,1252;5814719,715;13,02856506;52,41396635;0
1445;1,22005E+19;12;0;69;616;2020;5;14;6;3;5;3;0;0;1;0;0;0;0;790377,5976;5814211,976;13,26903767;52,40094568;0
1446;1,22004E+19;12;0;68;477;2020;4;11;5;2;1;6;0;0;1;0;0;0;0;736561,0785;5860390,283;12,51267901;52,8412212;1
1447;1,22005E+19;12;0;67;124;2020;5;17;5;3;5;3;0;0;1;0;1;0;0;823542,2244;5818513,69;13,75903878;52,42090454;0
1448;1,22004E+19;12;0;64;472;2020;4;17;6;3;0;1;0;0;0;0;1;0;0;831481,075;5837675,007;13,89443013;52,58779222;0
1449;1,22005E+19;12;0;64;408;2020;5;17;5;3;3;6;0;1;1;0;0;0;0;832717,7882;5831447,565;13,90637574;52,53125761;0
1450;1,22005E+19;12;0;61;320;2020;5;22;5;3;0;7;2;1;0;0;0;0;0;830922,0312;5760648,191;13,81082053;51,89809651;0
1451;1,22005E+19;12;0;67;24;2020;5;14;4;2;8;1;0;0;1;0;0;0;0;845138,1363;5806375,532;14,06291786;52,29901661;0
1452;1,22004E+19;12;0;60;269;2020;4;15;2;3;2;6;0;0;1;0;0;0;0;799744,0068;5849642,178;13,43829587;52,71347194;0
1453;1,22004E+19;12;0;69;632;2020;4;14;1;2;2;6;0;0;0;0;1;0;0;765093,0905;5778916,023;12,87059147;52,09717157;0
1454;1,22005E+19;12;0;72;17;2020;5;12;2;3;4;6;0;0;1;0;0;0;0;799711,8902;5808280,611;13,4005369;52,34274952;1
1455;1,22004E+19;12;0;72;17;2020;4;12;6;2;6;4;0;0;0;1;0;0;1;800344,9697;5810642,876;13,41191434;52,36357822;0
1456;1,22004E+19;12;0;67;201;2020;4;15;6;3;3;2;0;0;0;0;0;1;1;825482,1985;5818921,239;13,7878628;52,42340556;0
1457;1,22005E+19;12;0;68;320;2020;5;13;3;3;5;3;0;1;1;0;0;0;0;755304,8103;5870604,146;12,79837189;52,92428633;0
1458;1,22005E+19;12;0;61;260;2020;5;12;4;3;5;3;0;0;1;0;0;0;0;815997,029;5801444,688;13,63240516;52,27235905;0
1459;1,22005E+19;12;0;72;2;2020;5;19;7;3;2;6;0;0;1;0;0;0;0;799848,3628;5792016,018;13,38808694;52,19687788;0
1460;1,22004E+19;12;0;71;57;2020;4;13;5;2;6;4;0;0;1;1;0;0;0;861044,7971;5735655,264;14,2208817;51,65563529;0
1461;1,22005E+19;12;0;71;244;2020;5;17;1;3;2;6;0;0;1;0;1;0;0;865427,7303;5742959,203;14,29161235;51,71819905;0
1462;1,22004E+19;12;0;72;120;2020;4;12;5;3;2;6;0;0;1;0;0;0;1;795309,9276;5813402,57;13,34061385;52,39105236;0
1463;1,22005E+19;12;0;64;336;2020;5;10;2;3;5;3;0;1;1;0;0;0;0;818149,3797;5830163,727;13,69111679;52,52845219;0
1464;1,22005E+19;12;0;67;124;2020;5;13;7;2;8;1;0;0;1;0;0;0;0;825505,6506;5816954,956;13,78629454;52,40577582;1
1465;1,22005E+19;12;0;73;532;2020;5;13;3;2;9;1;0;0;1;0;0;0;0;850340,8709;5893040,15;14,23105194;53,07164296;0
1466;1,22004E+19;12;0;72;477;2020;4;10;6;3;6;4;0;0;1;1;0;0;0;805400,8193;5788416,218;13,46583905;52,16156603;0
1467;1,22004E+19;12;0;61;433;2020;4;15;5;3;3;6;0;0;1;0;0;1;0;810956,734;5806352,465;13,56329968;52,31921429;0
1468;1,22005E+19;12;0;60;269;2020;5;9;3;3;5;3;0;1;1;0;0;0;0;801884,2304;5855861,593;13,4755993;52,76802417;0
1469;1,22005E+19;12;0;72;232;2020;5;9;4;3;2;6;0;0;1;0;1;0;0;786257,5692;5779165,628;13,1789644;52,08887232;0
1470;1,22005E+19;12;0;60;20;2020;5;14;1;2;4;2;0;0;1;0;1;0;0;802714,3585;5852774,263;13,4850169;52,7398905;0
1471;1,22004E+19;12;0;69;306;2020;4;13;5;3;8;6;0;0;0;0;0;1;0;747679,9149;5805204,701;12,63615201;52,34111575;0
1472;1,22005E+19;12;0;72;312;2020;5;17;1;2;9;1;0;0;0;0;1;0;0;789557,1983;5782562,001;13,22987853;52,11760984;0
1473;1,22004E+19;12;0;61;433;2020;4;19;5;3;2;6;1;0;1;0;0;0;0;810220,5026;5807886,031;13,55394644;52,33337449;0
1474;1,22005E+19;12;0;51;0;2020;5;14;2;3;0;7;0;1;1;0;0;0;0;743391,141;5812206,143;12,57840363;52,40585796;0
1475;1,22005E+19;12;0;68;320;2020;5;14;1;3;0;1;0;0;0;0;1;0;0;753082,1608;5881311,493;12,77375113;53,02138277;0
1476;1,22005E+19;12;0;66;112;2020;5;14;6;1;8;1;0;0;0;0;1;0;0;852114,6263;5725822,702;14,08243152;51,57323433;0
1477;1,22004E+19;12;0;61;433;2020;4;17;3;3;5;3;0;0;1;0;0;0;0;806482,2864;5807671,582;13,4990597;52,33355209;0