OBJECTID;UIDENTSTLAE;ULAND;UREGBEZ;UKREIS;UGEMEINDE;UJAHR;UMONAT;USTUNDE;UWOCHENTAG;UKATEGORIE;UART;UTYP1;ULICHTVERH;IstRad;IstPKW;IstFuss;IstKrad;IstGkfz;IstSonstige;LINREFX;LINREFY;XGCSWGS84;YGCSWGS84;STRZUSTAND
1478;1,22004E+19;12;0;73;572;2020;4;9;5;2;5;3;0;1;1;0;0;0;0;801656,8924;5894963,814;13,50859732;53,11858124;0
1479;1,22005E+19;12;0;54;0;2020;5;11;6;2;8;1;0;1;0;0;0;0;0;776921,4929;5813761,751;13,07139338;52,40387897;0
1480;1,22005E+19;12;0;61;433;2020;5;13;7;3;5;3;0;1;1;0;0;0;0;810173,342;5811039,66;13,55616729;52,36166398;0
1481;1,22005E+19;12;0;61;428;2020;5;17;6;2;9;1;0;0;0;0;1;0;0;835879,6121;5775711,589;13,89733079;52,03007479;0
1482;1,22004E+19;12;0;69;616;2020;4;11;4;3;4;2;0;1;1;0;0;0;0;790573,7659;5814007,636;13,27173573;52,39900966;1
1483;1,22005E+19;12;0;69;590;2020;5;19;4;3;5;3;0;0;1;0;1;0;0;764123,127;5802491,585;12,87484191;52,30911209;0
1484;1,22004E+19;12;0;64;428;2020;4;17;5;3;2;6;0;0;1;0;0;0;0;825366,0916;5827585,893;13,79460651;52,50109965;0
1485;1,22005E+19;12;0;65;251;2020;5;10;5;3;0;7;0;1;0;0;0;0;0;781133,822;5843542,861;13,15834514;52,66876758;0
1486;1,22005E+19;12;0;73;452;2020;5;16;5;2;8;1;0;0;0;0;1;0;0;818874,2661;5921827,956;13,79183683;53,34921807;0
1487;1,22005E+19;12;0;67;481;2020;5;9;3;2;2;6;0;0;1;0;0;0;0;837078,0324;5802175,135;13,940968;52,26639471;0
1488;1,22004E+19;12;0;68;320;2020;4;21;2;3;4;6;2;0;1;0;0;0;0;755022,4116;5869516,424;12,79332652;52,91466375;0
1489;1,22004E+19;12;0;69;596;2020;4;13;7;3;4;1;0;0;1;0;0;0;0;772846,3049;5799852,233;13,00034637;52,28117819;0
1490;1,22004E+19;12;0;69;17;2020;4;17;1;2;4;2;0;0;1;0;1;0;0;766611,4354;5792250,401;12,90316896;52,21605044;0
1491;1,22006E+19;12;0;69;270;2020;6;14;2;3;0;7;0;0;1;0;0;0;0;735888,6629;5819714,187;12,47362452;52,47651794;0
1492;1,22005E+19;12;0;60;181;2020;5;16;2;3;9;1;0;0;1;0;0;0;0;808780,7192;5839769,214;13,5624028;52,61992001;1
1493;1,22004E+19;12;0;63;80;2020;4;16;6;3;2;6;0;0;1;0;0;0;1;779097,7805;5831620,005;13,11825339;52,5629102;0
1494;1,22004E+19;12;0;64;472;2020;4;8;5;3;5;3;0;0;1;0;0;0;0;831723,92;5835585,163;13,89591073;52,568925;0
1495;1,22005E+19;12;0;60;185;2020;5;2;4;1;8;1;2;0;1;0;0;0;0;838302,0979;5878965,127;14,03733687;52,95336059;0
1496;1,22004E+19;12;0;67;473;2020;4;17;5;2;2;2;0;0;1;0;0;0;0;852439,945;5822598,136;14,18659159;52,43963672;0
1497;1,22005E+19;12;0;73;532;2020;5;17;7;2;3;6;0;0;1;0;1;0;0;854004,1572;5892188,343;14,28456074;53,06160591;0
1498;1,22004E+19;12;0;64;227;2020;4;19;5;3;5;2;0;1;1;0;0;0;0;814561,4777;5831149,981;13,63933597;52,53937164;0
1499;1,22005E+19;12;0;67;112;2020;5;17;1;3;5;3;0;1;1;0;0;0;0;845447,338;5799658,484;14,06056259;52,23866844;0
1500;1,22004E+19;12;0;63;260;2020;4;10;4;3;3;6;0;1;1;0;0;0;0;725552,7609;5849812,405;12,34223589;52,7510114;0
1501;1,22005E+19;12;0;72;120;2020;5;16;1;3;6;7;0;1;0;1;0;0;0;794804,4492;5808645,872;13,32902847;52,34868227;0
1502;1,22005E+19;12;0;67;336;2020;5;20;7;2;0;1;1;1;0;0;0;0;0;870772,8989;5804637,378;14,43527953;52,26677623;1
1503;1,22005E+19;12;0;60;181;2020;5;14;6;3;2;6;0;0;1;0;0;0;0;806812,5937;5842911,443;13,53633979;52,64919493;0
1504;1,22004E+19;12;0;63;273;2020;4;16;2;3;6;3;0;0;0;1;0;0;1;778981,9156;5836573,735;13,12071944;52,60738881;0
1505;1,22004E+19;12;0;51;0;2020;4;17;4;3;0;1;0;1;0;0;0;0;0;740028,8467;5814345,239;12,53060735;52,42653722;0
1506;1,22005E+19;12;0;64;428;2020;5;7;6;3;5;3;0;0;1;0;0;0;1;823374,136;5824385,001;13,76225819;52,47360638;0
1507;1,22005E+19;12;0;73;505;2020;5;18;6;3;2;6;0;0;1;0;0;0;0;848058,3095;5888056,429;14,19174456;53,02851731;0
1508;1,22005E+19;12;0;72;17;2020;5;19;5;3;0;1;0;1;0;0;0;0;0;800438,6244;5806821,877;13,40986964;52,32927637;0
1509;1,22004E+19;12;0;65;198;2020;4;5;4;3;4;6;1;0;1;0;1;0;1;779342,0629;5871994,193;13,15620626;52,92479414;1
1510;1,22004E+19;12;0;66;320;2020;4;14;1;3;6;7;0;1;0;1;0;0;0;851805,7846;5749632,901;14,10196382;51,78667013;0
1511;1,22005E+19;12;0;67;336;2020;5;13;4;3;7;7;0;0;1;0;0;0;0;870502,0845;5804102,467;14,43074221;52,26217103;0
1512;1,22004E+19;12;0;66;285;2020;4;15;4;2;3;6;0;1;1;0;0;0;0;839537,9553;5719980,17;13,89599115;51,52860182;0
1513;1,22005E+19;12;0;53;0;2020;5;19;6;2;2;6;1;0;1;0;0;1;0;875256,9975;5810905,173;14,50766078;52,31982873;0
1514;1,22004E+19;12;0;64;512;2020;4;7;3;3;3;6;0;0;1;0;0;0;0;842606,122;5847769,911;14,06847042;52,6713004;0
1515;1,22004E+19;12;0;61;260;2020;4;13;4;3;5;3;0;0;1;0;0;0;0;813800,466;5803860,236;13,60256446;52,29526315;0
1516;1,22004E+19;12;0;61;332;2020;4;14;1;2;8;7;0;0;1;0;0;0;0;808923,2048;5800588,558;13,52827698;52,26870339;0
1517;1,22005E+19;12;0;62;372;2020;5;0;6;3;8;1;2;0;1;0;0;0;0;817269,2698;5714099,089;13,57073636;51,48883403;0
1518;1,22005E+19;12;0;65;256;2020;5;9;7;2;5;2;0;0;1;0;0;0;0;789228,3016;5854734,235;13,28755852;52,76483961;0
1519;1,22005E+19;12;0;71;304;2020;5;12;6;2;9;2;0;0;1;0;0;0;0;872225,8017;5758475,212;14,40621208;51,85262298;0
1520;1,22004E+19;12;0;62;140;2020;4;16;4;3;5;3;0;1;1;0;0;0;0;824410,027;5730697,067;13,68854975;51,63353027;0
1521;1,22004E+19;12;0;71;244;2020;4;15;1;2;5;3;0;1;1;0;0;0;0;862332,029;5748608,904;14,25286809;51,7707908;0
1522;1,22005E+19;12;0;67;124;2020;5;6;4;2;2;6;0;0;1;0;0;0;1;825316,0695;5818776,561;13,78528762;52,42220817;0
1523;1,22004E+19;12;0;62;140;2020;4;18;4;3;5;3;0;1;1;0;0;0;0;826284,5638;5729088,295;13,71404546;51,61803064;0
1524;1,22005E+19;12;0;51;0;2020;5;7;4;3;2;6;0;0;1;0;0;0;0;740563,899;5812124,676;12,53686468;52,40637669;0
1525;1,22005E+19;12;0;60;20;2020;5;11;5;2;4;6;0;1;0;0;0;0;0;807486,1787;5848347,937;13,55133552;52,69753339;0
1526;1,22005E+19;12;0;61;260;2020;5;20;2;3;9;1;0;0;0;0;1;0;0;815859,5942;5803895,925;13,63269281;52,29440384;1
1527;1,22004E+19;12;0;66;272;2020;4;15;1;2;3;6;0;1;0;0;1;0;0;838067,5936;5712839,798;13,86803589;51,46551121;0
1528;1,22004E+19;12;0;70;296;2020;4;11;7;3;0;1;0;1;0;0;0;0;0;693420,0534;5883535,721;11,88687723;53,06624097;0
1529;1,22004E+19;12;0;60;100;2020;4;15;1;2;8;1;0;0;0;0;1;0;0;816966,0397;5876506,765;13,71845502;52,94435772;0
1530;1,22006E+19;12;0;67;40;2020;6;6;2;1;8;7;0;0;0;0;1;0;0;852590,3783;5811909,613;14,17755444;52,34383943;0
1531;1,22005E+19;12;0;65;256;2020;5;8;2;3;5;3;0;0;1;0;0;1;0;782643,3438;5852442,941;13,18825542;52,74778017;1
1532;1,22004E+19;12;0;71;372;2020;4;19;4;2;9;1;0;0;1;0;0;0;0;876768,7682;5730039,02;14,44114085;51,59505716;0
1533;1,22005E+19;12;0;67;481;2020;5;14;4;3;5;3;0;1;1;0;0;0;0;836757,917;5799937,931;13,93406486;52,24655157;0
1534;1,22004E+19;12;0;65;251;2020;4;14;4;1;4;6;0;0;1;0;0;0;0;778687,2842;5845226,654;13,1236839;52,68512821;0
1535;1,22005E+19;12;0;64;448;2020;5;18;7;3;8;1;0;0;0;0;1;0;0;865310,5335;5833039,826;14,38654395;52,52465411;0
1536;1,22004E+19;12;0;69;656;2020;4;15;4;2;4;2;0;0;1;0;0;1;0;768171,7415;5808910,263;12,93920648;52,36472129;0
1537;1,22003E+19;12;0;69;454;2020;3;11;3;2;8;1;0;0;1;0;0;0;0;779512,6621;5807816,776;13,10443003;52,34925216;0
1538;1,22005E+19;12;0;63;252;2020;5;21;7;2;8;1;1;0;0;0;1;0;0;727956,9999;5833456,298;12,3664789;52,60321772;0
1539;1,22003E+19;12;0;69;616;2020;3;17;3;3;6;4;0;0;1;1;0;0;0;790823,574;5813855,877;13,27526533;52,39751649;0
1540;1,22005E+19;12;0;73;452;2020;5;17;1;2;6;3;0;0;1;1;0;0;0;823701,0393;5918178,56;13,86036075;53,31360241;0
1541;1,22005E+19;12;0;63;80;2020;5;5;6;3;7;7;0;0;0;0;1;0;0;777573,0292;5834279,106;13,0980438;52,58753411;0
1542;1,22005E+19;12;0;68;468;2020;5;14;6;2;9;6;0;0;1;0;0;1;0;729969,9655;5905542,392;12,44721295;53,24923469;0
1543;1,22003E+19;12;0;51;0;2020;3;22;3;3;8;1;2;0;1;0;0;0;0;738473,4986;5808143,971;12,50336083;52,37157038;0
1544;1,22005E+19;12;0;69;604;2020;5;14;5;2;8;1;0;0;1;0;0;0;0;784504,6775;5813553,903;13,18238926;52,39812794;0
1545;1,22005E+19;12;0;60;20;2020;5;19;6;3;4;6;0;1;0;0;0;0;0;808147,2658;5846548,649;13,55940368;52,68103369;0
1546;1,22005E+19;12;0;65;136;2020;5;13;5;1;5;3;0;1;1;0;0;0;0;785932,5821;5840999,341;13,22691265;52,64345523;0
1547;1,22004E+19;12;0;60;20;2020;4;18;3;2;4;6;0;1;0;0;0;0;0;805018,8954;5850931,678;13,51733513;52,7220832;0
1548;1,22004E+19;12;0;60;20;2020;4;14;1;3;2;6;0;1;1;0;0;0;0;809994,9116;5848451,555;13,58843764;52,69703258;0
1549;1,22005E+19;12;0;70;125;2020;5;14;4;3;5;3;0;0;1;0;0;1;0;703731,4544;5890195,16;12,04476907;53,1221894;0
1550;1,22003E+19;12;0;61;433;2020;3;19;3;3;3;6;1;1;1;0;0;0;0;802214,1134;5814278,007;13,44255722;52,39513435;0
1551;1,22005E+19;12;0;68;264;2020;5;19;4;3;5;3;0;0;1;0;0;0;0;727340,768;5871659,702;12,38390864;52,94632111;0
1552;1,22005E+19;12;0;65;251;2020;5;15;5;2;0;7;0;1;0;0;0;0;0;781216,2591;5849258,522;13,16444323;52,71997241;0
1553;1,22005E+19;12;0;63;148;2020;5;12;1;3;0;7;0;1;0;0;0;0;0;761291,3894;5824550,337;12,85061786;52,50833563;0
1554;1,22004E+19;12;0;73;85;2020;4;6;6;2;8;1;0;0;1;0;0;0;0;844842,3546;5930757,245;14,19012096;53,41287829;0
1555;1,22004E+19;12;0;67;440;2020;4;13;1;2;5;3;0;0;1;0;1;0;0;818709,1539;5824458,966;13,69388094;52,47701075;0
1556;1,22006E+19;12;0;65;256;2020;6;0;2;3;3;6;2;1;0;0;0;0;0;786846,4823;5853821,184;13,25155781;52,75792338;0
1557;1,22003E+19;12;0;61;540;2020;3;16;3;3;8;1;0;0;1;0;0;0;0;814101,3735;5807717,835;13,61056062;52,32966074;0
1558;1,22005E+19;12;0;61;316;2020;5;13;3;3;0;7;0;1;0;0;0;0;0;834197,329;5766866,275;13,86428376;51,95184946;0
1559;1,22005E+19;12;0;60;20;2020;5;10;4;3;5;3;0;1;1;0;0;0;0;808778,9086;5846721,07;13,56887885;52,68221946;0
1560;1,22005E+19;12;0;67;205;2020;5;10;5;2;8;1;0;0;0;0;1;0;0;872348,8195;5789982,337;14,44217505;52,13455047;0
1561;1,22005E+19;12;0;60;52;2020;5;15;2;3;4;2;0;0;1;0;0;0;0;821005,5893;5865135,588;13,76714733;52,84009124;1
1562;1,22004E+19;12;0;69;249;2020;4;17;6;2;0;1;0;0;0;0;1;0;0;756900,0072;5812588,008;12,77685158;52,40311159;0
1563;1,22004E+19;12;0;67;413;2020;4;11;1;3;8;1;0;0;0;0;1;0;0;840897,1753;5800147,275;13,99467481;52,24588042;0
1564;1,22006E+19;12;0;67;481;2020;6;15;2;3;2;6;0;0;1;0;1;0;0;834457,6736;5803609,038;13,90413199;52,28083759;0
1565;1,22005E+19;12;0;62;140;2020;5;8;1;2;0;7;0;1;0;0;0;0;0;825724,1937;5731404,707;13,70813193;51,63911273;0
1566;1,22003E+19;12;0;62;445;2020;3;9;3;1;5;3;0;0;1;0;0;0;0;804596,045;5739624,027;13,41091265;51,72463091;0
1567;1,22005E+19;12;0;54;0;2020;5;12;3;3;3;2;0;1;1;0;0;0;0;780974,4388;5810434,367;13,12802541;52,37197761;0
1568;1,22003E+19;12;0;52;0;2020;3;11;3;2;5;3;0;1;1;0;0;0;0;868235,8339;5742950,928;14,33207763;51,71629015;0
1569;1,22005E+19;12;0;70;296;2020;5;8;7;3;2;2;0;1;1;0;0;0;0;690689,9186;5883870,912;11,84638271;53,07023145;0
1570;1,22004E+19;12;0;60;52;2020;4;16;4;3;4;6;0;0;1;0;1;0;0;822765,8516;5862427,083;13,79051323;52,81477687;0
1571;1,22003E+19;12;0;60;52;2020;3;15;3;3;0;1;0;0;0;0;1;0;0;825811,4882;5864145,155;13,83725478;52,82833661;0
1572;1,22005E+19;12;0;73;8;2020;5;16;7;3;6;6;0;1;0;1;0;0;0;835025,6378;5885559,231;13,99557791;53,01446718;0
1573;1,22005E+19;12;0;60;100;2020;5;15;2;2;9;1;0;0;0;0;1;0;0;819388,4877;5878036,787;13,75588799;52,95662948;1
1574;1,22003E+19;12;0;64;29;2020;3;23;3;3;6;6;2;0;0;1;0;0;1;820921,7431;5833813,419;13,73536994;52,5595266;0
1575;1,22005E+19;12;0;72;426;2020;5;13;7;3;1;7;0;1;1;0;0;0;0;787851,0825;5793356,893;13,2141787;52,2152918;0
1576;1,22005E+19;12;0;68;117;2020;5;21;6;2;8;1;2;0;1;0;0;0;0;762707,7408;5851168,193;12,89259679;52,74640027;1
1577;1,22005E+19;12;0;68;320;2020;5;9;6;3;5;2;0;1;0;0;0;0;1;756113,717;5871726,847;12,81126333;52,93397163;0
1578;1,22003E+19;12;0;64;370;2020;3;17;3;3;9;1;0;0;1;0;0;0;0;842357,9748;5838010,5;14,05470904;52,58406218;0
1579;1,22005E+19;12;0;51;0;2020;5;7;5;3;5;3;0;0;1;0;0;0;0;731470,4207;5811765,003;12,40318116;52,40706984;0
1580;1,22005E+19;12;0;65;256;2020;5;17;6;2;0;1;0;1;0;0;0;0;0;784073,8746;5853131,46;13,20998716;52,75320363;0
1581;1,22005E+19;12;0;54;0;2020;5;13;4;3;2;2;0;0;1;0;0;0;0;775817,8455;5814677,263;13,05596562;52,41264617;0
1582;1,22004E+19;12;0;72;232;2020;4;9;2;3;5;3;0;1;0;0;0;0;0;786532,2764;5778188,16;13,18214238;52,07996543;0
1583;1,22004E+19;12;0;67;473;2020;4;17;1;3;7;7;0;0;0;0;1;0;0;852824,7644;5825857,463;14,19567211;52,46857045;0
1584;1,22005E+19;12;0;54;0;2020;5;11;3;3;3;2;0;1;1;0;0;0;0;775062,1272;5812886,031;13,04341137;52,39696281;0
1585;1,22003E+19;12;0;67;201;2020;3;12;3;3;5;3;0;0;1;0;1;0;0;828306,8643;5815579,027;13,82597804;52,39177754;0
1586;1,22005E+19;12;0;61;320;2020;5;20;3;2;9;1;0;0;1;0;0;0;0;830240,3377;5755192,408;13,79573305;51,84961891;0
1587;1,22005E+19;12;0;72;17;2020;5;17;4;3;2;2;0;0;1;0;0;0;0;801528,856;5810016,629;13,42868641;52,35731517;0
1588;1,22005E+19;12;0;60;198;2020;5;15;1;1;0;1;0;1;0;0;0;0;0;817819,8634;5869885,424;13,72464357;52,88453293;0
1589;1,22004E+19;12;0;64;336;2020;4;11;6;2;5;3;0;1;1;0;0;0;0;818783,8816;5831379,91;13,70160466;52,53897841;0
1590;1,22004E+19;12;0;68;264;2020;4;10;1;2;8;1;0;0;0;0;1;0;0;726351,861;5866880,354;12,36588495;52,90384907;0
1591;1,22005E+19;12;0;72;426;2020;5;20;1;2;4;2;0;0;1;0;1;0;0;789823,5305;5793503,801;13,24309586;52,21557556;0
1592;1,22003E+19;12;0;65;165;2020;3;17;3;3;8;1;0;0;0;0;0;0;1;779812,1044;5857434,072;13,15068341;52,79400394;0
1593;1,22005E+19;12;0;64;380;2020;5;7;3;2;5;3;0;1;1;0;0;0;0;824895,201;5830489,486;13,7905284;52,52739275;0
1594;1,22005E+19;12;0;66;52;2020;5;16;6;2;0;7;0;1;0;0;0;0;0;844071,1733;5743792,392;13,98447932;51,73916159;0
1595;1,22004E+19;12;0;72;297;2020;4;7;3;2;9;1;0;0;1;0;0;0;0;770021,7984;5768282,591;12,93397521;51,99941146;0
1596;1,22003E+19;12;0;72;120;2020;3;11;2;3;1;6;0;0;1;0;0;0;0;794460,4727;5812023,337;13,32695554;52,37914517;0
1597;1,22005E+19;12;0;63;36;2020;5;11;6;3;4;2;0;0;1;0;0;0;0;771328,1506;5832869,957;13,00493941;52,57804786;0
1598;1,22005E+19;12;0;72;477;2020;5;19;7;3;4;2;1;0;1;0;0;0;0;804290,8302;5794206,173;13,45485515;52,21407695;0
1599;1,22005E+19;12;0;69;656;2020;5;14;6;3;5;3;0;1;1;0;0;0;0;765689,9109;5813374,403;12,90638093;52,40597059;0
1600;1,22004E+19;12;0;63;88;2020;4;14;4;3;9;7;0;0;1;0;0;0;0;741818,7386;5844625,381;12,57895215;52,69744225;0
1601;1,22005E+19;12;0;72;2;2020;5;6;4;3;7;7;0;0;1;0;0;0;0;796872,0913;5779789,504;13,33399362;52,08887759;0
1602;1,22003E+19;12;0;61;112;2020;3;10;2;3;5;3;0;0;1;0;0;0;1;814615,702;5811979,621;13,62207373;52,36755694;0
1603;1,22005E+19;12;0;65;225;2020;5;17;5;3;0;7;0;0;0;0;0;1;0;795093,6165;5845774,453;13,36619006;52,68135677;0
1604;1,22005E+19;12;0;62;219;2020;5;20;5;2;0;1;1;1;0;0;0;0;0;819703,1087;5726597,14;13,61702458;51,5994783;0
1605;1,22005E+19;12;0;63;80;2020;5;14;6;3;2;6;0;0;1;0;0;0;0;775893,3497;5833587,39;13,07273766;52,58218581;0
1606;1,22004E+19;12;0;53;0;2020;4;7;4;3;5;3;0;0;1;0;0;0;0;877150,1261;5814005,774;14,53878149;52,34627825;0
1607;1,22003E+19;12;0;71;392;2020;3;6;2;3;2;6;0;0;1;0;0;0;0;886913,7378;5729387,109;14,58619293;51,58235483;0
1608;1,22005E+19;12;0;67;397;2020;5;13;7;2;5;3;0;0;1;0;0;0;0;861502,4271;5795458,797;14,29021442;52,19077424;0
1609;1,22005E+19;12;0;72;17;2020;5;21;1;3;9;1;2;0;1;0;0;0;0;803899,8007;5804809,363;13,45869021;52,30933305;1
1610;1,22005E+19;12;0;62;492;2020;5;1;7;3;5;3;2;0;1;0;0;0;0;807179,3579;5724965,884;13,43532951;51,59182036;0
1611;1,22004E+19;12;0;61;320;2020;4;23;5;2;7;7;2;0;1;0;0;0;0;829098,4875;5752913,955;13,77704746;51,82987797;0
1612;1,22005E+19;12;0;60;45;2020;5;17;5;3;2;2;0;0;1;0;0;0;0;827652,7475;5870230,739;13,87059724;52,88173109;0
1613;1,22003E+19;12;0;60;52;2020;3;16;2;3;5;3;0;1;0;0;0;0;0;825583,1767;5862895,575;13,83263332;52,81728111;0
1614;1,22005E+19;12;0;73;452;2020;5;19;5;3;0;1;0;0;0;0;1;0;0;825326,5836;5917311,48;13,88378288;53,30484132;0
1615;1,22005E+19;12;0;54;0;2020;5;22;5;3;0;1;2;1;0;0;0;0;0;776561,2685;5811996,33;13,06465445;52,38822925;0
1616;1,22005E+19;12;0;60;5;2020;5;16;4;3;2;2;0;0;1;0;0;0;0;812645,8334;5838470,61;13,61808426;52,60607351;0
1617;1,22004E+19;12;0;61;433;2020;4;18;2;3;5;3;0;1;1;0;0;0;0;802245,791;5814177,886;13,44293106;52,39421946;0
1618;1,22004E+19;12;0;68;353;2020;4;16;1;2;5;2;0;0;1;0;1;0;0;757627,4411;5888428,252;12,84705025;53,08304624;0
1619;1,22005E+19;12;0;64;227;2020;5;14;3;3;4;2;0;0;1;0;0;0;0;814503,2164;5831338,423;13,63865812;52,54109383;1
1620;1,22004E+19;12;0;61;260;2020;4;13;6;3;2;2;0;0;1;0;0;0;0;816867,9283;5806013,803;13,64942107;52,31280172;0
1621;1,22003E+19;12;0;60;269;2020;3;16;2;3;8;1;0;0;0;0;0;0;1;799764,1504;5841509,3;13,4311962;52,64056597;2
1622;1,22005E+19;12;0;64;317;2020;5;13;3;3;5;3;0;1;1;0;0;0;0;847571,4738;5829454,102;14,12240029;52,50414249;0
1623;1,22005E+19;12;0;69;616;2020;5;14;4;3;3;2;0;1;1;0;0;0;0;790576,8544;5814003,987;13,27177783;52,3989753;0
1624;1,22005E+19;12;0;64;472;2020;5;18;1;3;5;2;0;1;1;0;0;0;0;829429,4587;5832837,859;13,85945342;52,54570853;0
1625;1,22004E+19;12;0;69;537;2020;4;5;5;3;7;7;1;0;0;0;1;0;0;729943,9626;5804376,833;12,37571586;52,34140626;0
1626;1,22005E+19;12;0;69;454;2020;5;18;1;3;5;3;0;0;1;0;0;0;0;780311,6597;5805875,648;13,1145112;52,33143796;0
1627;1,22004E+19;12;0;64;340;2020;4;14;1;2;5;1;0;1;0;0;1;0;0;852169,582;5842259,924;14,20345005;52,61584706;0
1628;1,22003E+19;12;0;65;165;2020;3;13;2;3;9;1;0;0;1;0;0;0;0;778334,7432;5858390,147;13,12964399;52,80334009;2
1629;1,22005E+19;12;0;66;196;2020;5;9;2;3;5;3;0;1;1;0;0;0;0;841703,5605;5756742,732;13,96307018;51,85661307;0
1630;1,22005E+19;12;0;69;18;2020;5;14;7;3;9;7;0;0;1;0;0;0;0;744322,1734;5821362,84;12,59876082;52,48760226;0
1631;1,22005E+19;12;0;62;445;2020;5;8;6;3;8;7;0;0;1;0;0;0;0;800933,906;5734513,949;13,35363897;51,68079313;0
1632;1,22004E+19;12;0;61;260;2020;4;15;3;3;2;6;0;0;1;0;0;0;0;815985,0674;5801548,223;13,63232735;52,27329371;0
1633;1,22003E+19;12;0;65;256;2020;3;15;2;2;8;1;0;0;1;0;0;0;0;790790,1123;5863206,538;13,3181705;52,83994937;2
1634;1,22005E+19;12;0;69;270;2020;5;16;6;3;5;3;0;1;1;0;0;0;0;735762,4194;5819862,711;12,47187423;52,47790528;0
1635;1,22004E+19;12;0;67;144;2020;4;16;1;3;2;6;0;0;0;0;1;0;0;843341,251;5814531,775;14,04499603;52,37318608;0
1636;1,22005E+19;12;0;64;380;2020;5;18;7;3;3;6;0;1;0;0;0;0;1;827371,9462;5832280,452;13,82867107;52,54195523;0
1637;1,22005E+19;12;0;61;572;2020;5;20;6;3;3;7;1;1;1;0;0;0;0;815152,5369;5809741,481;13,62783246;52,34719257;0
1638;1,22004E+19;12;0;61;332;2020;4;10;4;3;2;6;0;0;1;0;0;0;0;812844,9055;5799186,795;13,58426571;52,25392567;1
1639;1,22005E+19;12;0;54;0;2020;5;13;4;3;5;2;0;1;1;0;0;0;0;776998,7274;5813878,396;13,07262228;52,40488593;0
1640;1,22003E+19;12;0;70;173;2020;3;11;2;3;4;6;0;0;1;0;0;1;0;683296,275;5892165,072;11,74089462;53,14729193;1
1641;1,22005E+19;12;0;72;240;2020;5;12;4;3;6;3;0;0;1;1;0;0;0;789837,008;5801749,738;13,25036581;52,28950041;0
1642;1,22005E+19;12;0;60;198;2020;5;20;5;2;3;6;0;1;0;0;0;0;0;819355,562;5868599,85;13,74612727;52,87210687;0
1643;1,22005E+19;12;0;68;468;2020;5;11;3;3;5;2;0;1;1;0;0;0;0;736128,059;5886069,885;12,5249722;53,07182299;0
1644;1,22004E+19;12;0;61;20;2020;4;14;1;3;2;6;0;0;1;0;0;0;0;813112,3758;5798672,616;13,58769508;52,24916569;0
1645;1,22004E+19;12;0;73;532;2020;4;21;7;3;7;7;2;0;1;0;0;0;0;847048,7577;5897750,47;14,18719994;53,11595883;0
1646;1,22004E+19;12;0;72;340;2020;4;1;7;2;2;1;2;0;1;0;0;0;1;803887,1189;5803193,876;13,45704772;52,29486002;0
1647;1,22006E+19;12;0;61;216;2020;6;5;2;3;8;1;0;0;1;0;0;0;0;822668,0214;5782194,257;13,71153725;52,09600106;0
1648;1,22005E+19;12;0;64;380;2020;5;17;2;3;2;6;0;0;1;0;0;0;0;825922,0941;5828930,403;13,80408466;52,5128128;0
1649;1,22003E+19;12;0;51;0;2020;3;17;1;3;5;3;0;1;1;0;0;0;0;738565,4995;5808225,16;12,50476739;52,3722589;0
1650;1,22005E+19;12;0;64;29;2020;5;6;4;3;2;6;0;0;1;0;0;0;0;821120,0447;5833484,556;13,73796697;52,55646331;0
1651;1,22003E+19;12;0;60;269;2020;3;11;1;3;8;1;0;0;1;0;0;0;0;799764,0364;5856739,326;13,44507249;52,77707113;1
1652;1,22004E+19;12;0;71;301;2020;4;6;2;3;5;3;0;0;1;0;0;0;0;874919,1864;5741269,955;14,42658334;51,69682089;0
1653;1,22005E+19;12;0;60;269;2020;5;16;7;3;2;6;0;1;0;0;1;0;0;803276,8983;5862902,222;13,5027025;52,83034268;0
1654;1,22004E+19;12;0;65;96;2020;4;11;5;3;2;3;0;0;1;0;0;1;0;791707,5674;5840095,82;13,31122542;52,6322834;0
1655;1,22008E+19;12;0;67;469;2020;8;8;2;2;3;6;0;0;1;0;0;1;0;830059,3886;5806708,379;13,84292611;52,31125932;0
1656;1,22007E+19;12;0;61;320;2020;7;19;1;3;3;6;0;0;1;0;0;0;0;829379,1897;5762332,868;13,79008517;51,91410405;1
1657;1,22007E+19;12;0;63;256;2020;7;16;6;3;2;6;0;0;1;0;0;0;0;749882,6188;5838277,349;12,69322181;52,63683323;0
1658;1,22006E+19;12;0;62;410;2020;6;15;6;3;5;3;0;1;1;0;0;0;0;809956,9;5710678,589;13,46273946;51,46222422;0
1659;1,22006E+19;12;0;72;169;2020;6;12;3;3;3;6;0;0;1;0;0;0;1;776111,166;5769039,068;13,02306726;52,00320308;0
1660;1,22006E+19;12;0;51;0;2020;6;16;5;3;1;3;0;1;1;0;0;0;0;741716,6054;5813396,745;12,55469562;52,41728321;1