OBJECTID;UIDENTSTLAE;ULAND;UREGBEZ;UKREIS;UGEMEINDE;UJAHR;UMONAT;USTUNDE;UWOCHENTAG;UKATEGORIE;UART;UTYP1;ULICHTVERH;IstRad;IstPKW;IstFuss;IstKrad;IstGkfz;IstSonstige;LINREFX;LINREFY;XGCSWGS84;YGCSWGS84;STRZUSTAND
1844;1,22008E+19;12;0;68;468;2020;8;10;1;2;2;6;0;0;1;0;0;0;0;735773,2;5887288,435;12,52057859;53,0829129;0
1845;1,22007E+19;12;0;73;261;2020;7;10;3;3;8;1;0;0;1;0;0;0;0;832411,1404;5917887,486;13,99030162;53,30560525;0
1846;1,22006E+19;12;0;68;425;2020;6;12;7;3;2;6;0;0;1;0;0;0;0;743542,76;5875573,204;12,62750266;52,97432663;0
1847;1,22008E+19;12;0;60;269;2020;8;15;1;2;5;3;0;1;1;0;0;0;0;808443,2554;5855627,523;13,57228651;52,76222365;0
1848;1,22007E+19;12;0;64;44;2020;7;11;7;3;2;6;0;0;1;0;0;0;0;840014,9319;5866327,434;14,04952828;52,8391136;0
1849;1,22008E+19;12;0;64;370;2020;8;1;1;3;8;1;2;0;1;0;0;0;0;835881,4135;5838778,952;13,9602588;52,59498103;0
1850;1,22007E+19;12;0;60;52;2020;7;16;5;3;3;2;0;1;1;0;0;0;0;822985,5635;5864711,463;13,79601977;52,83510936;0
1851;1,22006E+19;12;0;72;120;2020;6;15;5;3;4;6;0;0;1;0;0;0;0;793334,9949;5812621,462;13,31099128;52,38511084;1
1852;1,22009E+19;12;0;54;0;2020;9;16;6;3;2;3;0;1;1;0;0;0;0;774913,0438;5818834,243;13,04611443;52,45038069;0
1853;1,22006E+19;12;0;63;208;2020;6;15;4;3;3;2;0;0;1;0;0;0;0;755151,4195;5831253,901;12,76549753;52,57137837;0
1854;1,22007E+19;12;0;67;528;2020;7;15;5;3;2;6;0;0;1;0;0;0;1;881539,5515;5801632,604;14,58891825;52,23253473;1
1855;1,22008E+19;12;0;69;590;2020;8;10;7;3;2;6;0;0;1;0;0;0;0;764208,6105;5802719,513;12,87627173;52,31111547;0
1856;1,22008E+19;12;0;73;396;2020;8;12;6;2;5;2;0;0;1;0;1;0;0;811172,2265;5894096,471;13,64947018;53,10534771;0
1857;1,22006E+19;12;0;60;269;2020;6;8;2;3;5;3;0;1;1;0;0;0;0;799679,734;5849881,162;13,43756508;52,7156495;0
1858;1,22006E+19;12;0;72;477;2020;6;10;5;3;4;2;0;1;0;0;0;0;0;803477,5804;5795797,907;13,44441485;52,2287928;0
1859;1,22008E+19;12;0;67;469;2020;8;14;5;2;8;1;0;0;1;0;0;0;0;829816,7915;5806654,757;13,83932777;52,31092461;0
1860;1,22008E+19;12;0;70;325;2020;8;13;6;3;8;7;0;0;1;0;0;0;0;704134,4939;5906818,043;12,06140511;53,2712479;0
1861;1,22006E+19;12;0;68;320;2020;6;10;1;3;3;6;0;1;1;0;0;0;0;757512,8729;5873713,625;12,83361082;52,95112288;0
1862;1,22007E+19;12;0;51;0;2020;7;9;4;3;5;3;0;1;1;0;0;0;0;738446,6505;5812896,758;12,50634965;52,41423133;1
1863;1,22008E+19;12;0;61;572;2020;8;17;6;3;2;6;0;0;1;0;0;0;0;813468,2829;5808792,295;13,60230177;52,33965123;0
1864;1,22007E+19;12;0;61;572;2020;7;14;7;3;0;1;0;1;0;0;0;0;0;815813,4214;5808876,687;13,63669024;52,33906323;0
1865;1,22006E+19;12;0;72;53;2020;6;11;5;3;0;1;0;0;0;0;1;0;0;806886,549;5757557,03;13,45984086;51,88413614;0
1866;1,22009E+19;12;0;69;306;2020;9;16;4;2;8;1;0;0;0;0;0;0;1;753662,0304;5801904,272;12,72128729;52,30877333;1
1867;1,22008E+19;12;0;64;44;2020;8;23;4;3;8;1;2;0;1;0;0;0;0;839777,522;5860301,362;14,03975653;52,78530046;1
1868;1,22007E+19;12;0;72;17;2020;7;13;2;2;5;3;0;1;1;0;0;0;0;799756,4815;5808478,336;13,40136586;52,34449756;0
1869;1,22007E+19;12;0;60;20;2020;7;15;6;3;3;6;0;1;1;0;0;0;0;813587,9866;5844877,987;13,63803197;52,66294459;0
1870;1,22006E+19;12;0;61;433;2020;6;6;3;3;2;6;0;0;1;0;0;1;0;807380,6699;5814241,882;13,51821851;52,39193598;0
1871;1,22008E+19;12;0;71;244;2020;8;16;4;3;2;6;0;0;1;0;0;0;1;863392,1852;5744144,938;14,26350695;51,73013678;0
1872;1,22007E+19;12;0;67;144;2020;7;15;4;2;5;3;0;1;1;0;0;0;0;843920,8008;5812771,686;14,0516731;52,35706052;0
1873;1,22006E+19;12;0;65;198;2020;6;11;4;3;2;6;0;0;1;0;1;0;0;779553,7324;5869917,122;13,15755962;52,90606132;0
1874;1,22008E+19;12;0;52;0;2020;8;17;3;2;5;2;0;0;1;0;1;0;0;867503,361;5742903,719;14,32147097;51,71634744;0
1875;1,22006E+19;12;0;69;656;2020;6;13;5;2;8;1;0;0;1;0;0;0;0;759612,6646;5812227,097;12,8163568;52,39859457;0
1876;1,22007E+19;12;0;61;260;2020;7;7;2;3;1;5;0;0;1;0;0;0;0;822037,9997;5804727,779;13,72377517;52,29827329;0
1877;1,22008E+19;12;0;65;256;2020;8;9;5;3;5;3;0;0;1;0;0;0;0;785217,6879;5857646,669;13,23081817;52,79308163;0
1878;1,22007E+19;12;0;64;44;2020;7;7;6;3;5;3;0;0;0;0;1;0;0;840204,207;5861061,594;14,04684835;52,79183972;0
1879;1,22008E+19;12;0;64;336;2020;8;18;2;3;2;2;0;0;1;0;0;0;0;818769,7653;5831358,433;13,70137662;52,53879423;0
1880;1,22008E+19;12;0;64;336;2020;8;6;2;3;2;6;0;0;1;0;0;1;0;820457,1197;5829139,224;13,72403216;52,51792157;0
1881;1,22007E+19;12;0;65;36;2020;7;21;5;3;0;2;2;0;1;0;1;0;0;789392,589;5846240,855;13,28250667;52,68861124;0
1882;1,22006E+19;12;0;61;17;2020;6;16;1;3;2;6;0;0;1;0;0;0;0;828950,6929;5762751,682;13,78427685;51,91810956;0
1883;1,22008E+19;12;0;61;20;2020;8;17;2;2;4;6;0;1;1;0;0;0;0;816158,6592;5797512,509;13,63108695;52,2370293;0
1884;1,22007E+19;12;0;72;477;2020;7;3;1;3;8;1;2;0;1;0;0;0;0;804061,8789;5794190,088;13,45149979;52,21405908;0
1885;1,22007E+19;12;0;69;656;2020;7;14;6;2;2;2;0;0;1;0;0;1;0;761169,6677;5811615,272;12,83871252;52,39236605;0
1886;1,22006E+19;12;0;64;428;2020;6;9;4;3;5;3;0;1;1;0;0;0;0;832481,0815;5825807,588;13,89726747;52,48088307;0
1887;1,22006E+19;12;0;54;0;2020;6;14;4;3;9;1;0;0;1;0;0;0;0;768833,5244;5816454,604;12,95495694;52,43206204;0
1888;1,22007E+19;12;0;54;0;2020;7;13;6;3;0;6;0;1;0;0;0;0;0;775386,9388;5812798,777;13,04810145;52,3960171;1
1889;1,22008E+19;12;0;62;224;2020;8;10;2;2;5;3;0;1;0;0;0;0;1;791790,254;5734693,026;13,22189944;51,68722164;0
1890;1,22006E+19;12;0;64;472;2020;6;13;6;2;8;6;0;1;0;0;0;1;0;826802,3614;5830905,18;13,81894995;52,52997696;0
1891;1,22008E+19;12;0;60;100;2020;8;16;7;3;3;2;0;0;1;0;1;0;0;822964,2856;5877771,77;13,80866628;52,95211643;0
1892;1,22008E+19;12;0;66;41;2020;8;9;7;3;2;1;0;0;1;0;0;0;1;839560,8028;5735103,069;13,91094458;51,66406865;1
1893;1,22007E+19;12;0;65;144;2020;7;12;3;3;9;1;0;0;1;0;0;0;0;785599,6278;5844826,147;13,22531829;52,67793977;0
1894;1,22006E+19;12;0;54;0;2020;6;11;6;3;5;3;0;1;1;0;0;0;0;774249,6539;5812082,218;13,03084228;52,3901616;0
1895;1,22008E+19;12;0;51;0;2020;8;11;7;3;3;3;0;0;1;0;0;0;0;741366,9659;5811337,759;12,54807994;52,39896211;0
1896;1,22007E+19;12;0;61;540;2020;7;14;6;3;0;1;0;0;0;0;1;0;0;815762,433;5805929,469;13,6331786;52,31268244;0
1897;1,22008E+19;12;0;54;0;2020;8;10;7;3;1;6;0;0;1;0;0;0;0;773621,7018;5811323,308;13,02101805;52,38366955;0
1898;1,22006E+19;12;0;63;357;2020;6;11;5;3;5;7;0;0;1;0;1;0;0;768078,6042;5830950,745;12,95554807;52,5624459;0
1899;1,22009E+19;12;0;65;198;2020;9;17;6;3;0;1;0;1;0;0;0;0;0;784685,71;5859894,744;13,22490688;52,81351702;0
1900;1,22007E+19;12;0;62;92;2020;7;8;4;3;5;2;0;1;1;0;0;0;0;815726,9034;5730241,879;13,56308069;51,6343877;1
1901;1,22008E+19;12;0;73;429;2020;8;8;7;3;8;1;0;0;1;0;0;0;0;813929,6459;5922807,029;13,71878135;53,36094491;0
1902;1,22008E+19;12;0;72;240;2020;8;18;5;3;2;2;0;0;1;0;0;0;0;791136,7298;5802409,481;13,26993833;52,29472869;0
1903;1,22006E+19;12;0;61;433;2020;6;12;1;2;8;1;0;0;0;0;1;0;0;809343,3968;5812307,27;13,54518606;52,37349317;0
1904;1,22006E+19;12;0;64;472;2020;6;18;5;3;2;2;0;0;1;0;0;0;0;829768,8863;5834310,155;13,86590284;52,5586916;0
1905;1,22008E+19;12;0;67;493;2020;8;10;5;3;0;7;0;0;0;0;1;0;0;849340,223;5796086,614;14,1136608;52,20422883;0
1906;1,22006E+19;12;0;60;52;2020;6;14;7;3;0;1;0;1;0;0;0;0;0;820968,947;5865305,775;13,76677255;52,84163768;1
1907;1,22007E+19;12;0;70;244;2020;7;12;4;2;8;1;0;0;0;0;0;0;1;664273,2419;5884528,842;11,45282995;53,08491557;0
1908;1,22008E+19;12;0;64;227;2020;8;12;6;3;2;2;0;0;1;0;0;0;0;815029,3499;5826911,952;13,64219851;52,50112603;0
1909;1,22007E+19;12;0;70;302;2020;7;14;7;2;8;1;0;1;0;0;0;0;0;698464,4789;5880367,086;11,96010742;53,0359458;0
1910;1,22006E+19;12;0;63;56;2020;6;23;5;3;8;7;2;0;1;0;0;0;0;779103,0403;5826457,722;13,113994;52,51661771;1
1911;1,22009E+19;12;0;68;477;2020;9;16;4;2;5;2;0;0;1;0;0;0;1;737895,1976;5859180,769;12,53156686;52,82978145;0
1912;1,22008E+19;12;0;73;532;2020;8;16;3;3;4;1;0;1;0;0;0;0;0;851172,8033;5893677,249;14,2441118;53,07680037;0
1913;1,22006E+19;12;0;69;17;2020;6;22;4;3;8;1;2;0;0;0;1;0;0;767613,4633;5797728,336;12,92213736;52,26469942;0
1914;1,22007E+19;12;0;67;124;2020;7;13;2;3;5;2;0;1;1;0;0;0;0;822922,194;5819140,807;13,75055798;52,42688929;0
1915;1,22007E+19;12;0;72;426;2020;7;15;5;3;5;3;0;1;1;0;0;0;0;787808,1065;5793313,532;13,21351452;52,21492545;0
1916;1,22006E+19;12;0;70;60;2020;6;14;3;2;8;1;0;0;1;0;0;0;0;679740,7518;5878244,09;11,68001063;53,02350059;0
1917;1,22008E+19;12;0;63;80;2020;8;10;3;3;2;6;0;0;1;0;0;0;0;777398,1881;5832387,782;13,09388679;52,5706636;1
1918;1,22007E+19;12;0;71;32;2020;7;17;3;2;2;2;0;0;1;0;0;0;0;853575,608;5753065,383;14,13101705;51,81629412;0
1919;1,22007E+19;12;0;66;304;2020;7;21;1;3;3;6;1;0;1;0;0;0;0;847956,739;5720685,674;14,01758826;51,52980082;0
1920;1,22006E+19;12;0;62;293;2020;6;17;3;2;0;1;0;1;0;0;0;0;0;831042,6578;5724088,407;13,77781946;51,57045417;0
1921;1,22008E+19;12;0;68;468;2020;8;17;6;2;0;7;0;1;0;0;0;0;0;735029,6974;5892149,36;12,51305571;53,12685459;0
1922;1,22006E+19;12;0;72;232;2020;6;5;1;2;9;1;1;0;1;0;0;0;0;787748,7422;5779221,894;13,20071779;52,08860403;1
1923;1,22006E+19;12;0;60;198;2020;6;6;5;3;5;2;0;0;1;0;1;0;0;814506,9946;5865958,542;13,67178529;52,85129517;0
1924;1,22008E+19;12;0;63;252;2020;8;11;4;3;5;2;0;0;1;0;0;0;1;723317,164;5831406,347;12,29669956;52,58674535;1
1925;1,22008E+19;12;0;73;572;2020;8;11;5;3;5;3;0;1;1;0;0;0;0;801011,9015;5894558,268;13,49860958;53,1153111;0
1926;1,22006E+19;12;0;62;92;2020;6;6;7;2;9;1;0;0;1;0;0;0;0;818585,4675;5730297,573;13,60430209;51,63327636;1
1927;1,22007E+19;12;0;73;452;2020;7;14;4;3;9;1;0;0;1;0;0;0;0;818874,2852;5921827,636;13,79183679;53,34921519;1
1928;1,22008E+19;12;0;64;428;2020;8;16;6;3;3;6;0;0;1;0;0;1;0;822646,4943;5826282,982;13,75341909;52,49104117;0
1929;1,22007E+19;12;0;60;20;2020;7;17;7;3;5;3;0;1;1;0;0;0;0;809312,5643;5842499,771;13,57278958;52,64408705;0
1930;1,22006E+19;12;0;69;454;2020;6;15;5;3;2;6;0;0;1;0;0;0;0;780545,9684;5805350,037;13,11750245;52,326605;0
1931;1,22009E+19;12;0;64;29;2020;9;15;4;3;2;6;0;0;1;0;0;0;1;820697,247;5834260,269;13,73250147;52,56366236;1
1932;1,22008E+19;12;0;69;485;2020;8;16;3;3;2;6;0;0;1;0;0;1;0;747677,4128;5770771,3;12,61096728;52,03215692;0
1933;1,22007E+19;12;0;73;572;2020;7;16;2;2;5;3;0;0;0;0;1;0;1;800593,7916;5894345,118;13,49218245;53,11363656;0
1934;1,22007E+19;12;0;65;225;2020;7;17;6;3;2;2;0;0;1;0;0;0;1;792528,541;5843417,207;13,32626406;52,66161589;0
1935;1,22006E+19;12;0;60;5;2020;6;13;3;3;5;2;0;1;1;0;0;0;0;811373,2147;5831969,962;13,59324723;52,54855067;0
1936;1,22008E+19;12;0;65;332;2020;8;7;4;3;5;3;1;1;1;0;0;0;0;782484,513;5845286,567;13,17976051;52,68369986;0
1937;1,22007E+19;12;0;72;426;2020;7;18;3;2;9;1;0;0;1;0;0;0;0;791310,3644;5797349,165;13,26810961;52,24926814;0
1938;1,22007E+19;12;0;72;312;2020;7;15;1;2;8;1;0;0;0;0;1;0;0;778767,7764;5787030,854;13,07636852;52,16322917;0
1939;1,22006E+19;12;0;63;80;2020;6;13;3;3;2;6;0;0;1;0;0;1;0;780648,8997;5831004,477;13,1405557;52,55659363;0
1940;1,22008E+19;12;0;60;181;2020;8;7;3;2;5;3;0;0;1;0;0;0;0;808600,7667;5842102,497;13,56193169;52,64093195;0
1941;1,22006E+19;12;0;61;260;2020;6;15;5;3;2;4;0;0;1;1;0;0;0;815895,5803;5803878,198;13,63320213;52,29422431;0
1942;1,22007E+19;12;0;64;380;2020;7;19;2;3;5;3;0;0;1;0;0;0;0;826851,8519;5831391,626;13,82015517;52,53430503;0
1943;1,22008E+19;12;0;69;402;2020;8;20;4;2;2;6;0;0;1;0;0;0;0;762545,3487;5788033,623;12,84052137;52,18017591;0
1944;1,22008E+19;12;0;65;225;2020;8;18;2;2;2;2;0;0;1;0;0;0;0;793696,0339;5842873,452;13,34299243;52,65611088;0
1945;1,22008E+19;12;0;60;20;2020;8;17;2;3;2;2;0;0;1;0;0;0;0;810321,9563;5846661,298;13,59157482;52,68080287;1
1946;1,22007E+19;12;0;69;616;2020;7;16;4;3;1;5;0;1;1;0;0;0;0;793029,3229;5812772,696;13,30664493;52,3866302;0
1947;1,22006E+19;12;0;67;144;2020;6;19;1;2;5;3;0;1;1;0;0;0;0;844468,093;5815175,096;14,06214406;52,37824047;0
1948;1,22008E+19;12;0;60;198;2020;8;20;2;2;4;6;1;0;0;0;1;0;0;805191,605;5870262,198;13,53792325;52,89521878;0
1949;1,22007E+19;12;0;60;181;2020;7;11;1;3;2;6;0;0;1;0;0;0;0;808850,7585;5840168,828;13,56380733;52,62346133;0
1950;1,22007E+19;12;0;69;656;2020;7;16;6;3;5;3;0;1;1;0;0;0;0;765689,7354;5813373,272;12,90637746;52,40596053;0
1951;1,22006E+19;12;0;54;0;2020;6;13;5;3;1;5;0;1;0;0;0;0;1;776893,9793;5813565,354;13,0708276;52,40213167;0
1952;1,22006E+19;12;0;69;454;2020;6;17;3;3;5;3;0;1;1;0;0;0;0;782600,2109;5805383,525;13,14759482;52,32585185;0
1953;1,22006E+19;12;0;61;332;2020;6;7;4;2;3;6;0;0;1;0;0;0;0;806155,9228;5805733,802;13,49252168;52,31636625;0
1954;1,22007E+19;12;0;73;532;2020;7;15;6;2;5;2;0;1;0;0;0;0;1;853702,0957;5892484,639;14,28039774;53,0644579;0
1955;1,22008E+19;12;0;67;357;2020;8;14;2;2;4;6;0;0;1;0;0;1;0;886048,6601;5786425,515;14,6373497;52,09333682;0
1956;1,22006E+19;12;0;67;120;2020;6;9;6;3;5;2;0;1;1;0;0;0;0;885883,3417;5790314,863;14,63935108;52,12825102;0
1957;1,22008E+19;12;0;69;656;2020;8;7;6;3;0;1;0;0;0;0;1;0;0;767842,23;5810240,085;12,93544021;52,37680976;1
1958;1,22008E+19;12;0;60;5;2020;8;8;7;3;4;2;0;0;0;0;0;1;1;806293,7198;5837874,124;13,52402679;52,60434384;1
1959;1,22006E+19;12;0;60;5;2020;6;15;3;3;2;6;0;0;1;0;0;0;0;814063,4372;5838957,791;13,63941148;52,60962187;0
1960;1,22007E+19;12;0;71;244;2020;7;10;2;3;2;6;0;0;1;0;0;0;1;864059,1405;5746498,888;14,27558411;51,75077999;0
1961;1,22006E+19;12;0;62;92;2020;6;12;6;2;0;1;0;0;1;0;0;0;0;815242,3886;5727766,108;13,55387543;51,61246862;0
1962;1,22008E+19;12;0;60;269;2020;8;13;7;3;2;2;0;1;1;0;0;0;0;807839,2502;5855428,219;13,56317678;52,76078191;0
1963;1,22006E+19;12;0;69;590;2020;6;12;2;3;0;7;0;1;0;0;0;0;0;769885,3498;5804662,564;12,96090124;52,32578323;0
1964;1,22007E+19;12;0;53;0;2020;7;23;6;3;7;7;2;0;1;0;0;0;0;871220,5193;5805683,802;14,44295968;52,27584005;0
1965;1,22008E+19;12;0;60;100;2020;8;11;7;3;2;2;0;0;1;0;1;0;0;817666,061;5877812,302;13,73011572;52,95564029;0
1966;1,22007E+19;12;0;52;0;2020;7;17;1;3;3;6;0;0;0;0;1;0;1;869382,0061;5743234,41;14,34889674;51,71807504;0
1967;1,22006E+19;12;0;54;0;2020;6;15;5;3;1;2;0;0;1;0;1;0;0;772032,7384;5816142,69;13,00164465;52,42768298;1
1968;1,22009E+19;12;0;69;656;2020;9;17;5;3;9;1;0;0;0;0;1;0;0;761267,6255;5811842,685;12,84032613;52,39435926;0
1969;1,22007E+19;12;0;72;120;2020;7;17;3;2;3;6;0;0;1;0;0;0;0;792960,1602;5807792,64;13,30128544;52,34202084;0
1970;1,22008E+19;12;0;67;473;2020;8;0;7;2;8;1;2;0;1;0;0;0;0;851491,8097;5819973,021;14,16994222;52,41674232;0
1971;1,22008E+19;12;0;61;260;2020;8;16;5;3;5;2;0;1;1;0;0;0;0;816086,96;5803819,316;13,63594391;52,29358667;0
1972;1,22007E+19;12;0;63;357;2020;7;16;5;3;8;1;0;0;1;0;0;0;0;769020,9679;5828983,823;12,96782257;52,54434065;0
1973;1,22006E+19;12;0;70;125;2020;6;17;1;3;8;1;0;0;1;0;0;0;0;698006,5408;5888122,179;11,95805813;53,10573566;0
1974;1,22006E+19;12;0;69;656;2020;6;16;4;3;2;6;0;0;1;0;0;0;0;767865,1825;5810170,166;12,93572075;52,37617143;0
1975;1,22008E+19;12;0;54;0;2020;8;9;4;3;6;4;0;1;0;1;0;0;0;776633,558;5812163,67;13,06585211;52,38969342;0
1976;1,22006E+19;12;0;65;256;2020;6;13;7;3;3;2;0;1;1;0;0;0;0;786140,638;5853528,747;13,24087214;52,75567567;1
1977;1,22007E+19;12;0;63;208;2020;7;16;3;3;5;3;0;1;1;0;0;0;0;762730,598;5835498,52;12,88044203;52,60584429;0
1978;1,22008E+19;12;0;65;198;2020;8;15;6;2;8;1;0;0;1;0;0;0;0;786615,1857;5860956,406;13,25438672;52,82201327;0
1979;1,22007E+19;12;0;72;312;2020;7;17;6;3;5;3;0;0;1;0;1;0;0;778025,9841;5787163,331;13,06565949;52,16479116;0
1980;1,22006E+19;12;0;51;0;2020;6;15;5;3;1;6;0;0;1;0;0;0;0;741275,5433;5811199,729;12,5466394;52,39776385;0
1981;1,22009E+19;12;0;71;244;2020;9;15;3;2;5;2;0;0;1;0;0;0;0;856284,921;5746750,659;14,16368414;51,75802861;0
1982;1,22008E+19;12;0;64;340;2020;8;15;3;2;9;1;0;0;0;0;1;0;0;850627,3302;5841535,031;14,1799961;52,61035388;0
1983;1,22006E+19;12;0;61;216;2020;6;11;4;3;0;7;0;0;1;0;0;0;1;821899,7792;5783330,881;13,70143356;52,10663294;0
1984;1,22007E+19;12;0;68;320;2020;7;16;2;3;2;6;0;0;1;0;0;0;0;756873,7775;5870950,533;12,82193218;52,92664552;0
1985;1,22007E+19;12;0;63;208;2020;7;6;5;3;0;7;0;0;0;0;1;0;1;760757,3126;5834745,341;12,85077575;52,60003873;1
1986;1,22006E+19;12;0;71;414;2020;6;15;2;3;8;1;0;1;0;0;0;0;0;882647,5536;5747759,945;14,54500866;51,74969235;0
1987;1,22008E+19;12;0;71;57;2020;8;5;3;3;7;7;1;0;1;0;0;0;0;862543,9723;5735343,958;14,24214052;51,6518839;0
1988;1,22007E+19;12;0;67;120;2020;7;19;3;3;3;6;0;1;0;0;1;0;0;881690,6965;5790375,548;14,57846318;52,13170238;0
1989;1,22007E+19;12;0;65;136;2020;7;10;1;3;3;6;0;1;1;0;0;0;0;786016,4513;5841080,339;13,22821896;52,64413724;0
1990;1,22008E+19;12;0;63;208;2020;8;17;2;3;9;1;0;0;1;0;0;0;0;769328,5319;5837403,935;12,97919021;52,61970372;1
1991;1,22006E+19;12;0;69;397;2020;6;11;4;2;3;6;0;0;1;0;0;0;0;776307,8163;5802273,466;13,05294525;52,30116366;0
1992;1,22006E+19;12;0;61;444;2020;6;7;4;3;2;6;0;0;1;0;0;0;0;811500,7403;5810656,124;13,57524251;52,35747455;0
1993;1,22007E+19;12;0;64;290;2020;7;15;1;3;7;7;0;0;0;0;1;0;0;864241,0252;5829471,462;14,36694585;52,49343004;0
1994;1,22008E+19;12;0;60;52;2020;8;11;4;3;4;6;0;0;1;0;0;0;0;821498,6073;5861728,591;13,77108919;52,8092759;0
1995;1,22008E+19;12;0;65;100;2020;8;12;1;3;8;6;0;0;1;0;0;0;0;780459,2709;5887506,15;13,18623142;53,06328489;0
1996;1,22008E+19;12;0;60;100;2020;8;20;1;3;9;1;1;0;1;0;0;0;0;817181,2197;5877716,467;13,72282937;52,95506836;0
1997;1,22007E+19;12;0;72;120;2020;7;13;3;3;5;3;0;0;1;0;0;0;0;796545,8615;5808657,91;13,35453082;52,34785177;0
1998;1,22006E+19;12;0;53;0;2020;6;7;7;3;3;6;0;0;1;0;0;0;1;872603,6421;5810785,636;14,46877812;52,32056465;0
1999;1,22009E+19;12;0;63;189;2020;9;16;1;1;4;6;0;1;1;0;0;0;1;723315,6515;5826998,932;12,29370931;52,54718848;0
2000;1,22008E+19;12;0;63;244;2020;8;14;1;3;5;3;0;1;1;0;0;0;0;725671,901;5825912,144;12,32766005;52,53646337;0
2001;1,22007E+19;12;0;61;433;2020;7;13;7;3;5;2;0;0;1;0;0;0;0;810342,4534;5809012,836;13,55677055;52,343404;0
2002;1,22008E+19;12;0;61;260;2020;8;13;1;3;2;6;0;0;1;0;0;0;0;816862,688;5806027,149;13,64935701;52,31292432;0
2003;1,22007E+19;12;0;68;117;2020;7;13;6;2;3;2;0;0;1;0;0;0;0;754356,4439;5861904,614;12,77749743;52,84670112;0
2004;1,22006E+19;12;0;71;76;2020;6;5;5;3;7;7;1;0;1;0;0;0;0;886790,6955;5749413,525;14,60657745;51,76164711;0
2005;1,22009E+19;12;0;52;0;2020;9;14;7;3;2;6;0;0;1;0;0;0;0;869426,384;5743509,345;14,34982763;51,7205071;0
2006;1,22006E+19;12;0;60;20;2020;6;11;3;3;9;6;0;0;1;0;0;0;0;809970,3687;5838871,052;13,57907796;52,61119402;0
2007;1,22006E+19;12;0;71;160;2020;6;7;4;3;0;2;0;1;1;0;0;0;0;891814,1968;5770707,839;14,7031222;51,94867535;0
2008;1,22007E+19;12;0;51;0;2020;7;18;5;2;5;3;0;1;1;0;0;0;0;741771,4246;5814529,88;12,55631918;52,42742661;0
2009;1,22008E+19;12;0;73;8;2020;8;10;1;2;2;6;0;0;1;0;0;0;0;824560,6802;5892416,517;13,84705568;53,0823317;0
2010;1,22008E+19;12;0;73;8;2020;8;12;6;3;9;7;0;0;1;0;0;0;0;824182,3233;5889537,836;13,83852956;53,05677629;0
2011;1,22008E+19;12;0;54;0;2020;8;12;6;3;3;1;0;1;1;0;0;0;0;778100,1691;5814897,494;13,08961828;52,41346628;0
2012;1,22006E+19;12;0;54;0;2020;6;15;2;3;3;6;0;0;1;0;1;0;0;775654,7236;5813557,765;13,0526517;52,40268888;0
2013;1,22008E+19;12;0;64;472;2020;8;19;3;3;5;3;0;1;0;0;0;0;1;827871,0919;5831242,491;13,83498096;52,53235699;0
2014;1,22006E+19;12;0;60;20;2020;6;14;5;3;5;3;0;0;1;0;0;0;0;809279,4808;5846987,107;13,57650964;52,68431817;0
2015;1,22006E+19;12;0;71;160;2020;6;11;4;3;7;7;0;1;0;0;0;0;0;891813,0292;5770688,893;14,70308373;51,94850667;0
2016;1,22007E+19;12;0;69;306;2020;7;15;1;2;4;2;0;0;1;0;1;0;0;755940,361;5805489,703;12,75736111;52,33988201;0
2017;1,22008E+19;12;0;61;332;2020;8;18;4;2;1;6;0;0;1;0;0;1;0;806381,7425;5805806,515;13,49589046;52,31689206;0
2018;1,22008E+19;12;0;73;201;2020;8;15;1;3;8;7;0;0;0;0;1;0;0;815499,8502;5901645,712;13,72132053;53,17044012;0
2019;1,22008E+19;12;0;69;616;2020;8;15;1;2;9;1;0;0;0;0;1;0;0;787801,3867;5809913,165;13,22758598;52,36376312;0
2020;1,22007E+19;12;0;71;76;2020;7;15;4;2;5;3;0;1;1;0;0;0;0;889258,3561;5746902,364;14,63935236;51,73746989;0
2021;1,22006E+19;12;0;69;656;2020;6;11;7;2;8;1;0;0;0;0;1;0;0;765156,9533;5813813,666;12,89891259;52,41016895;0
2022;1,22009E+19;12;0;65;165;2020;9;16;2;1;5;2;0;0;1;0;0;0;1;780614,6364;5855328,89;13,16074993;52,7747123;0
2023;1,22008E+19;12;0;65;165;2020;8;13;2;3;8;1;0;0;0;0;1;0;0;774920,184;5858074,224;13,07885755;52,80225732;0
2024;1,22007E+19;12;0;65;193;2020;7;9;1;3;5;3;0;1;0;0;1;0;0;795860,0913;5867594,217;13,3972002;52,87651834;0
2025;1,22007E+19;12;0;73;8;2020;7;16;6;2;8;1;0;0;0;0;1;0;0;829183,5619;5894679,398;13,91813467;53,09977132;0
2026;1,22006E+19;12;0;73;429;2020;6;12;5;2;4;6;0;0;1;0;0;0;0;804087,7063;5927157,517;13,57555476;53,40567518;0