OBJECTID;UIDENTSTLAE;ULAND;UREGBEZ;UKREIS;UGEMEINDE;UJAHR;UMONAT;USTUNDE;UWOCHENTAG;UKATEGORIE;UART;UTYP1;ULICHTVERH;IstRad;IstPKW;IstFuss;IstKrad;IstGkfz;IstSonstige;LINREFX;LINREFY;XGCSWGS84;YGCSWGS84;STRZUSTAND
2027;1,22009E+19;12;0;65;332;2020;9;18;1;3;2;6;0;0;1;0;0;0;0;782096,3464;5847715,196;13,17611467;52,70567713;0
2028;1,22006E+19;12;0;61;320;2020;6;9;3;3;2;6;0;0;1;0;0;0;1;830662,6688;5761213,709;13,80760643;51,90331708;0
2029;1,22006E+19;12;0;71;244;2020;6;15;4;3;4;6;0;1;0;0;0;0;0;861783,2096;5745826,622;14,24205411;51,7462338;0
2030;1,22007E+19;12;0;72;17;2020;7;19;5;3;0;3;0;0;1;0;1;0;0;801535,7448;5810011,891;13,42878301;52,35726892;1
2031;1,22008E+19;12;0;61;332;2020;8;15;1;3;2;1;0;0;1;0;0;0;0;810443,9009;5805826,847;13,55531496;52,31479375;1
2032;1,22008E+19;12;0;61;540;2020;8;11;6;3;3;6;0;0;1;0;1;0;0;813796,4957;5806341,607;13,60481786;52,31750212;0
2033;1,22008E+19;12;0;72;240;2020;8;12;6;3;5;2;0;0;1;0;0;0;0;787225,5737;5800927,021;13,2114819;52,2834942;0
2034;1,22006E+19;12;0;65;256;2020;6;14;3;3;0;2;0;1;1;0;0;0;0;787186,8458;5852369,92;13,25531723;52,74473211;0
2035;1,22007E+19;12;0;67;493;2020;7;17;2;2;3;6;0;0;1;0;0;0;0;855492,7284;5787466,505;14,19430472;52,12311712;0
2036;1,22006E+19;12;0;60;68;2020;6;19;6;3;2;7;0;0;1;0;0;0;1;823895,3103;5886963,201;13,83167683;53,03388818;0
2037;1,22008E+19;12;0;60;20;2020;8;16;6;3;2;2;0;0;1;0;0;0;0;809766,3486;5846142,165;13,58289467;52,67646856;0
2038;1,22008E+19;12;0;72;14;2020;8;12;6;3;8;1;0;0;1;0;0;0;0;797591,0868;5768362,706;13,33451959;51,9860493;0
2039;1,22006E+19;12;0;52;0;2020;6;3;2;3;5;3;1;0;1;0;0;0;0;869541,737;5748871,168;14,35718102;51,76843065;1
2040;1,22007E+19;12;0;72;120;2020;7;14;5;3;5;3;0;1;1;0;0;0;0;793554,7457;5810044,934;13,31195659;52,36189484;0
2041;1,22008E+19;12;0;65;165;2020;8;20;7;3;9;1;0;0;0;0;1;0;0;776083,3097;5857783,341;13,09582086;52,79905537;1
2042;1,22007E+19;12;0;64;44;2020;7;13;1;2;5;3;0;0;1;0;0;0;0;842463,0067;5858603,177;14,07764469;52,76839859;0
2043;1,22006E+19;12;0;60;12;2020;6;17;5;2;4;6;0;0;1;0;0;0;0;821577,5253;5876194,39;13,78653391;52,93881837;0
2044;1,22009E+19;12;0;60;269;2020;9;12;5;3;2;6;0;0;1;0;0;0;0;806516,9994;5853798,33;13,54212133;52,74692687;0
2045;1,22007E+19;12;0;66;196;2020;7;17;3;3;2;6;0;0;1;0;0;0;0;841963,354;5757067,619;13,9671495;51,85936421;0
2046;1,22007E+19;12;0;69;656;2020;7;12;6;3;1;6;0;0;1;0;0;0;0;767733,1693;5809033,663;12,93287916;52,36604242;0
2047;1,22007E+19;12;0;65;144;2020;7;8;5;3;0;1;0;0;1;0;1;0;0;787413,5126;5842429,347;13,24998481;52,65549354;0
2048;1,22008E+19;12;0;68;264;2020;8;12;5;1;9;1;0;0;0;0;1;0;0;731378,9995;5880856,463;12,45047655;53,02712005;0
2049;1,22007E+19;12;0;66;176;2020;7;19;5;3;3;6;0;1;1;0;0;0;0;826788,5555;5717222,762;13,71027638;51,51140955;0
2050;1,22006E+19;12;0;63;260;2020;6;15;7;3;9;1;0;0;1;0;0;0;0;725305,0434;5850023,323;12,33871688;52,75300758;0
2051;1,22006E+19;12;0;66;285;2020;6;14;4;3;9;1;0;0;1;0;0;0;0;844387,792;5719909,783;13,96557448;51,52503678;0
2052;1,22008E+19;12;0;71;372;2020;8;12;4;2;5;2;0;1;1;0;0;0;0;873081,6414;5724377,901;14,38214176;51,54683105;0
2053;1,22006E+19;12;0;61;540;2020;6;10;6;3;0;7;0;1;0;0;0;0;0;815783,2437;5805771,356;13,63333461;52,31125362;0
2054;1,22007E+19;12;0;61;260;2020;7;14;3;3;5;2;0;1;1;0;0;0;0;816147,7925;5800337,006;13,6335703;52,26234636;0
2055;1,22008E+19;12;0;63;357;2020;8;17;5;1;5;3;0;0;1;0;0;0;0;766070,471;5830502,726;12,92563433;52,55941278;0
2056;1,22007E+19;12;0;69;20;2020;7;22;6;3;2;6;2;0;1;0;0;0;0;748547,9174;5781556,717;12,63148683;52,12854307;0
2057;1,22006E+19;12;0;60;181;2020;6;7;5;3;5;3;0;1;1;0;0;0;0;807543,1252;5843852,414;13,54798076;52,65721416;0
2058;1,22009E+19;12;0;68;320;2020;9;15;3;3;4;6;0;0;1;0;0;0;1;756874,1442;5870950,486;12,82193759;52,92664493;0
2059;1,22008E+19;12;0;67;357;2020;8;14;3;2;8;7;0;0;1;0;0;0;0;881202,7893;5782155,091;14,56218404;52,05847911;0
2060;1,22007E+19;12;0;69;17;2020;7;20;5;3;9;1;1;0;1;0;0;0;0;767977,6765;5797110,742;12,92697156;52,25898271;0
2061;1,22006E+19;12;0;60;269;2020;6;7;2;3;5;3;0;1;1;0;0;0;0;801815,027;5855302,368;13,47406195;52,76305083;0
2062;1,22008E+19;12;0;67;205;2020;8;12;3;2;8;1;0;0;1;0;0;0;0;868826,7971;5792308,989;14,39346868;52,15773594;1
2063;1,22007E+19;12;0;63;208;2020;7;19;2;3;8;1;0;1;0;0;0;0;0;762823,207;5836158,106;12,88233037;52,61171559;0
2064;1,22007E+19;12;0;61;332;2020;7;17;7;2;5;7;0;0;1;0;1;0;0;812416,7434;5800541,355;13,57926622;52,26630814;0
2065;1,22008E+19;12;0;62;461;2020;8;10;2;3;5;2;0;0;1;0;0;0;1;791364,2058;5748833,464;13,22759534;51,81423896;1
2066;1,22006E+19;12;0;61;332;2020;6;11;4;3;5;2;0;1;1;0;0;0;0;809735,0192;5799556,732;13,53918996;52,25899949;0
2067;1,22006E+19;12;0;73;8;2020;6;12;4;2;2;2;0;0;1;0;0;0;0;836599,6948;5885939,038;14,01934627;53,01688179;0
2068;1,22007E+19;12;0;72;17;2020;7;13;7;3;2;6;0;0;1;0;0;0;0;803209,7449;5804829,559;13,44861731;52,3098953;0
2069;1,22008E+19;12;0;70;173;2020;8;11;4;3;2;7;0;0;1;0;0;1;0;680083,5574;5895881,222;11,69500331;53,18175552;0
2070;1,22008E+19;12;0;54;0;2020;8;12;7;3;5;2;0;1;1;0;0;0;0;774167,715;5811990,27;13,02956598;52,38937801;0
2071;1,22008E+19;12;0;60;280;2020;8;17;1;3;2;6;0;0;1;0;0;0;0;821236,3201;5842659,418;13,7485758;52,63859431;0
2072;1,22007E+19;12;0;62;124;2020;7;13;3;2;5;3;0;0;1;0;0;0;0;814010,721;5711098,869;13,5212851;51,46375858;0
2073;1,22006E+19;12;0;60;161;2020;6;14;7;3;2;6;0;0;1;0;0;0;0;816760,7119;5857623,056;13,69706524;52,77529389;0
2074;1,22009E+19;12;0;60;20;2020;9;10;1;3;2;6;0;0;1;0;0;0;0;807760,5126;5848267,458;13,55530694;52,69665645;0
2075;1,22008E+19;12;0;73;572;2020;8;15;1;2;8;1;0;0;0;0;1;0;0;804902,2037;5901159,871;13,56282812;53,17225834;0
2076;1,22007E+19;12;0;60;20;2020;7;12;7;3;2;6;0;0;1;0;0;0;0;808449,8523;5846442,302;13,56376581;52,67990862;0
2077;1,22008E+19;12;0;60;45;2020;8;13;1;2;3;6;0;0;1;0;1;0;0;829524,0257;5867349,024;13,8953901;52,85477804;0
2078;1,22007E+19;12;0;62;92;2020;7;15;5;2;8;1;0;0;1;0;0;0;0;815978,0849;5731002,383;13,56738463;51,6410631;0
2079;1,22006E+19;12;0;60;20;2020;6;19;5;3;0;1;0;0;0;0;1;0;0;811841,9287;5846034,747;13,61339262;52,67431646;1
2080;1,22009E+19;12;0;63;148;2020;9;16;6;2;5;3;0;0;1;0;1;0;0;761476,2069;5826855,165;12,85514666;52,52892094;0
2081;1,22006E+19;12;0;73;452;2020;6;15;4;3;9;1;0;0;1;0;0;0;0;822354,9316;5918953,996;13,84101589;53,32136833;0
2082;1,22007E+19;12;0;73;505;2020;7;22;5;3;7;7;2;0;1;0;0;0;0;844223,4172;5888284,654;14,13503777;53,03303933;1
2083;1,22008E+19;12;0;65;198;2020;8;14;1;3;5;3;0;0;1;0;0;0;0;780950,475;5864215,988;13,1733532;52,85421859;0
2084;1,22008E+19;12;0;62;461;2020;8;11;6;3;7;7;0;0;1;0;0;1;0;788228,8366;5746466,4;13,1802664;51,79463753;0
2085;1,22006E+19;12;0;61;260;2020;6;9;2;3;2;6;0;0;1;0;1;0;0;817758,5406;5803109,954;13,65970429;52,28626674;0
2086;1,22006E+19;12;0;65;256;2020;6;19;6;3;5;3;0;0;1;0;0;0;0;787731,6637;5852190,561;13,2632084;52,74283464;1
2087;1,22008E+19;12;0;66;296;2020;8;21;5;3;2;3;2;0;1;0;0;0;0;837803,85;5713306,829;13,86469881;51,46985286;0
2088;1,22008E+19;12;0;64;317;2020;8;18;6;2;9;1;0;0;1;0;0;0;0;847554,8773;5829450,464;14,12215296;52,50412048;0
2089;1,22006E+19;12;0;67;493;2020;6;10;1;2;8;1;0;0;1;0;0;0;0;854252,8979;5783541,294;14,17219008;52,08876551;0
2090;1,22007E+19;12;0;72;169;2020;7;12;4;2;4;1;0;0;1;0;0;0;0;778110,9207;5768187,908;13,05143582;51,99457185;1
2091;1,22008E+19;12;0;61;540;2020;8;18;6;3;5;3;0;0;1;0;0;0;0;813585,9813;5806030,712;13,60144989;52,31483625;0
2092;1,22007E+19;12;0;66;285;2020;7;18;7;2;2;6;0;0;1;0;0;0;0;841079,7014;5723657,055;13,9216956;51,56061278;0
2093;1,22006E+19;12;0;64;336;2020;6;15;5;3;5;3;0;0;1;0;0;0;0;818155,704;5827084,503;13,68826583;52,50085851;0
2094;1,22009E+19;12;0;68;468;2020;9;8;5;3;5;3;0;1;1;0;0;0;0;733549,328;5896476,187;12,49412679;53,16632729;0
2095;1,22008E+19;12;0;73;532;2020;8;16;4;3;8;1;0;0;0;0;1;0;0;848418,9411;5896436,049;14,20616205;53,10329951;1
2096;1,22007E+19;12;0;65;251;2020;7;18;3;3;6;7;0;1;0;1;0;0;0;776787,3729;5848998,722;13,09882271;52,71992543;0
2097;1,22007E+19;12;0;60;280;2020;7;14;6;3;4;6;0;0;1;0;1;0;0;817351,7803;5838212,41;13,68709708;52,60103365;0
2098;1,22006E+19;12;0;54;0;2020;6;7;3;2;4;6;0;0;1;0;0;0;0;770106,61;5815523,063;12,97288481;52,42308016;0
2099;1,22008E+19;12;0;61;329;2020;8;12;4;3;5;3;0;0;1;0;0;0;0;842986,4716;5778414,812;14,00324;52,04994116;0
2100;1,22007E+19;12;0;52;0;2020;7;13;4;3;9;1;0;0;1;0;0;0;0;869160,7942;5743116,263;14,3455834;51,71716286;0
2101;1,22006E+19;12;0;67;357;2020;6;14;4;3;3;6;0;1;0;0;0;0;0;881995,1164;5780591,248;14,5719395;52,0439402;0
2102;1,22008E+19;12;0;63;148;2020;8;19;3;3;4;2;0;0;1;0;1;0;0;761974,9764;5822000,773;12,85866151;52,48513869;0
2103;1,22006E+19;12;0;65;100;2020;6;10;6;3;2;6;0;0;1;0;0;0;0;777683,2156;5881216,347;13,13950032;53,00834021;0
2104;1,22007E+19;12;0;54;0;2020;7;13;2;2;5;3;0;1;1;0;0;0;0;776853,3907;5813580,512;13,07024504;52,40228812;0
2105;1,22008E+19;12;0;53;0;2020;8;8;5;3;5;3;0;1;1;0;0;0;0;875449,4544;5811998,721;14,51169098;52,32948328;0
2106;1,22007E+19;12;0;64;227;2020;7;12;6;3;5;3;0;1;1;0;0;0;0;815402,76;5828649,604;13,64932768;52,51648072;0
2107;1,22006E+19;12;0;60;5;2020;6;11;6;3;2;6;0;0;1;0;0;0;0;810940,0293;5836120,475;13,5907696;52,58599185;0
2108;1,22008E+19;12;0;54;0;2020;8;16;5;3;2;6;0;0;1;0;0;0;0;774890,174;5812717,908;13,04075254;52,39554142;0
2109;1,22008E+19;12;0;69;665;2020;8;19;6;3;7;7;1;0;1;0;0;0;0;740949,7071;5774832,878;12,51594752;52,07156809;0
2110;1,22006E+19;12;0;69;17;2020;6;18;1;2;8;1;0;0;0;0;1;0;0;778413,1056;5798135,314;13,08032568;52,26299146;0
2111;1,22007E+19;12;0;52;0;2020;7;15;5;3;2;6;0;0;1;0;0;0;0;867545,2947;5748318,289;14,32778984;51,76479401;0
2112;1,22008E+19;12;0;54;0;2020;8;16;6;3;4;6;0;0;1;0;0;0;0;770033,9992;5816284,255;12,97243421;52,4299429;0
2113;1,22007E+19;12;0;70;316;2020;7;13;1;2;9;1;0;0;1;0;0;0;0;713267,3019;5889674,276;12,18670065;53,11378724;1
2114;1,22006E+19;12;0;67;124;2020;6;10;5;3;5;2;0;1;1;0;0;0;0;823186,2877;5818486,735;13,75379678;52,42087333;0
2115;1,22009E+19;12;0;64;380;2020;9;14;5;3;5;3;0;1;0;0;0;0;1;824555,1326;5830336,999;13,78538434;52,52622919;0
2116;1,22007E+19;12;0;60;20;2020;7;16;3;2;5;2;0;0;1;0;1;0;0;811237,414;5843746,101;13,60232139;52,65415535;0
2117;1,22007E+19;12;0;60;20;2020;7;4;6;2;2;6;1;0;1;0;0;0;1;807539,7165;5848789,522;13,55253782;52,70146028;0
2118;1,22007E+19;12;0;73;452;2020;7;17;4;3;4;6;0;0;1;0;0;0;0;824532,7912;5917686,908;13,87229746;53,30869031;0
2119;1,22008E+19;12;0;54;0;2020;8;15;4;3;2;6;0;0;1;0;0;0;0;777391,1023;5814415,548;13,0788204;52,40950422;0
2120;1,22007E+19;12;0;65;117;2020;7;10;5;2;5;3;0;0;1;0;0;0;0;772691,0815;5889571,001;13,07235459;53,08581801;0
2121;1,22006E+19;12;0;61;405;2020;6;3;7;2;2;6;2;0;1;0;0;1;0;821944,1685;5773354,045;13,69268023;52,01720834;1
2122;1,22006E+19;12;0;60;280;2020;6;18;4;2;3;6;0;0;1;0;1;0;0;824871,2656;5845899,439;13,80529243;52,66545734;0
2123;1,22008E+19;12;0;64;336;2020;8;13;4;2;1;5;0;0;1;0;1;0;0;817527,9099;5829748,109;13,68158964;52,52509049;0
2124;1,22006E+19;12;0;73;404;2020;6;15;6;3;4;6;0;0;0;0;0;0;1;811393,7857;5902080,851;13,6605222;53,17675475;0
2125;1,22007E+19;12;0;67;201;2020;7;11;3;2;2;6;0;1;0;0;0;0;0;826964,0435;5813233,422;13,80402803;52,37156684;0
2126;1,22008E+19;12;0;67;288;2020;8;6;5;1;8;7;0;0;1;0;0;0;0;847594,7922;5810589,299;14,10315071;52,33520258;0
2127;1,22007E+19;12;0;71;160;2020;7;16;6;3;4;2;0;0;1;0;0;0;0;891813,0768;5770711,472;14,70311013;51,94870864;0
2128;1,22008E+19;12;0;69;28;2020;8;15;2;3;2;6;0;0;1;0;0;0;1;727426,201;5811971,812;12,34397267;52,41062127;0
2129;1,22008E+19;12;0;68;320;2020;8;13;3;3;8;1;0;1;0;0;0;0;0;757691,4766;5873761,973;12,83630163;52,95147083;0
2130;1,22007E+19;12;0;60;280;2020;7;13;5;2;5;3;0;0;1;0;0;0;0;824082,0527;5845472,276;13,79324375;52,66210262;0
2131;1,22006E+19;12;0;65;36;2020;6;12;2;2;2;6;0;0;0;0;0;1;1;787695,1979;5847390,424;13,2584685;52,69982085;0
2132;1,22008E+19;12;0;72;298;2020;8;9;2;3;3;6;0;0;1;0;0;0;0;797188,7246;5757382,126;13,31919563;51,88781885;0
2133;1,22007E+19;12;0;71;301;2020;7;11;2;3;1;6;0;0;1;0;0;0;1;874326,4492;5745173,944;14,42223522;51,73216132;0
2134;1,22007E+19;12;0;73;8;2020;7;10;7;3;2;6;0;0;1;0;0;0;0;824527,5334;5892169,001;13,846313;53,08013479;0
2135;1,22008E+19;12;0;67;357;2020;8;6;2;3;5;3;0;0;1;0;0;0;0;886743,698;5786666,847;14,64771938;52,09501128;0
2136;1,22006E+19;12;0;60;176;2020;6;7;4;3;4;3;0;1;1;0;0;0;0;839514,2073;5869270,736;14,04518641;52,86578584;0
2137;1,22006E+19;12;0;60;52;2020;6;10;4;3;5;3;0;1;1;0;0;0;0;825544,725;5864190,864;13,83335512;52,82890713;0
2138;1,22007E+19;12;0;71;160;2020;7;17;7;3;5;3;0;1;1;0;0;0;0;891700,8534;5771628,621;14,70252957;51,95699286;0
2139;1,22008E+19;12;0;64;512;2020;8;15;3;3;5;2;0;0;1;0;0;0;1;845594,3327;5851376,281;14,11626945;52,7016968;0
2140;1,22008E+19;12;0;61;572;2020;8;15;7;3;2;2;0;1;0;0;0;0;0;815146,0261;5810055,543;13,62803172;52,35001065;0
2141;1,22008E+19;12;0;65;165;2020;8;0;1;3;8;7;2;1;0;0;0;0;0;778814,5277;5857862,682;13,13629281;52,79836305;0
2142;1,22007E+19;12;0;73;8;2020;7;15;3;2;2;6;0;0;0;0;1;1;0;834158,867;5882681,914;13,97973354;52,98924081;0
2143;1,22006E+19;12;0;65;256;2020;6;11;7;3;5;3;0;1;1;0;0;0;0;796179,136;5854082,05;13,38968403;52,75523007;0
2144;1,22008E+19;12;0;64;190;2020;8;18;1;3;8;7;0;0;1;0;0;0;0;859610,3844;5842393,973;14,31302788;52,61217608;0
2145;1,22007E+19;12;0;65;332;2020;7;18;7;2;2;6;0;0;1;0;1;0;0;785817,6159;5844698,339;13,22842292;52,67667904;0
2146;1,22008E+19;12;0;67;481;2020;8;11;1;3;8;7;0;0;1;0;0;0;0;835676,4349;5802552,306;13,9208803;52,27062976;0
2147;1,22007E+19;12;0;64;380;2020;7;13;5;1;5;3;0;0;1;0;1;0;0;826464,5109;5830132,384;13,81322859;52,52325635;0
2148;1,22006E+19;12;0;67;413;2020;6;10;5;3;4;6;0;0;1;0;0;0;0;839528,0526;5802126,846;13,97668612;52,26445639;0
2149;1,22009E+19;12;0;62;500;2020;9;8;6;3;9;1;0;0;1;0;0;0;0;801610,7821;5725159,438;13,35534404;51,59656261;1
2150;1,22006E+19;12;0;64;190;2020;6;15;4;2;4;1;0;0;1;0;0;0;1;862923,2949;5836795,227;14,35561257;52,55986198;0
2151;1,22007E+19;12;0;65;225;2020;7;15;5;3;8;1;0;0;1;0;0;0;0;794598,3978;5845777,01;13,35888822;52,68164901;1
2152;1,22008E+19;12;0;72;298;2020;8;18;7;2;9;6;0;0;1;0;0;0;0;782892,009;5763191,355;13,11677724;51,94735043;0
2153;1,22008E+19;12;0;64;512;2020;8;14;6;2;8;1;0;0;1;0;0;0;0;845141,3857;5850695,799;14,1088796;52,69589234;0
2154;1,22006E+19;12;0;64;222;2020;6;9;2;3;2;6;0;0;1;0;0;0;1;829758,4637;5850397,506;13,88179911;52,70279968;0
2155;1,22006E+19;12;0;66;196;2020;6;15;5;3;5;2;0;0;1;0;0;0;0;842764,0674;5754403,54;13,97609416;51,83501055;0
2156;1,22008E+19;12;0;73;532;2020;8;17;5;3;5;2;0;0;1;0;0;0;0;854249,4553;5891926,208;14,28791737;53,05909714;0
2157;1,22008E+19;12;0;63;189;2020;8;11;5;2;8;1;0;0;0;0;1;0;0;718652,7191;5833073,318;12,22906224;52,60360312;0
2158;1,22006E+19;12;0;54;0;2020;6;14;7;3;8;1;0;1;0;0;0;0;0;773111,335;5815133,129;13,01664447;52,41809163;0
2159;1,22007E+19;12;0;66;304;2020;7;19;4;2;9;1;0;0;1;0;0;0;0;844804,0036;5720629,1;13,97225495;51,53122653;1
2160;1,22008E+19;12;0;62;469;2020;8;7;6;2;9;1;0;0;0;0;1;0;0;823856,5512;5736266,998;13,68573591;51,68376352;0
2161;1,22007E+19;12;0;73;578;2020;7;13;7;3;2;6;0;0;1;0;0;0;0;833552,1967;5910328,066;13,99943671;53,237196;0
2162;1,22006E+19;12;0;65;225;2020;6;9;5;3;5;3;0;1;1;0;0;0;0;793696,1427;5842873,402;13,34299399;52,65611036;0
2163;1,22009E+19;12;0;62;333;2020;9;10;4;2;5;3;0;1;1;0;0;0;0;827197,2055;5731343,483;13,72928824;51,63770977;0
2164;1,22008E+19;12;0;67;144;2020;8;14;4;3;2;2;0;0;1;0;0;0;0;845093,7506;5812203,502;14,06824536;52,3512358;1
2165;1,22007E+19;12;0;54;0;2020;7;20;2;2;0;1;0;1;0;0;0;0;0;778626,7727;5809741,973;13,09305493;52,36696693;1
2166;1,22007E+19;12;0;64;448;2020;7;8;6;2;5;3;0;1;0;0;0;1;0;864697,4589;5834878,294;14,37956385;52,54151964;0
2167;1,22006E+19;12;0;71;372;2020;6;17;3;3;2;6;0;0;1;0;0;0;0;871242,359;5731477,751;14,36323125;51,61160258;0
2168;1,22008E+19;12;0;60;20;2020;8;19;4;3;4;7;0;0;1;0;0;0;0;811077,7139;5844079,717;13,60028263;52,65723644;0
2169;1,22007E+19;12;0;65;225;2020;7;12;4;3;4;2;0;1;1;0;0;0;0;793458,7279;5842538,284;13,33919621;52,65323475;0
2170;1,22006E+19;12;0;69;604;2020;6;19;3;2;9;1;0;0;0;0;1;0;0;782631,6214;5810741,825;13,15256226;52,37388262;0
2171;1,22008E+19;12;0;73;452;2020;8;7;3;3;5;2;0;1;1;0;0;0;0;824161,881;5917749,522;13,86681483;53,30947807;0
2172;1,22006E+19;12;0;54;0;2020;6;20;5;3;0;1;0;0;1;0;1;0;0;776396,598;5812417,943;13,06258857;52,39209328;1
2173;1,22007E+19;12;0;61;316;2020;7;17;2;3;5;3;0;1;1;0;0;0;0;835954,376;5766182,935;13,88909016;51,94467025;0
2174;1,22008E+19;12;0;68;324;2020;8;15;5;2;8;1;0;0;0;0;1;0;0;731061,165;5859249,34;12,43036498;52,83336921;0
2175;1,22008E+19;12;0;67;144;2020;8;15;2;3;3;6;0;0;1;0;0;0;0;844679,5018;5812578,675;14,0625721;52,35485594;0
2176;1,22008E+19;12;0;73;452;2020;8;7;2;3;5;3;0;1;1;0;0;0;0;822357,4165;5917528,681;13,83960537;53,30860046;0
2177;1,22007E+19;12;0;65;256;2020;7;8;5;3;8;7;0;0;1;0;0;0;0;784246,0242;5855099,612;13,21423696;52,77075858;0
2178;1,22006E+19;12;0;73;452;2020;6;15;1;3;5;3;0;0;1;0;0;0;0;822608,1527;5917596,906;13,84342432;53,309059;0
2179;1,22008E+19;12;0;71;408;2020;8;20;2;3;9;1;0;0;0;0;1;0;0;860184,6408;5723924,506;14,19646137;51,55114364;0
2180;1,22007E+19;12;0;72;169;2020;7;14;1;3;5;2;0;0;1;0;1;0;0;778719,846;5766380,813;13,05881468;51,97805998;0
2181;1,22007E+19;12;0;72;477;2020;7;10;6;2;4;2;0;0;1;0;1;0;0;803705,721;5794192,847;13,44630509;52,21428011;0
2182;1,22006E+19;12;0;68;353;2020;6;12;5;2;9;1;0;0;1;0;0;0;0;750030,7248;5896183,428;12,73992025;53,1562205;0
2183;1,22006E+19;12;0;65;136;2020;6;10;4;3;5;3;0;1;1;0;0;0;0;784600,8855;5839813,409;13,20626236;52,63352226;1
2184;1,22006E+19;12;0;64;380;2020;6;17;4;3;5;3;0;0;1;0;1;0;0;827755,2179;5832586,553;13,83460436;52,54446695;0
2185;1,22007E+19;12;0;69;397;2020;7;13;6;3;9;1;0;0;1;0;0;0;0;778121,7682;5796029,531;13,07433415;52,2442545;0
2186;1,22008E+19;12;0;73;452;2020;8;17;2;3;5;2;0;1;1;0;0;0;0;823414,8012;5918092,333;13,85599195;53,31300485;0
2187;1,22006E+19;12;0;65;84;2020;6;12;6;2;4;1;0;0;1;0;0;1;0;782657,8869;5903229,057;13,23280612;53,20307942;0
2188;1,22008E+19;12;0;70;280;2020;8;11;7;3;5;3;0;1;1;0;0;0;0;715777,6063;5912839,937;12,23981099;53,32068499;0
2189;1,22008E+19;12;0;62;24;2020;8;8;7;3;5;3;0;0;1;0;0;1;0;808029,8472;5713231,755;13,43730807;51,48616422;1
2190;1,22007E+19;12;0;69;397;2020;7;11;2;2;3;6;0;0;1;0;0;1;0;773668,0306;5802329,584;13,01437341;52,30298787;0
2191;1,22006E+19;12;0;66;320;2020;6;16;6;3;5;3;0;0;1;0;0;0;0;850310,6803;5749805,644;14,08054786;51,78915451;0
2192;1,22008E+19;12;0;62;410;2020;8;6;2;2;8;1;1;0;1;0;0;0;0;811623,9299;5705103,897;13,4817594;51,41133641;1
2193;1,22008E+19;12;0;61;572;2020;8;21;2;3;9;7;2;1;0;0;0;0;0;815405,964;5811194,669;13,63290506;52,36006902;0
2194;1,22007E+19;12;0;64;408;2020;7;18;5;3;9;1;0;1;0;0;0;0;0;832481,6749;5829940,51;13,90140133;52,5179026;0
2195;1,22006E+19;12;0;72;2;2020;6;0;1;3;5;3;2;0;1;0;0;0;0;800684,1768;5790283,905;13,39874397;52,18089605;0
2196;1,22008E+19;12;0;61;260;2020;8;6;2;3;2;6;0;0;1;0;0;1;0;818507,6199;5806361,687;13,67372285;52,3149709;0
2197;1,22007E+19;12;0;64;268;2020;7;14;2;2;2;2;0;0;1;0;0;0;0;875218,7216;5819741,6;14,51697145;52,39893027;1
2198;1,22007E+19;12;0;64;448;2020;7;18;7;3;2;2;0;0;1;0;0;0;0;864855,4758;5834033,354;14,38095617;52,53385128;0
2199;1,22008E+19;12;0;72;297;2020;8;11;1;3;7;7;0;0;1;0;0;0;0;772815,2;5771269,957;12,97694576;52,02484121;0
2200;1,22006E+19;12;0;64;274;2020;6;19;4;2;9;7;0;1;0;0;0;0;0;864660,9407;5845280,421;14,3904727;52,63464674;0
2201;1,22006E+19;12;0;64;380;2020;6;14;4;3;0;1;0;1;0;0;0;0;0;824134,8427;5830147,468;13,77902612;52,52478121;0
2202;1,22007E+19;12;0;70;244;2020;7;18;7;3;1;5;0;0;0;0;1;0;1;668332,1506;5886418,43;11,51436177;53,1006214;0
2203;1,22008E+19;12;0;72;477;2020;8;15;2;3;2;6;0;0;1;0;1;0;0;805981,5727;5788564,204;13,47443662;52,1625711;0
2204;1,22006E+19;12;0;65;356;2020;6;20;6;3;8;1;0;0;0;0;1;0;0;791746,3788;5879047,464;13,34654427;52,98142715;0
2205;1,22008E+19;12;0;60;24;2020;8;13;7;2;2;6;0;0;1;0;1;0;0;810101,4111;5859535,698;13,60047974;52,79629546;0
2206;1,22008E+19;12;0;63;80;2020;8;12;7;2;4;6;0;0;1;0;1;0;0;780352,245;5831123,116;13,13629163;52,55781024;0
2207;1,22007E+19;12;0;64;227;2020;7;18;3;3;5;2;0;0;1;0;1;0;0;814234,062;5830916,513;13,63430346;52,53746848;0
2208;1,22006E+19;12;0;63;36;2020;6;7;6;3;2;2;0;0;1;0;0;0;1;770036,4546;5832442,168;12,98557514;52,5748539;0
2209;1,22008E+19;12;0;69;397;2020;8;5;7;2;2;6;0;0;1;0;0;1;0;774788,9466;5801903,076;13,03042399;52,29860348;0