OBJECTID;UIDENTSTLAE;ULAND;UREGBEZ;UKREIS;UGEMEINDE;UJAHR;UMONAT;USTUNDE;UWOCHENTAG;UKATEGORIE;UART;UTYP1;ULICHTVERH;IstRad;IstPKW;IstFuss;IstKrad;IstGkfz;IstSonstige;LINREFX;LINREFY;XGCSWGS84;YGCSWGS84;STRZUSTAND
2210;1,22007E+19;12;0;63;208;2020;7;10;6;3;5;3;0;0;1;0;0;1;0;769042,023;5837230,651;12,97482729;52,61829159;0
2211;1,22008E+19;12;0;69;17;2020;8;11;7;2;2;1;0;0;1;0;0;0;0;767448,3963;5794902,278;12,91748722;52,23943126;0
2212;1,22006E+19;12;0;69;656;2020;6;13;4;2;9;1;0;0;1;0;0;0;0;765406,2867;5814149,158;12,90283562;52,4130573;0
2213;1,22009E+19;12;0;68;117;2020;9;15;6;3;2;6;0;0;1;0;0;0;0;754860,9528;5861501,65;12,78465741;52,84284812;0
2214;1,22007E+19;12;0;63;252;2020;7;5;4;2;4;2;0;0;1;0;0;0;0;726163,3358;5834459,919;12,34072527;52,61297428;0
2215;1,22008E+19;12;0;61;405;2020;8;16;7;3;5;3;0;0;0;0;1;0;1;819640,581;5772884,235;13,65878513;52,01432908;0
2216;1,22008E+19;12;0;69;448;2020;8;10;5;2;2;6;0;0;1;0;0;0;0;751686,1331;5776867,819;12,67377365;52,08505336;0
2217;1,22006E+19;12;0;69;17;2020;6;16;1;3;8;1;0;0;0;0;1;0;0;768236,0416;5784591,96;12,92083784;52,14656924;0
2218;1,22006E+19;12;0;64;448;2020;6;18;5;3;2;2;0;0;1;0;0;0;0;864371,1392;5835146,706;14,37506772;52,54414031;0
2219;1,22008E+19;12;0;53;0;2020;8;7;5;3;2;6;0;0;1;0;1;0;0;877096,3012;5814042,672;14,53803641;52,3466454;0
2220;1,22006E+19;12;0;73;8;2020;6;14;7;2;6;7;0;0;0;1;0;0;1;824781,3549;5893533,867;13,85146637;53,09220583;1
2221;1,22007E+19;12;0;64;472;2020;7;14;4;2;2;6;0;1;1;0;0;0;0;833016,7595;5834075,885;13,9134012;52,55461714;1
2222;1,22008E+19;12;0;60;52;2020;8;11;6;3;2;6;0;0;1;0;0;1;0;820324,9214;5864979,482;13,75692381;52,83909758;0
2223;1,22007E+19;12;0;64;29;2020;7;17;7;3;2;6;0;0;1;0;0;0;0;816823,7592;5832480,264;13,67384994;52,54998082;0
2224;1,22006E+19;12;0;72;240;2020;6;8;4;3;5;3;0;0;1;0;0;1;0;792902,9226;5803921,851;13,29707806;52,30734921;0
2225;1,22009E+19;12;0;67;201;2020;9;7;4;3;0;3;0;0;1;0;1;0;0;828308,863;5815575,998;13,82600434;52,39174921;0
2226;1,22008E+19;12;0;66;320;2020;8;20;3;2;2;6;2;0;1;0;0;1;0;849010,513;5749626,71;14,06159122;51,78836389;0
2227;1,22007E+19;12;0;60;181;2020;7;9;2;3;2;6;0;0;1;0;0;0;0;807617,8663;5843911,978;13,54913778;52,65770559;0
2228;1,22007E+19;12;0;70;173;2020;7;14;6;3;5;3;0;0;1;0;0;0;0;678938,8042;5896687,921;11,67834387;53,18938524;0
2229;1,22006E+19;12;0;64;125;2020;6;9;7;3;4;1;0;0;1;0;1;0;0;834896,1253;5861604,862;13,96898521;52,80002267;0
2230;1,22006E+19;12;0;64;227;2020;6;14;3;3;4;2;0;1;1;0;0;0;0;815347,8365;5826692,982;13,64666757;52,49897999;0
2231;1,22008E+19;12;0;72;17;2020;8;19;3;1;8;1;1;0;1;0;0;0;0;801553,3255;5804273,495;13,42389566;52,30582251;1
2232;1,22007E+19;12;0;69;76;2020;7;17;3;3;8;1;0;1;0;0;0;0;0;757020,3239;5789282,419;12,76083812;52,19397997;0
2233;1,22007E+19;12;0;54;0;2020;7;8;1;3;0;1;0;1;0;0;0;0;0;778588,0617;5821427,204;13,10221735;52,47177176;0
2234;1,22006E+19;12;0;69;656;2020;6;10;3;3;0;3;0;1;1;0;0;0;0;769529,6926;5808106,791;12,95845701;52,35684915;0
2235;1,22008E+19;12;0;64;380;2020;8;16;3;3;5;2;0;1;1;0;0;0;0;824809,1229;5830444,32;13,7892199;52,52703941;0
2236;1,22006E+19;12;0;52;0;2020;6;13;5;3;6;4;0;0;1;0;0;0;1;868582,4267;5747743,819;14,34214459;51,75897015;0
2237;1,22007E+19;12;0;64;472;2020;7;19;2;3;8;1;0;0;0;0;1;0;0;829822,088;5833921,061;13,86629821;52,55517401;0
2238;1,22008E+19;12;0;69;76;2020;8;13;4;3;5;2;0;1;1;0;0;0;0;757016,2086;5789273,539;12,76077131;52,19390223;0
2239;1,22008E+19;12;0;61;433;2020;8;4;1;2;4;7;2;0;1;0;1;0;0;809571,2112;5811954,145;13,54819613;52,37019985;0
2240;1,22008E+19;12;0;67;24;2020;8;8;2;3;8;1;0;0;1;0;0;0;0;848145,6925;5807022,106;14,10751515;52,30291038;0
2241;1,22007E+19;12;0;69;397;2020;7;19;4;2;8;1;0;0;0;0;1;0;0;777802,6027;5799363,065;13,0724133;52,27431024;0
2242;1,22006E+19;12;0;68;117;2020;6;15;1;3;2;6;0;0;1;0;0;0;0;755078,4053;5861163,467;12,78761453;52,83971173;1
2243;1,22008E+19;12;0;65;136;2020;8;17;2;2;2;6;0;1;0;0;0;0;0;784512,5617;5840857,724;13,20586031;52,64293161;0
2244;1,22007E+19;12;0;64;222;2020;7;18;1;3;9;1;0;0;1;0;0;0;0;828181,4069;5848679,447;13,85683129;52,68836756;1
2245;1,22007E+19;12;0;61;260;2020;7;13;6;2;2;6;0;0;1;0;0;1;0;819093,8354;5804421,069;13,68045562;52,29724189;0
2246;1,22006E+19;12;0;63;80;2020;6;17;4;3;3;2;0;1;1;0;0;0;0;779613,9803;5831391,85;13,12565651;52,56059951;0
2247;1,22006E+19;12;0;54;0;2020;6;12;3;3;5;3;0;1;1;0;0;0;0;773327,5173;5815039,159;13,01973861;52,41714096;0
2248;1,22006E+19;12;0;65;136;2020;6;13;4;3;5;3;0;1;1;0;0;0;0;784539,1365;5838181,166;13,20394738;52,61892028;0
2249;1,22007E+19;12;0;60;5;2020;7;18;6;3;2;6;0;0;1;0;0;0;0;809899,9997;5834824,703;13,57425634;52,57497333;0
2250;1,22008E+19;12;0;65;136;2020;8;11;2;3;5;3;0;0;1;0;0;0;0;784409,604;5841470,185;13,20487035;52,64847673;0
2251;1,22006E+19;12;0;68;117;2020;6;17;6;3;5;3;0;1;1;0;0;0;0;756550,1191;5861298,502;12,80952138;52,84022447;0
2252;1,22008E+19;12;0;54;0;2020;8;1;6;2;8;1;2;0;0;0;1;0;0;769364,744;5816324,511;12,96264691;52,43063391;0
2253;1,22008E+19;12;0;64;428;2020;8;17;7;3;5;3;0;0;1;0;0;0;0;828165,4423;5825946,829;13,83408482;52,48474062;0
2254;1,22006E+19;12;0;64;512;2020;6;17;3;3;4;6;0;0;1;0;0;0;0;843568,4675;5848524,95;14,08343311;52,67745281;0
2255;1,22007E+19;12;0;73;452;2020;7;16;2;2;5;2;0;0;0;0;1;0;1;825712,3245;5924487,248;13,89692422;53,36887159;0
2256;1,22006E+19;12;0;71;294;2020;6;16;6;2;9;1;0;0;1;0;0;0;0;886073,5645;5735322,789;14,58065431;51,63604849;0
2257;1,22008E+19;12;0;64;136;2020;8;17;7;3;2;6;0;0;1;0;0;0;0;820339,9421;5827219,046;13,72046338;52,5007863;0
2258;1,22006E+19;12;0;61;332;2020;6;16;2;1;8;1;0;0;0;0;0;0;1;807673,7157;5798526,829;13,50814524;52,25092475;0
2259;1,22007E+19;12;0;65;332;2020;7;16;6;2;2;6;0;0;0;0;0;1;1;781946,1454;5847705,876;13,17388955;52,70567177;1
2260;1,22008E+19;12;0;67;201;2020;8;17;7;3;8;1;0;0;1;0;0;0;0;829709,5148;5821105,86;13,85196026;52,4404453;0
2261;1,22007E+19;12;0;73;520;2020;7;16;1;3;9;1;0;0;1;0;0;0;0;831894,3772;5927667,509;13,99282406;53,39350747;1
2262;1,22006E+19;12;0;69;604;2020;6;17;4;3;5;3;0;0;1;0;1;0;0;786443,2996;5813009,507;13,21033954;52,39223637;0
2263;1,22009E+19;12;0;63;228;2020;9;7;5;2;3;2;0;1;1;0;0;0;0;750748,591;5842827,997;12,70945041;52,67725838;0
2264;1,22007E+19;12;0;69;616;2020;7;9;3;3;5;3;0;1;1;0;0;0;0;788694,6021;5813614,223;13,24385358;52,39647626;0
2265;1,22008E+19;12;0;65;332;2020;8;16;7;3;7;6;0;0;1;0;0;0;0;781097,6302;5847653,272;13,16131944;52,70564113;0
2266;1,22006E+19;12;0;64;472;2020;6;16;7;3;8;1;0;0;1;0;0;0;0;833906,2476;5838917,021;13,93134678;52,59743375;1
2267;1,22008E+19;12;0;60;52;2020;8;14;5;2;6;4;0;0;1;1;0;0;0;825306,2629;5864065,206;13,82970327;52,8279254;0
2268;1,22007E+19;12;0;69;656;2020;7;12;5;2;0;1;0;1;0;0;0;0;0;767956,25;5809650,579;12,93664035;52,37146666;0
2269;1,22006E+19;12;0;72;477;2020;6;17;7;3;9;1;0;0;1;0;0;0;0;802597,9933;5791788,645;13,42799351;52,19333847;1
2270;1,22006E+19;12;0;69;17;2020;6;9;4;3;2;2;0;0;1;0;0;0;0;770488,7151;5794945,08;12,96194022;52,23833042;0
2271;1,22008E+19;12;0;66;296;2020;8;13;4;2;2;6;0;0;1;0;0;0;1;837605,057;5712984,376;13,86153932;51,46708244;0
2272;1,22006E+19;12;0;72;169;2020;6;13;6;3;2;2;0;0;1;0;0;0;0;781135,1665;5769948,114;13,09681439;52,00883541;0
2273;1,22007E+19;12;0;54;0;2020;7;6;3;3;3;2;0;0;1;0;1;0;0;778672,7194;5811677,985;13,09533636;52,38430461;0
2274;1,22008E+19;12;0;68;320;2020;8;10;6;3;5;3;0;1;1;0;0;0;0;754654,796;5870111,693;12,78833809;52,92017753;0
2275;1,22007E+19;12;0;63;293;2020;7;10;6;2;9;1;0;0;1;0;0;0;0;732673,048;5835364,1;12,43733273;52,61833974;0
2276;1,22006E+19;12;0;69;656;2020;6;11;4;3;5;3;0;1;0;0;0;0;1;760793,7863;5811814,873;12,83335654;52,39433561;0
2277;1,22009E+19;12;0;64;44;2020;9;15;3;3;2;2;0;0;0;0;1;0;1;843300,0272;5859039,542;14,0904587;52,77177505;0
2278;1,22008E+19;12;0;64;227;2020;8;11;3;3;5;3;0;0;1;0;0;0;0;815013,236;5826923,912;13,64197322;52,5012425;0
2279;1,22008E+19;12;0;61;97;2020;8;20;7;1;8;1;0;0;1;0;0;0;0;813689,6932;5762879,977;13,5632155;51,92806026;0
2280;1,22007E+19;12;0;52;0;2020;7;10;6;3;5;2;0;1;1;0;0;0;0;867965,7095;5746424,067;14,33185233;51,74756037;0
2281;1,22008E+19;12;0;71;76;2020;8;9;7;3;5;2;0;1;0;0;0;0;1;888572,8203;5746089,581;14,62856598;51,73067232;0
2282;1,22007E+19;12;0;62;124;2020;7;11;1;3;8;1;0;0;1;0;0;0;0;814551,1088;5710088,411;13,52814157;51,45440128;1
2283;1,22006E+19;12;0;69;656;2020;6;15;4;3;2;6;0;0;1;0;0;0;0;766875,5894;5811956,115;12,92263946;52,39267291;0
2284;1,22009E+19;12;0;68;117;2020;9;14;6;3;0;1;0;1;0;0;0;0;0;754102,9627;5858066,478;12,77075533;52,81239187;0
2285;1,22007E+19;12;0;64;266;2020;7;13;4;3;2;2;0;0;1;0;0;0;1;875656,5512;5837320,861;14,5431707;52,55593473;0
2286;1,22008E+19;12;0;73;452;2020;8;20;7;2;4;6;0;0;1;0;1;0;0;826466,5002;5919923,575;13,90351378;53,32753465;0
2287;1,22006E+19;12;0;67;408;2020;6;16;7;3;8;1;0;1;0;0;0;0;0;840762,752;5807137,209;13,9997711;52,30856782;1
2288;1,22008E+19;12;0;69;656;2020;8;16;5;3;2;6;0;0;1;0;0;0;1;769671,2866;5808163,268;12,9605765;52,35728608;0
2289;1,22006E+19;12;0;64;317;2020;6;18;1;3;0;1;0;1;0;0;0;0;0;848478,7766;5829698,277;14,13596906;52,50575029;0
2290;1,22006E+19;12;0;68;353;2020;6;11;5;2;8;1;0;0;0;0;1;0;0;762981,8477;5890922,58;12,92884243;53,10280719;0
2291;1,22008E+19;12;0;72;240;2020;8;15;4;3;9;6;0;0;1;0;1;0;0;785697,5625;5800553,111;13,18882561;52,28093749;0
2292;1,22006E+19;12;0;60;5;2020;6;11;7;2;2;6;0;0;1;0;0;0;0;810977,7085;5836213,377;13,59141115;52,58680283;1
2293;1,22007E+19;12;0;72;240;2020;7;11;3;3;0;6;0;0;1;0;0;0;0;785034,8341;5802523,773;13,180803;52,29895144;0
2294;1,22008E+19;12;0;67;469;2020;8;15;6;3;8;7;0;0;0;0;1;0;0;840625,1307;5806858,675;13,9974786;52,30615851;0
2295;1,22007E+19;12;0;72;340;2020;7;20;6;3;3;6;0;0;0;0;1;0;1;805959,9397;5804839,199;13,48884256;52,30845722;0
2296;1,22006E+19;12;0;54;0;2020;6;6;4;2;5;3;0;1;0;0;0;0;0;776498,4625;5812313,442;13,06399551;52,39110474;0
2297;1,22009E+19;12;0;63;80;2020;9;8;3;3;4;2;0;1;1;0;0;0;0;779906,3963;5831304,392;13,1298851;52,55966505;0
2298;1,22008E+19;12;0;60;52;2020;8;10;3;2;6;2;0;0;1;1;0;0;0;825811,5615;5864145,143;13,83725585;52,82833646;0
2299;1,22006E+19;12;0;70;173;2020;6;15;4;3;6;4;0;0;0;1;1;0;0;683601,1885;5893842,988;11,74641036;53,16225274;0
2300;1,22007E+19;12;0;65;193;2020;7;6;2;3;8;7;0;0;1;0;0;0;0;795942,732;5866173,221;13,39713389;52,86373633;0
2301;1,22007E+19;12;0;63;202;2020;7;13;5;1;8;7;0;0;1;0;0;0;0;739522,6708;5843103,94;12,54393425;52,68481094;0
2302;1,22006E+19;12;0;63;80;2020;6;8;2;3;0;4;0;0;0;1;0;0;1;779803,7777;5831344,939;13,12840948;52,56008137;0
2303;1,22008E+19;12;0;61;219;2020;8;13;3;3;3;6;0;0;1;0;1;0;0;813871,9431;5749340,865;13,5535615;51,80661091;0
2304;1,22007E+19;12;0;60;52;2020;7;13;3;2;3;6;0;0;1;0;1;0;0;821185,172;5865181,622;13,76984947;52,84039668;0
2305;1,22007E+19;12;0;61;260;2020;7;13;1;3;3;6;0;1;1;0;0;0;0;814862,4898;5804275,407;13,61847441;52,29837643;0
2306;1,22006E+19;12;0;71;57;2020;6;16;3;2;4;6;0;0;1;0;0;1;0;854773,616;5738734,305;14,13371711;51,6871989;0
2307;1,22008E+19;12;0;65;198;2020;8;13;3;2;5;3;0;0;1;0;1;0;0;784556,1891;5859846,032;13,222948;52,81314863;0
2308;1,22006E+19;12;0;67;24;2020;6;9;5;3;5;3;0;1;1;0;0;0;0;845370,156;5804803,697;14,06469714;52,28479456;0
2309;1,22006E+19;12;0;69;656;2020;6;7;3;3;0;3;0;1;1;0;0;0;0;765689,9654;5813374,755;12,90638201;52,40597372;0
2310;1,22007E+19;12;0;52;0;2020;7;22;1;1;9;1;2;1;0;0;0;0;0;869165,2206;5747163,752;14,34993635;51,75339384;0
2311;1,22008E+19;12;0;66;104;2020;8;5;4;2;9;1;0;0;1;0;0;0;0;827325,2851;5704365,005;13,7060955;51,39587587;0
2312;1,22008E+19;12;0;60;20;2020;8;11;1;3;5;3;0;1;0;0;0;0;0;808669,3921;5845701,379;13,56630901;52,67314401;0
2313;1,22008E+19;12;0;71;44;2020;8;2;1;2;3;1;2;1;0;0;0;0;0;887008,9629;5733584,328;14,592187;51,61984947;0
2314;1,22007E+19;12;0;64;44;2020;7;14;4;3;5;3;0;1;1;0;0;0;0;839536,486;5861230,605;14,03715989;52,79377338;0
2315;1,22006E+19;12;0;54;0;2020;6;12;7;3;4;2;0;1;1;0;0;0;0;775289,3596;5819838,642;13,05246606;52,45919851;0
2316;1,22009E+19;12;0;72;2;2020;9;11;1;2;3;6;0;1;1;0;1;0;0;794262,4605;5792461,465;13,30698012;52,20387939;0
2317;1,22008E+19;12;0;68;117;2020;8;13;2;2;6;4;0;0;0;1;0;1;0;752921,654;5861054,186;12,75557995;52,83974786;0
2318;1,22007E+19;12;0;68;353;2020;7;14;1;2;8;1;0;0;0;0;1;0;0;762959,9433;5890917,976;12,92851226;53,10277669;0
2319;1,22008E+19;12;0;66;240;2020;8;0;1;3;9;1;2;0;1;0;0;0;0;831861,7439;5704938,938;13,77161314;51,39838537;0
2320;1,22007E+19;12;0;60;5;2020;7;6;6;3;5;3;0;1;1;0;0;0;0;810216,1369;5834973,21;13,57904541;52,57612406;0
2321;1,22006E+19;12;0;54;0;2020;6;8;4;3;5;3;0;1;1;0;0;0;0;779133,6706;5821510,992;13,11029914;52,47224455;0
2322;1,22009E+19;12;0;68;320;2020;9;13;1;3;2;2;0;0;1;0;0;0;0;755785,6044;5871371,681;12,80611252;52,93094224;0
2323;1,22006E+19;12;0;61;540;2020;6;15;3;3;5;3;0;1;1;0;0;0;0;814232,5601;5807451,45;13,61223068;52,32719853;0
2324;1,22006E+19;12;0;54;0;2020;6;14;3;3;3;6;0;0;1;0;0;1;0;779110,831;5811272,343;13,10141925;52,38044408;0
2325;1,22007E+19;12;0;72;298;2020;7;9;5;3;5;3;0;0;1;0;0;0;0;792809,448;5752200,118;13,25134954;51,84367117;0
2326;1,22008E+19;12;0;61;540;2020;8;11;1;3;5;3;0;0;1;0;0;0;0;813585,7534;5806030,754;13,6014466;52,31483676;0
2327;1,22008E+19;12;0;62;140;2020;8;11;6;3;5;3;0;0;1;0;0;0;0;826060,5205;5730442,22;13,71207977;51,63029306;0
2328;1,22008E+19;12;0;72;14;2020;8;21;6;3;8;1;2;0;1;0;0;0;0;803616,9138;5776154,02;13,42891347;52,05263289;0
2329;1,22006E+19;12;0;69;474;2020;6;8;2;3;9;1;0;0;1;0;0;0;0;752683,972;5778059,996;12,68918943;52,09529537;0
2330;1,22007E+19;12;0;66;124;2020;7;2;1;2;8;1;2;0;1;0;0;0;0;837656,5929;5707698,832;13,85724021;51,4196961;0
2331;1,22006E+19;12;0;73;452;2020;6;18;6;3;0;3;0;0;1;0;1;0;0;819032,2377;5914299,897;13,78663394;53,2816901;1
2332;1,22008E+19;12;0;67;397;2020;8;15;6;3;9;6;0;0;1;0;0;0;0;863043,5852;5797639,005;14,31499726;52,20927995;0
2333;1,22008E+19;12;0;63;208;2020;8;15;6;3;4;2;0;0;1;0;0;0;0;766069,773;5844424,575;12,93682819;52,68427588;0
2334;1,22006E+19;12;0;67;413;2020;6;6;2;2;5;3;0;0;1;0;0;0;0;841517,639;5802437,133;14,00604229;52,26600464;1
2335;1,22007E+19;12;0;51;0;2020;7;9;5;3;2;6;0;0;1;0;0;0;0;740836,691;5811726,734;12,54058083;52,40268595;0
2336;1,22008E+19;12;0;72;477;2020;8;16;6;3;2;6;0;0;0;0;1;0;0;798090,5281;5799104,135;13,36868774;52,26137192;0
2337;1,22007E+19;12;0;65;310;2020;7;12;1;3;4;1;0;0;1;0;0;0;0;766831,2513;5892335,641;12,98737361;53,11356894;1
2338;1,22006E+19;12;0;69;397;2020;6;16;4;3;8;1;0;0;0;0;1;0;0;778430,522;5798111,114;13,08056027;52,26276562;0
2339;1,22009E+19;12;0;73;452;2020;9;7;5;3;5;2;0;1;1;0;0;0;0;823907,5891;5918812,397;13,86409678;53,31915321;0
2340;1,22007E+19;12;0;62;469;2020;7;16;3;2;5;3;0;0;1;0;0;0;0;826400,5701;5737421,196;13,72348872;51,69263431;0
2341;1,22007E+19;12;0;62;24;2020;7;5;6;3;1;5;1;0;1;0;0;0;0;803108,5788;5707783,483;13,36196956;51,43997433;0
2342;1,22006E+19;12;0;68;468;2020;6;16;7;2;2;6;0;0;1;0;0;0;0;730504,0047;5895350,072;12,44784585;53,15754947;1
2343;1,22007E+19;12;0;61;448;2020;7;12;4;2;5;3;0;1;1;0;0;0;0;817602,9191;5788491,66;13,64371709;52,15536222;0
2344;1,22008E+19;12;0;63;148;2020;8;15;4;3;2;2;0;0;0;0;1;0;1;761454,7185;5826207,186;12,85432105;52,52311901;0
2345;1,22007E+19;12;0;73;429;2020;7;10;5;2;5;3;0;0;1;0;0;0;0;813065,552;5918953,246;13,70203268;53,32693241;0
2346;1,22006E+19;12;0;54;0;2020;6;12;7;3;5;2;0;0;1;0;0;0;0;773336,145;5815035,229;13,01986195;52,4171014;0
2347;1,22006E+19;12;0;71;244;2020;6;8;4;3;5;2;0;1;1;0;0;0;0;863059,0606;5746308,456;14,26095924;51,74972339;0
2348;1,22008E+19;12;0;71;153;2020;8;16;4;1;8;7;0;0;1;0;0;0;0;886854,4813;5740069,386;14,59713113;51,67798802;0
2349;1,22006E+19;12;0;62;124;2020;6;17;6;2;2;6;0;0;1;0;0;0;0;814551,289;5711243,521;13,52917098;51,46475522;1
2350;1,22007E+19;12;0;60;269;2020;7;6;3;2;3;2;0;0;0;0;1;0;1;802071,1834;5857789,693;13,48013928;52,7851999;0
2351;1,22008E+19;12;0;66;196;2020;8;16;5;3;5;3;0;1;1;0;0;0;0;841216,797;5757565,112;13,95684026;51,86427713;0
2352;1,22007E+19;12;0;69;17;2020;7;9;6;3;5;2;0;0;1;0;0;0;0;771205,7106;5793213,101;12,97102652;52,22244374;0
2353;1,22008E+19;12;0;63;252;2020;8;7;2;2;3;2;0;1;1;0;0;0;0;728930,9187;5833097,631;12,3805865;52,59958957;0
2354;1,22008E+19;12;0;65;136;2020;8;15;3;3;2;2;0;0;1;0;0;0;0;785527,2242;5840067,034;13,22013204;52,63530991;0
2355;1,22007E+19;12;0;51;0;2020;7;15;5;3;6;4;0;1;0;1;0;0;0;739114,5557;5816295,232;12,51858166;52,4444356;0
2356;1,22006E+19;12;0;64;428;2020;6;8;2;3;0;1;0;1;0;0;0;0;0;824093,105;5827924,043;13,77624776;52,50488655;0
2357;1,22008E+19;12;0;70;125;2020;8;13;3;3;5;3;0;0;1;0;0;0;0;706609,7013;5895708,548;12,0912716;53,17057124;0
2358;1,22007E+19;12;0;69;474;2020;7;16;2;3;5;3;0;1;1;0;0;0;0;750971,5196;5778607,031;12,66464586;52,10098262;0
2359;1,22007E+19;12;0;71;244;2020;7;14;7;3;5;2;0;1;1;0;0;0;0;864334,124;5746569,7;14,2796248;51,75123538;0
2360;1,22008E+19;12;0;67;124;2020;8;15;2;3;2;7;0;0;1;0;0;1;0;825517,1498;5816852,053;13,78636298;52,40484708;0
2361;1,22006E+19;12;0;71;304;2020;6;9;4;3;5;3;0;1;1;0;0;0;0;872191,2798;5759242,449;14,40653855;51,85951363;0
2362;1,22006E+19;12;0;69;448;2020;6;7;3;3;5;3;0;0;1;0;0;1;0;754147,7514;5772651,542;12,70648666;52,04610061;0
2363;1,22007E+19;12;0;69;454;2020;7;15;7;3;1;5;0;1;1;0;0;0;0;783472,9416;5805566,955;13,16052148;52,32704677;0
2364;1,22008E+19;12;0;51;0;2020;8;10;3;3;5;2;0;1;1;0;0;0;0;741672,2024;5813313,778;12,55398406;52,41655837;0
2365;1,22008E+19;12;0;69;397;2020;8;14;7;3;1;6;0;0;0;0;1;0;0;775523,8074;5807119,951;13,04544488;52,34502087;0
2366;1,22008E+19;12;0;65;251;2020;8;10;1;3;2;6;0;0;1;0;0;0;0;770942,327;5845813,859;13,00987621;52,69432122;0
2367;1,22007E+19;12;0;52;0;2020;7;16;3;3;0;1;0;1;0;0;0;0;0;870146,099;5742098,843;14,35870423;51,70740613;0
2368;1,22006E+19;12;0;60;20;2020;6;11;7;3;5;3;0;1;1;0;0;0;0;808893,8279;5842912,908;13,56700698;52,64802773;0
2369;1,22008E+19;12;0;60;269;2020;8;10;1;3;5;3;0;1;1;0;0;0;0;800625,244;5843343,783;13,44555397;52,65653219;0
2370;1,22007E+19;12;0;73;532;2020;7;13;7;3;9;1;0;0;0;0;1;0;0;853751,6699;5892457,87;14,281105;53,06418551;0
2371;1,22008E+19;12;0;60;20;2020;8;11;1;3;5;3;0;1;0;0;0;0;0;809871,5184;5845568,148;13,58390565;52,67126462;0
2372;1,22007E+19;12;0;60;52;2020;7;21;5;3;0;1;1;1;0;0;0;0;0;824573,93;5864813,679;13,81961631;52,8350713;0
2373;1,22007E+19;12;0;63;208;2020;7;15;5;2;2;6;0;0;1;0;0;1;0;763484,3369;5833937,825;12,89030449;52,59148109;0
2374;1,22006E+19;12;0;60;20;2020;6;16;2;3;9;1;0;0;1;0;0;0;0;808923,9603;5842516,125;13,56707973;52,64445486;1
2375;1,22008E+19;12;0;64;448;2020;8;15;3;3;5;3;0;1;1;0;0;0;0;864734,5599;5834226,616;14,37939343;52,53566198;0
2376;1,22007E+19;12;0;67;440;2020;7;6;3;3;5;2;0;1;1;0;0;0;0;819835,4776;5824448,071;13,71039797;52,47625478;0
2377;1,22007E+19;12;0;65;165;2020;7;2;1;2;8;1;2;0;0;0;1;0;0;770557,8556;5852092,885;13,00937033;52,75082276;0
2378;1,22008E+19;12;0;72;17;2020;8;14;2;3;5;2;0;0;1;0;0;0;1;800739,0654;5806717,384;13,41417194;52,32817525;0
2379;1,22006E+19;12;0;63;80;2020;6;17;4;3;0;1;0;1;0;0;0;0;0;777361,5394;5832398,924;13,09335674;52,57078219;0
2380;1,22006E+19;12;0;60;20;2020;6;16;3;3;9;1;0;0;1;0;0;0;0;808567,9818;5845592,278;13,56471186;52,67222402;0
2381;1,22007E+19;12;0;67;36;2020;7;17;1;3;8;6;0;0;0;0;1;0;1;864377,6927;5793058,709;14,32951847;52,16739875;1
2382;1,22008E+19;12;0;64;512;2020;8;7;4;3;3;6;0;1;0;0;0;0;1;846719,0797;5853592,908;14,13518382;52,72082552;0
2383;1,22008E+19;12;0;69;485;2020;8;11;7;3;2;6;0;0;1;0;0;0;0;749186,3846;5772288,332;12,63402445;52,0450933;0
2384;1,22008E+19;12;0;60;52;2020;8;16;1;3;6;2;0;0;1;1;0;0;0;824399,3485;5864796,125;13,81701649;52,83501912;0
2385;1,22007E+19;12;0;54;0;2020;7;21;3;3;0;1;1;0;0;0;1;0;0;775055,4054;5812859,161;13,04329077;52,39672521;1
2386;1,22006E+19;12;0;60;52;2020;6;12;7;2;3;2;0;1;1;0;0;0;0;825036,1106;5867126,769;13,82875636;52,85551299;0
2387;1,22009E+19;12;0;61;260;2020;9;16;1;3;2;6;0;0;1;0;0;0;0;818629,6376;5806441,628;13,6755825;52,31561646;0
2388;1,22008E+19;12;0;61;435;2020;8;20;1;2;2;6;0;0;1;0;1;0;0;823984,7045;5771802,921;13,7208483;52,00212289;0
2389;1,22007E+19;12;0;62;140;2020;7;15;7;3;5;3;0;0;1;0;1;0;0;825612,097;5731118,308;13,70625128;51,63661112;0
2390;1,22008E+19;12;0;71;386;2020;8;17;1;3;4;2;0;0;1;0;0;0;0;876463,1131;5757572,605;14,46647257;51,84170566;0
2391;1,22007E+19;12;0;69;604;2020;7;6;5;3;0;7;0;0;0;0;1;0;1;785596,7579;5809996,596;13,19536718;52,36566386;1
2392;1,22006E+19;12;0;66;196;2020;6;15;4;3;2;2;0;0;1;0;0;0;0;839630,8951;5757532,911;13,93386271;51,86495554;0
2393;1,22009E+19;12;0;64;136;2020;9;11;7;3;2;2;0;0;1;0;0;0;0;821890,146;5826970,399;13,74298175;52,49764647;1