OBJECTID;UIDENTSTLAE;ULAND;UREGBEZ;UKREIS;UGEMEINDE;UJAHR;UMONAT;USTUNDE;UWOCHENTAG;UKATEGORIE;UART;UTYP1;ULICHTVERH;IstRad;IstPKW;IstFuss;IstKrad;IstGkfz;IstSonstige;LINREFX;LINREFY;XGCSWGS84;YGCSWGS84;STRZUSTAND
2394;1,22006E+19;12;0;64;227;2020;6;17;3;2;5;3;0;0;1;0;1;0;0;815417,6899;5825027,264;13,64611652;52,48401374;0
2395;1,22007E+19;12;0;66;176;2020;7;11;5;3;0;1;0;1;0;0;0;0;0;831566,8521;5716181,559;13,77791615;51,49929827;0
2396;1,22008E+19;12;0;60;52;2020;8;13;1;1;9;1;0;0;0;0;0;0;1;825501,117;5864199,044;13,83271833;52,82900672;0
2397;1,22008E+19;12;0;73;532;2020;8;11;6;2;8;7;0;0;1;0;0;0;1;846635,4563;5898182,415;14,18151631;53,12009432;1
2398;1,22008E+19;12;0;66;320;2020;8;6;6;3;5;3;0;1;1;0;0;0;0;851235,4877;5752914,624;14,0970504;51,81641824;0
2399;1,22006E+19;12;0;66;196;2020;6;7;2;3;5;3;0;0;1;0;0;0;0;842705,4208;5754006,197;13,97485305;51,83148738;0
2400;1,22006E+19;12;0;67;24;2020;6;13;6;3;5;3;0;1;1;0;0;0;0;845370,156;5804803,697;14,06469714;52,28479456;0
2401;1,22008E+19;12;0;69;20;2020;8;7;5;3;9;1;0;0;0;0;0;0;1;747735,587;5787305,708;12,6238355;52,1804919;1
2402;1,22008E+19;12;0;61;216;2020;8;9;6;3;6;7;0;0;1;1;0;0;0;822038,5231;5783426,083;13,70354252;52,1074053;0
2403;1,22006E+19;12;0;61;332;2020;6;6;1;3;9;1;0;0;1;0;0;0;0;812876,8942;5801685,641;13,58704812;52,27630151;1
2404;1,22007E+19;12;0;73;532;2020;7;11;5;2;8;1;0;0;1;0;0;0;0;849951,6353;5894308,129;14,22664483;53,08324867;1
2405;1,22008E+19;12;0;51;0;2020;8;12;6;3;4;4;0;1;0;1;0;0;0;739723,7289;5812814,489;12,52503162;52,41293517;0
2406;1,22007E+19;12;0;69;648;2020;7;8;7;3;2;6;0;0;1;0;0;0;0;736787,7509;5800302,142;12,47312166;52,30192958;0
2407;1,22006E+19;12;0;61;260;2020;6;7;4;3;5;3;0;0;1;0;0;0;0;813800,0678;5803861,65;13,60255996;52,29527606;0
2408;1,22009E+19;12;0;64;408;2020;9;18;5;3;8;1;0;0;1;0;0;0;0;830893,3402;5832232,527;13,88035952;52,53939931;0
2409;1,22008E+19;12;0;69;304;2020;8;16;4;3;2;6;0;0;1;0;0;0;0;787882,6332;5814464,186;13,23268339;52,40452424;0
2410;1,22007E+19;12;0;64;227;2020;7;13;3;3;5;3;0;0;1;0;0;0;0;815221,3339;5826525,871;13,64465206;52,49755564;0
2411;1,22007E+19;12;0;67;124;2020;7;17;6;3;8;6;0;0;1;0;0;0;0;825441,2438;5817651,932;13,78602843;52,41205827;0
2412;1,22006E+19;12;0;68;264;2020;6;9;7;2;2;6;0;0;1;0;0;0;0;725080,8157;5875236,945;12,35281841;52,97937592;0
2413;1,22006E+19;12;0;69;696;2020;6;7;3;3;2;6;0;0;1;0;0;1;0;725373,1768;5793830,844;12,3016826;52,24864701;0
2414;1,22008E+19;12;0;69;28;2020;8;18;4;3;5;3;0;0;1;0;0;1;0;729570,5217;5811897,072;12,37539141;52,40905525;0
2415;1,22007E+19;12;0;54;0;2020;7;8;4;3;2;1;0;0;1;0;0;0;0;776491,8844;5812291,369;13,06388088;52,39091011;0
2416;1,22006E+19;12;0;60;269;2020;6;13;7;3;2;6;0;1;1;0;0;0;0;799795,0474;5849407,883;13,4388356;52,71134373;0
2417;1,22006E+19;12;0;60;269;2020;6;7;4;3;2;7;0;0;1;0;0;0;1;802275,5615;5852823,4;13,47858256;52,74057621;0
2418;1,22008E+19;12;0;67;120;2020;8;16;4;3;4;7;0;0;1;0;1;0;0;883340,5765;5792655,107;14,60501997;52,15095851;0
2419;1,22006E+19;12;0;60;20;2020;6;9;6;2;5;3;0;0;1;0;1;0;0;804320,901;5851486,353;13,50754628;52,72744701;0
2420;1,22007E+19;12;0;60;20;2020;7;7;3;3;7;7;0;0;0;0;1;0;0;805491,9418;5846169,384;13,51989707;52,67913739;0
2421;1,22008E+19;12;0;60;280;2020;8;7;5;3;5;3;0;0;1;0;0;0;0;820786,6436;5842021,2;13,74133377;52,6331422;0
2422;1,22007E+19;12;0;73;69;2020;7;16;6;3;0;1;0;1;0;0;0;0;0;807150,0989;5911284,358;13,60609117;53,26168341;1
2423;1,22008E+19;12;0;51;0;2020;8;16;2;3;3;6;0;0;1;0;0;0;0;742650,0375;5811721,795;12,56717969;52,40184095;0
2424;1,22008E+19;12;0;54;0;2020;8;9;2;2;4;6;0;0;1;0;0;1;0;781415,6462;5808516,862;13,1328818;52,35455703;0
2425;1,22007E+19;12;0;60;20;2020;7;14;5;3;4;3;0;1;1;0;0;0;0;809975,118;5848663,433;13,58834519;52,69894256;0
2426;1,22006E+19;12;0;68;468;2020;6;15;2;2;8;7;0;0;1;0;0;0;0;730335,3582;5902127,14;12,4502116;53,21843209;0
2427;1,22008E+19;12;0;54;0;2020;8;7;2;3;2;6;0;0;1;0;0;0;0;775595,9185;5816629,065;13,0543189;52,43026132;0
2428;1,22007E+19;12;0;60;100;2020;7;9;2;2;2;6;0;0;0;0;0;1;1;819718,8483;5873248,736;13,75607313;52,91353901;0
2429;1,22007E+19;12;0;60;24;2020;7;10;7;3;3;6;0;0;1;0;0;0;0;809849,0403;5859679,15;13,59688467;52,79772578;0
2430;1,22008E+19;12;0;65;225;2020;8;9;2;3;5;3;0;1;1;0;0;0;0;797194,351;5844762,247;13,39626048;52,67113646;0
2431;1,22006E+19;12;0;60;5;2020;6;11;4;3;5;2;0;0;1;0;0;0;0;806296,0567;5837875,764;13,5240627;52,60435722;0
2432;1,22006E+19;12;0;64;472;2020;6;11;3;3;2;2;0;0;1;0;0;0;0;829768,0612;5834310,285;13,86589084;52,55869326;0
2433;1,22007E+19;12;0;64;417;2020;7;18;7;3;8;7;0;0;0;0;1;0;0;841514,6112;5846915,073;14,05150606;52,6643336;0
2434;1,22008E+19;12;0;65;332;2020;8;11;3;2;5;3;0;1;1;0;0;0;0;781780,2499;5848018,505;13,17170853;52,70856114;0
2435;1,22006E+19;12;0;68;320;2020;6;18;6;3;9;1;0;0;0;0;1;0;0;754668,5228;5870019,651;12,78846964;52,91934543;0
2436;1,22008E+19;12;0;52;0;2020;8;19;7;3;5;2;0;0;1;0;0;0;0;869648,5808;5748681,836;14,35852134;51,76666529;0
2437;1,22008E+19;12;0;72;17;2020;8;19;7;2;5;2;0;0;1;0;0;0;0;799632,8335;5807713,496;13,39887439;52,33770912;0
2438;1,22007E+19;12;0;60;52;2020;7;16;3;3;2;6;0;0;1;0;0;0;0;817591,0997;5864864,705;13,71636465;52,83968663;0
2439;1,22006E+19;12;0;69;448;2020;6;12;6;2;2;1;0;0;1;0;0;0;0;750935,2461;5775630,571;12,66192771;52,07429297;1
2440;1,22008E+19;12;0;70;173;2020;8;11;1;3;2;6;0;0;1;0;0;0;0;685725,1471;5891269,102;11,7766488;53,13840636;0
2441;1,22007E+19;12;0;65;198;2020;7;11;7;3;2;6;0;0;1;0;1;0;0;779596,9813;5870415,59;13,1586297;52,91050804;0
2442;1,22008E+19;12;0;65;256;2020;8;17;1;3;0;1;0;1;0;0;0;0;0;796221,4771;5857410,566;13,39331766;52,78504157;0
2443;1,22006E+19;12;0;61;260;2020;6;10;4;3;5;3;0;0;1;0;0;0;0;813799,9721;5803861,99;13,60255888;52,29527916;0
2444;1,22009E+19;12;0;64;190;2020;9;7;6;3;2;2;0;0;1;0;0;0;0;860538,3994;5839342,527;14,323353;52,58424736;1
2445;1,22006E+19;12;0;67;144;2020;6;20;3;3;5;3;0;1;1;0;0;0;0;845024,952;5812331,34;14,06737049;52,35242388;0
2446;1,22007E+19;12;0;65;332;2020;7;11;5;2;5;3;0;1;1;0;0;0;0;781677,6794;5844681,036;13,167339;52,67869045;0
2447;1,22008E+19;12;0;69;656;2020;8;19;7;3;0;1;0;0;0;0;1;0;0;766720,3022;5809511,841;12,91841849;52,37082505;0
2448;1,22008E+19;12;0;65;251;2020;8;14;6;2;0;7;0;1;0;0;0;0;0;778718,6741;5845187,01;13,12411352;52,68475659;0
2449;1,22006E+19;12;0;65;225;2020;6;14;2;3;5;3;0;0;1;0;1;0;0;794911,919;5850147,712;13,36742897;52,72065657;0
2450;1,22006E+19;12;0;73;572;2020;6;14;5;2;6;3;0;0;1;1;0;0;0;801021,7635;5895115,251;13,49927863;53,12029696;0
2451;1,22008E+19;12;0;63;273;2020;8;15;4;3;8;1;0;0;1;0;0;0;0;770319,7942;5840282,813;12,99615224;52,64502956;1
2452;1,22008E+19;12;0;62;500;2020;8;6;5;3;9;1;0;0;0;0;1;0;0;800355,6191;5725896,294;13,33790577;51,60383938;1
2453;1,22006E+19;12;0;66;304;2020;6;18;7;3;8;1;0;0;0;0;0;0;1;846640,1903;5721170,385;13,99915804;51,5349517;0
2454;1,22007E+19;12;0;64;428;2020;7;2;4;1;2;6;2;0;0;0;0;1;1;823803,0638;5824351,569;13,76851872;52,4730528;0
2455;1,22008E+19;12;0;73;578;2020;8;13;6;3;2;6;0;0;1;0;0;0;0;834019,4165;5910921,464;14,00703205;53,24221631;0
2456;1,22007E+19;12;0;73;572;2020;7;17;7;2;9;1;0;0;0;0;1;0;0;807344,8141;5882405,575;13,5813355;53,00280789;0
2457;1,22006E+19;12;0;62;92;2020;6;18;4;3;0;1;0;1;0;0;0;0;0;815291,7145;5727815,732;13,55463016;51,61288581;0
2458;1,22009E+19;12;0;60;154;2020;9;6;4;3;7;7;0;0;1;0;0;0;0;811955,8656;5866386,528;13,63443505;52,8566129;0
2459;1,22008E+19;12;0;70;424;2020;8;14;4;3;2;6;0;0;1;0;0;0;0;685313,2224;5876794,686;11,76216277;53,00858634;1
2460;1,22007E+19;12;0;73;578;2020;7;8;2;1;4;6;0;0;1;0;0;0;1;832724,233;5909315,249;13,98602175;53,22864517;0
2461;1,22007E+19;12;0;64;370;2020;7;12;6;2;5;2;0;0;1;0;1;0;0;834267,362;5838825,444;13,93656602;52,59639172;0
2462;1,22006E+19;12;0;73;452;2020;6;12;3;3;5;3;0;1;1;0;0;0;0;823233,671;5917991,502;13,85318034;53,31221224;0
2463;1,22006E+19;12;0;71;372;2020;6;15;4;3;5;3;0;1;1;0;0;0;0;873552,7854;5726658,108;14,39132616;51,56693172;0
2464;1,22009E+19;12;0;54;0;2020;9;21;6;3;0;7;2;1;0;0;0;0;1;774025,8585;5811813,114;13,02734181;52,38786022;1
2465;1,22006E+19;12;0;65;198;2020;6;15;3;3;5;3;0;1;1;0;0;0;0;783919,2882;5860789,326;13,21434341;52,82194114;0
2466;1,22007E+19;12;0;64;44;2020;7;16;5;3;4;1;0;0;1;0;0;0;0;839710,8244;5862704,016;14,04126481;52,80685805;1
2467;1,22008E+19;12;0;68;320;2020;8;17;1;3;9;7;0;0;1;0;0;0;0;751831,0004;5884663,188;12,75775542;53,05203752;0
2468;1,22008E+19;12;0;52;0;2020;8;7;6;2;5;2;0;1;1;0;0;0;0;868138,254;5745734,114;14,33361133;51,74127041;0
2469;1,22006E+19;12;0;60;20;2020;6;7;2;2;2;6;0;0;1;0;0;0;0;808880,3369;5841051,258;13,56506743;52,63135238;0
2470;1,22006E+19;12;0;70;325;2020;6;8;6;2;5;3;0;1;1;0;0;0;0;703086,1582;5904152,417;12,04400665;53,24772268;0
2471;1,22008E+19;12;0;62;224;2020;8;16;5;1;5;3;0;0;1;0;0;0;1;796140,235;5732034,948;13,28239854;51,66111241;0
2472;1,22008E+19;12;0;67;544;2020;8;22;6;3;2;6;2;1;0;0;0;0;0;823365,7052;5822990,468;13,76078323;52,46111749;0
2473;1,22006E+19;12;0;68;306;2020;6;13;1;3;8;1;0;0;1;0;0;0;0;748558,8827;5871256,466;12,69873813;52,93330123;0
2474;1,22007E+19;12;0;69;696;2020;7;14;4;3;8;1;0;0;1;0;0;0;0;730103,549;5797400,976;12,3732865;52,27873195;1
2475;1,22008E+19;12;0;61;332;2020;8;13;6;3;3;6;0;1;1;0;1;0;0;809388,1738;5800398;13,53489487;52,26673432;0
2476;1,22007E+19;12;0;61;316;2020;7;16;7;3;3;6;0;1;0;0;0;0;0;835402,2459;5766344,589;13,8812442;51,94645128;0
2477;1,22006E+19;12;0;71;160;2020;6;9;4;2;5;3;0;1;1;0;0;0;0;891813,0848;5770702,791;14,70310036;51,94863097;0
2478;1,22009E+19;12;0;69;616;2020;9;15;4;3;6;7;0;1;0;1;0;0;0;792565,4457;5812996,094;13,30004316;52,38888086;1
2479;1,22008E+19;12;0;64;380;2020;8;17;4;3;5;3;0;0;1;0;0;0;0;824562,0918;5830340,792;13,78549026;52,52625902;1
2480;1,22007E+19;12;0;51;0;2020;7;16;2;3;3;6;0;0;1;0;0;0;0;738635,4982;5803729,569;12,50259939;52,33188682;0
2481;1,22007E+19;12;0;60;20;2020;7;15;6;3;5;3;0;1;1;0;0;0;0;808641,6872;5845678,486;13,56587914;52,67295463;0
2482;1,22006E+19;12;0;51;0;2020;6;19;3;3;4;6;0;1;0;0;0;0;0;743243,6143;5812191,025;12,57622825;52,40578787;0
2483;1,22008E+19;12;0;71;76;2020;8;15;4;3;1;1;0;1;1;0;0;0;0;890104,8858;5745565,482;14,65005568;51,72492005;0
2484;1,22007E+19;12;0;67;440;2020;7;16;4;2;5;3;0;1;1;0;0;0;0;818979,1918;5826845,39;13,70012726;52,49823539;0
2485;1,22006E+19;12;0;67;201;2020;6;13;4;3;2;2;0;0;1;0;0;0;0;828718,4794;5820481,431;13,83681884;52,43544802;0
2486;1,22008E+19;12;0;61;192;2020;8;6;3;3;2;6;0;0;1;0;0;1;0;815796,911;5791406,277;13,62011478;52,18251664;0
2487;1,22006E+19;12;0;63;80;2020;6;11;5;3;5;3;0;1;1;0;0;0;0;777353,2427;5832401,558;13,09323684;52,57081004;0
2488;1,22007E+19;12;0;69;696;2020;7;18;2;3;5;3;0;0;1;0;1;0;0;722289,6429;5793730,936;12,2565232;52,24900406;0
2489;1,22008E+19;12;0;65;193;2020;8;17;5;3;5;3;0;1;1;0;0;0;0;796337,7603;5867246,171;13,40396005;52,87313607;0
2490;1,22007E+19;12;0;64;222;2020;7;12;6;3;3;6;0;0;1;0;1;0;0;828666,7392;5849336,871;13,86464172;52,6939624;0
2491;1,22008E+19;12;0;60;176;2020;8;8;2;3;1;7;0;0;1;0;0;0;1;839440,782;5868865,417;14,04367794;52,86220257;0
2492;1,22008E+19;12;0;73;261;2020;8;12;2;3;2;6;0;0;1;0;0;0;0;832351,4327;5915910,03;13,98734058;53,28793476;0
2493;1,22007E+19;12;0;68;181;2020;7;19;5;1;8;6;0;0;1;0;0;1;0;725332,7137;5896142,403;12,37120024;53,16687189;0
2494;1,22006E+19;12;0;54;0;2020;6;14;1;3;4;6;0;1;0;0;0;0;0;775350,366;5813136,984;13,04784328;52,39906849;1
2495;1,22008E+19;12;0;66;304;2020;8;7;2;3;0;7;0;1;0;0;0;0;0;849091,3;5712389,729;14,02568284;51,45479367;0
2496;1,22007E+19;12;0;65;251;2020;7;15;2;3;4;6;0;0;1;0;0;0;0;778146,8172;5841039,106;13,11217702;52,64785711;0
2497;1,22007E+19;12;0;67;237;2020;7;16;7;3;9;1;0;0;1;0;0;0;0;864369,7239;5813484,098;14,35142798;52,35024187;0
2498;1,22008E+19;12;0;69;460;2020;8;10;1;3;8;1;0;0;0;0;1;0;0;751515,992;5822622,338;12,70543633;52,49563445;0
2499;1,22006E+19;12;0;64;408;2020;6;9;4;3;2;7;0;0;1;0;0;0;0;835494,4466;5825931,325;13,94159871;52,48014878;0
2500;1,22006E+19;12;0;72;120;2020;6;14;2;3;3;3;0;0;1;0;0;1;0;791719,6058;5807921,091;13,28323824;52,34383328;0
2501;1,22007E+19;12;0;54;0;2020;7;16;6;3;3;6;0;0;1;0;1;0;0;776640,4823;5812157,722;13,06594869;52,38963658;0
2502;1,22008E+19;12;0;61;316;2020;8;15;2;2;6;4;0;0;0;1;0;0;1;834514,882;5766719,029;13,86874456;51,9503396;0
2503;1,22006E+19;12;0;68;320;2020;6;13;6;2;0;7;0;0;0;0;0;0;1;758151,2529;5873585,068;12,84298877;52,94966322;0
2504;1,22008E+19;12;0;67;144;2020;8;0;7;3;2;6;2;0;1;0;0;1;0;845280,2986;5810354,14;14,0690742;52,33455701;0
2505;1,22008E+19;12;0;61;540;2020;8;15;7;2;2;6;0;0;1;0;0;0;0;816401,2679;5805753,996;13,64235403;52,31074253;0
2506;1,22007E+19;12;0;64;472;2020;7;19;3;3;3;6;0;1;0;0;0;1;0;831192,379;5836790,874;13,88930089;52,58004857;0
2507;1,22006E+19;12;0;54;0;2020;6;6;6;3;3;2;0;1;1;0;0;0;0;777841,0013;5810926,226;13,08252441;52,37798555;0
2508;1,22008E+19;12;0;69;696;2020;8;12;7;2;8;1;0;0;1;0;0;0;0;727476,753;5799303,072;12,33613271;52,29689671;0
2509;1,22007E+19;12;0;61;329;2020;7;17;6;2;4;6;0;0;1;0;0;0;0;841372,4789;5771053,589;13,97245858;51,98500223;0
2510;1,22008E+19;12;0;63;56;2020;8;13;7;3;9;1;0;0;1;0;0;0;0;778157,1948;5827874,042;13,10127572;52,52980129;0
2511;1,22006E+19;12;0;73;452;2020;6;8;4;3;5;3;0;0;1;0;0;0;0;824242,6663;5918918,54;13,86921719;53,31989896;0
2512;1,22009E+19;12;0;70;325;2020;9;23;6;2;2;6;2;0;1;0;0;0;0;700758,1217;5909490,305;12,01253503;53,29652405;0
2513;1,22007E+19;12;0;66;196;2020;7;21;4;3;3;6;1;1;0;0;0;0;1;841318,3195;5757508,102;13,95825283;51,86370442;0
2514;1,22008E+19;12;0;62;140;2020;8;11;7;3;5;3;0;0;1;0;0;0;0;824803,819;5732446,789;13,69584342;51,64898301;0
2515;1,22006E+19;12;0;72;240;2020;6;14;6;3;9;1;0;0;0;0;1;0;0;792235,212;5804166,172;13,28752408;52,30989514;0
2516;1,22008E+19;12;0;72;17;2020;8;14;5;2;6;4;0;1;0;1;0;0;0;800299,3071;5810325,845;13,41096218;52,36076144;0
2517;1,22006E+19;12;0;61;433;2020;6;10;1;3;5;3;0;0;1;0;0;0;0;809862,7251;5811710,271;13,55223922;52,36784958;0
2518;1,22006E+19;12;0;64;370;2020;6;13;5;2;8;1;0;0;0;0;1;0;0;839682,0399;5841542,759;14,01898923;52,61737249;0
2519;1,22008E+19;12;0;67;201;2020;8;15;5;2;5;3;0;0;1;0;0;0;0;828040,3891;5818345,182;13,82478499;52,41671767;0
2520;1,22006E+19;12;0;73;572;2020;6;11;7;3;0;1;0;1;0;0;0;0;0;796046,7421;5888452,365;13,41902874;53,06336406;1
2521;1,22007E+19;12;0;65;180;2020;7;13;4;3;2;6;0;0;1;0;0;0;0;783344,5542;5847761,761;13,19457927;52,70544311;1
2522;1,22008E+19;12;0;64;380;2020;8;17;6;3;2;6;0;0;1;0;0;0;0;826540,6257;5831660,403;13,81584712;52,53689936;0
2523;1,22007E+19;12;0;65;136;2020;7;17;7;3;3;2;0;0;1;0;1;0;0;784867,3586;5840315,86;13,21062239;52,63788737;0
2524;1,22006E+19;12;0;60;45;2020;6;17;4;2;8;1;0;0;1;0;0;0;0;822864,0912;5872622,758;13,80206108;52,90605225;0
2525;1,22009E+19;12;0;70;8;2020;9;15;4;3;5;3;0;0;1;0;1;0;0;693884,7238;5871268,007;11,88643911;52,95593345;0
2526;1,22008E+19;12;0;61;260;2020;8;9;3;3;2;6;0;0;1;0;0;0;0;815997,7026;5801442,28;13,63241275;52,27233709;0
2527;1,22007E+19;12;0;67;124;2020;7;18;2;3;2;2;0;0;1;0;0;0;0;822933,831;5819136,208;13,7507241;52,42684122;0
2528;1,22007E+19;12;0;72;17;2020;7;14;5;3;2;3;0;0;1;0;0;1;0;802821,758;5805700,229;13,4437265;52,31791346;0
2529;1,22006E+19;12;0;72;120;2020;6;15;6;3;3;6;0;0;1;0;1;0;0;795716,7091;5814057,2;13,34715193;52,39670135;1
2530;1,22006E+19;12;0;67;36;2020;6;12;3;3;4;6;0;0;1;0;0;1;0;856163,6496;5789361,619;14,20604701;52,13965385;0
2531;1,22008E+19;12;0;72;53;2020;8;7;3;3;5;3;0;1;1;0;0;0;0;804620,891;5755768,157;13,42544385;51,86934185;1
2532;1,22007E+19;12;0;61;260;2020;7;20;3;3;4;2;0;0;1;0;1;0;0;815878,06;5803884,062;13,63295157;52,29428692;0
2533;1,22007E+19;12;0;61;433;2020;7;6;1;3;3;6;0;0;1;0;0;0;0;807440,5605;5815196,215;13,51997146;52,40045546;0
2534;1,22006E+19;12;0;61;540;2020;6;13;3;3;5;3;0;1;1;0;0;0;0;816011,8435;5807539,293;13,63833653;52,32696469;0
2535;1,22008E+19;12;0;64;227;2020;8;5;3;3;5;2;0;0;1;0;0;0;0;814639,006;5830888,415;13,64022768;52,53698308;0
2536;1,22006E+19;12;0;60;52;2020;6;4;5;3;0;1;1;1;0;0;0;0;0;824559,2273;5864899,23;13,81948386;52,83584651;0
2537;1,22007E+19;12;0;72;240;2020;7;13;1;3;3;6;0;0;1;0;1;0;0;782857,0993;5797999,748;13,14515846;52,25950974;0
2538;1,22008E+19;12;0;69;270;2020;8;12;4;2;5;3;0;0;1;0;0;0;0;734229,4485;5822427,628;12,45114744;52,50158238;0
2539;1,22008E+19;12;0;73;8;2020;8;10;1;3;2;6;0;0;1;0;0;0;0;824494,8984;5891929,175;13,84558578;53,07800645;0
2540;1,22008E+19;12;0;72;169;2020;8;17;1;3;5;3;0;1;1;0;0;0;0;779760,5853;5767789,343;13,07507709;51,99016928;0
2541;1,22007E+19;12;0;61;329;2020;7;16;4;3;5;2;0;0;1;0;0;0;0;846697,535;5773874,409;14,05255098;52,00697081;0
2542;1,22006E+19;12;0;70;241;2020;6;13;1;3;5;3;0;1;0;0;1;0;0;699184,287;5867331,343;11,96280515;52,91865117;0
2543;1,22008E+19;12;0;65;251;2020;8;19;2;3;5;3;0;1;1;0;0;0;0;776843,9646;5851317,986;13,10161287;52,74069288;0
2544;1,22007E+19;12;0;65;100;2020;7;14;1;3;2;6;0;0;1;0;0;0;0;778816,0839;5878298,327;13,15382428;52,98158951;0
2545;1,22007E+19;12;0;67;469;2020;7;15;6;3;2;6;0;0;1;0;0;0;0;829817,108;5806654,81;13,83933244;52,3109249;0
2546;1,22006E+19;12;0;64;9;2020;6;19;4;2;4;6;0;0;1;0;1;0;0;872080,4929;5836213,853;14,48942696;52,54848229;0
2547;1,22009E+19;12;0;67;201;2020;9;11;1;3;2;6;0;0;1;0;0;0;0;828209,7273;5815972,193;13,82494065;52,3953579;0
2548;1,22008E+19;12;0;67;173;2020;8;8;4;3;5;3;0;1;1;0;0;0;0;822598,5348;5814852,325;13,74168318;52,38865751;0
2549;1,22007E+19;12;0;72;477;2020;7;12;3;3;2;2;0;0;1;0;0;0;0;803789,2414;5797640,476;13,45061919;52,24513689;0
2550;1,22007E+19;12;0;72;312;2020;7;20;1;2;5;2;0;0;1;0;1;0;0;788713,5676;5776624,549;13,21256506;52,06481274;0
2551;1,22006E+19;12;0;63;80;2020;6;12;3;3;2;6;0;0;1;0;0;0;1;778193,84;5831971,256;13,10524705;52,56652252;0
2552;1,22008E+19;12;0;60;280;2020;8;16;3;3;2;6;0;0;1;0;0;0;1;819954,7116;5841763,431;13,72883361;52,63132345;0
2553;1,22006E+19;12;0;61;320;2020;6;12;5;2;3;6;0;0;1;0;0;0;1;831620,7985;5760339,776;13,82064375;51,89491827;0
2554;1,22007E+19;12;0;60;24;2020;7;14;2;3;6;4;0;0;1;1;0;0;0;812817,5222;5856409,03;13,63764534;52,76671297;0
2555;1,22008E+19;12;0;69;448;2020;8;8;4;3;2;6;0;0;1;0;0;0;0;750723,8224;5775123,488;12,65847679;52,06983889;0
2556;1,22008E+19;12;0;65;96;2020;8;8;2;3;2;6;0;0;1;0;0;0;0;791644,684;5839955,436;13,31017501;52,63105869;0
2557;1,22008E+19;12;0;60;269;2020;8;7;2;3;4;6;0;1;0;0;0;0;0;799513,1728;5851001,675;13,43612764;52,72578471;0
2558;1,22007E+19;12;0;70;316;2020;7;18;5;3;7;7;0;0;0;0;0;0;1;714593,0447;5893042,661;12,20872984;53,14348745;0
2559;1,22006E+19;12;0;64;380;2020;6;6;1;3;9;1;0;0;1;0;0;0;0;826861,4152;5834025,616;13,82288744;52,55789532;0
2560;1,22008E+19;12;0;73;458;2020;8;12;2;3;4;6;0;0;1;0;0;0;0;837492,4576;5917494,93;14,06584337;53,29888039;0
2561;1,22007E+19;12;0;71;76;2020;7;15;1;2;9;1;0;0;1;0;0;0;0;894215,0848;5740116,501;14,70311687;51,67329775;1
2562;1,22007E+19;12;0;63;252;2020;7;11;6;3;3;2;0;1;1;0;0;0;0;726032,9609;5832925,3;12,33775462;52,5992557;0
2563;1,22006E+19;12;0;67;336;2020;6;9;4;3;0;7;0;1;0;0;0;0;0;872880,9405;5802757,492;14,46395588;52,24852812;0
2564;1,22006E+19;12;0;63;208;2020;6;16;3;2;5;2;0;1;1;0;0;0;0;762796,2026;5836132,625;12,88191223;52,61150011;0
2565;1,22006E+19;12;0;63;80;2020;6;17;2;3;5;3;0;1;1;0;0;0;0;778186,832;5833076,412;13,10607104;52,57643602;0
2566;1,22007E+19;12;0;52;0;2020;7;12;6;3;5;3;0;1;1;0;0;0;0;867282,2882;5747400,825;14,32302642;51,75675282;0
2567;1,22008E+19;12;0;60;20;2020;8;16;2;3;5;3;0;0;1;0;0;0;0;807898,1445;5847782,546;13,55688363;52,69223275;0
2568;1,22006E+19;12;0;72;312;2020;6;8;5;2;9;1;0;0;1;0;0;0;0;775411,6114;5781863,11;13,02323875;52,11856594;1
2569;1,22008E+19;12;0;72;477;2020;8;10;6;3;6;4;0;0;1;1;0;0;0;804287,47;5794190,918;13,45479241;52,21394207;0
2570;1,22008E+19;12;0;73;393;2020;8;16;7;2;8;1;0;0;1;0;0;0;0;860242,8117;5919915,155;14,40846289;53,30557787;1
2571;1,22006E+19;12;0;60;5;2020;6;15;3;3;2;6;0;0;1;0;0;0;0;814063,3374;5838957,764;13,63940998;52,60962169;0
2572;1,22007E+19;12;0;69;306;2020;7;15;2;3;5;3;0;1;0;0;1;0;0;754993,195;5802816,663;12,74146187;52,31634241;0
2573;1,22006E+19;12;0;61;540;2020;6;11;6;3;5;3;0;1;1;0;0;0;0;814483,7917;5807011,851;13,61549438;52,32311534;0
2574;1,22008E+19;12;0;61;332;2020;8;12;7;3;2;6;0;0;1;0;0;0;0;812517,9696;5800881,465;13,58105963;52,26929867;0
2575;1,22006E+19;12;0;70;244;2020;6;17;3;3;5;3;0;0;1;0;1;0;0;674518,7668;5893275,08;11,61039904;53,16020669;0
2576;1,22007E+19;12;0;64;29;2020;7;15;6;3;2;6;0;0;1;0;0;0;0;819147,5146;5832147,66;13,70768554;52,54564446;0