OBJECTID;UIDENTSTLAE;ULAND;UREGBEZ;UKREIS;UGEMEINDE;UJAHR;UMONAT;USTUNDE;UWOCHENTAG;UKATEGORIE;UART;UTYP1;ULICHTVERH;IstRad;IstPKW;IstFuss;IstKrad;IstGkfz;IstSonstige;LINREFX;LINREFY;XGCSWGS84;YGCSWGS84;STRZUSTAND
2577;1,22008E+19;12;0;67;469;2020;8;20;7;3;8;1;0;0;0;0;0;1;0;839111,691;5807564,809;13,97607605;52,3134189;0
2578;1,22007E+19;12;0;71;244;2020;7;15;1;3;0;1;0;1;0;0;0;0;0;863306,5087;5748063,192;14,26636103;51,7652739;0
2579;1,22006E+19;12;0;67;144;2020;6;13;4;3;5;2;0;1;1;0;0;0;0;844707,8815;5812431,076;14,06283573;52,35351632;0
2580;1,22009E+19;12;0;69;656;2020;9;4;5;3;6;6;2;0;1;1;0;0;0;767124,9259;5816696,258;12,93007832;52,43506658;0
2581;1,22007E+19;12;0;69;604;2020;7;16;3;2;0;7;0;0;0;0;1;0;0;783818,7989;5812996,942;13,17186369;52,39348981;0
2582;1,22008E+19;12;0;67;528;2020;8;16;7;2;8;1;0;0;1;0;0;0;0;883465,3317;5799546,967;14,61461976;52,21253736;0
2583;1,22008E+19;12;0;61;260;2020;8;13;5;3;5;2;0;1;1;0;0;0;0;816137,4724;5800329,36;13,63341243;52,26228377;0
2584;1,22007E+19;12;0;72;240;2020;7;9;5;2;5;2;0;0;1;0;0;0;0;797080,2093;5800318,621;13,35499604;52,27280552;0
2585;1,22006E+19;12;0;65;136;2020;6;20;1;2;5;2;0;1;1;0;0;0;0;784184,223;5841342,345;13,20143789;52,6474486;0
2586;1,22006E+19;12;0;72;120;2020;6;17;4;3;5;2;0;1;0;0;0;0;0;793309,0325;5809113,889;13,30754526;52,35367951;0
2587;1,22008E+19;12;0;63;80;2020;8;6;4;3;2;6;0;0;1;0;1;0;0;780289,9971;5831147,395;13,13539633;52,55805999;0
2588;1,22006E+19;12;0;67;469;2020;6;14;7;3;0;7;0;0;0;0;1;0;0;833931,829;5806962,766;13,89977426;52,31119853;1
2589;1,22007E+19;12;0;72;312;2020;7;5;3;3;9;1;1;1;0;0;0;0;0;788005,3478;5776928,016;13,20251753;52,06790229;0
2590;1,22008E+19;12;0;68;468;2020;8;13;6;2;8;7;0;0;1;0;0;0;0;735608,045;5887538,422;12,51830068;53,08522873;0
2591;1,22007E+19;12;0;72;120;2020;7;19;6;3;5;3;0;1;1;0;0;0;0;793473,9218;5809805,264;13,31056355;52,35978948;0
2592;1,22006E+19;12;0;65;356;2020;6;22;4;3;7;7;2;0;0;0;1;0;0;787504,5388;5874982,323;13,27993471;52,94727653;0
2593;1,22009E+19;12;0;62;469;2020;9;16;3;3;5;3;0;0;1;0;0;0;0;823480,259;5736856,621;13,68085719;51,68926411;0
2594;1,22008E+19;12;0;60;269;2020;8;15;3;3;8;1;0;0;1;0;0;0;0;800071,8943;5851390,091;13,44473053;52,72895657;0
2595;1,22006E+19;12;0;61;332;2020;6;15;2;3;5;3;0;0;1;0;0;0;0;810791,58;5803226,836;13,55800083;52,29129583;0
2596;1,22007E+19;12;0;68;264;2020;7;15;2;2;5;3;0;1;1;0;0;0;0;727341,3727;5871656,912;12,38391567;52,94629582;0
2597;1,22007E+19;12;0;63;148;2020;7;10;5;3;5;3;0;0;1;0;0;0;0;762894,6169;5822662,048;12,87269516;52,49062801;0
2598;1,22006E+19;12;0;61;332;2020;6;15;2;3;3;6;0;0;1;0;0;1;0;807017,4502;5806076,553;13,50543397;52,3189574;1
2599;1,22008E+19;12;0;61;572;2020;8;22;3;3;9;7;2;0;1;0;0;0;0;811625,7854;5808742,142;13,5752978;52,34025092;1
2600;1,22007E+19;12;0;64;222;2020;7;12;3;3;8;1;0;0;1;0;0;0;0;833694,1482;5851465,174;13,94091187;52,70995279;0
2601;1,22007E+19;12;0;68;468;2020;7;4;1;3;9;7;1;0;1;0;0;0;0;735490,106;5887699,986;12,51666144;53,08673034;1
2602;1,22008E+19;12;0;70;173;2020;8;6;3;2;5;3;0;0;1;0;1;0;0;687791,2194;5900508,153;11,81292255;53,22063386;0
2603;1,22006E+19;12;0;69;696;2020;6;6;4;3;8;1;0;0;1;0;0;0;0;722577,2968;5793737,97;12,26073454;52,24895096;0
2604;1,22006E+19;12;0;61;572;2020;6;15;2;2;5;2;0;0;1;0;0;0;0;813478,1284;5808793,604;13,60244704;52,33965734;0
2605;1,22007E+19;12;0;73;386;2020;7;12;1;2;0;1;0;1;0;0;0;0;0;839667,1137;5896120,742;14,07562493;53,10611426;0
2606;1,22008E+19;12;0;71;372;2020;8;17;4;2;2;6;0;1;1;0;0;0;0;876341,9883;5729642,332;14,4345823;51,59179135;0
2607;1,22008E+19;12;0;65;136;2020;8;18;1;3;8;1;0;0;1;0;0;0;0;784695,8476;5839516,943;13,20740631;52,63081445;1
2608;1,22008E+19;12;0;73;452;2020;8;12;1;2;5;2;0;0;1;0;0;0;0;823802,744;5918542,343;13,86225297;53,31679854;0
2609;1,22007E+19;12;0;67;201;2020;7;16;4;3;5;3;0;0;1;0;1;0;0;828028,926;5818381,973;13,8246531;52,41705412;0
2610;1,22006E+19;12;0;66;304;2020;6;13;7;3;1;5;0;0;1;0;0;0;0;845488,4203;5717410,217;13,9789319;51,50197466;0
2611;1,22009E+19;12;0;72;426;2020;9;15;1;3;8;1;0;0;0;0;1;0;0;782593,2561;5794217,66;13,13814148;52,22573088;0
2612;1,22008E+19;12;0;63;260;2020;8;14;1;3;0;1;0;0;0;0;1;0;0;726752,097;5850234,135;12,36026595;52,75429447;0
2613;1,22007E+19;12;0;69;17;2020;7;13;7;3;4;2;0;0;1;0;0;0;0;772072,2559;5796556,556;12,98637135;52,25200353;0
2614;1,22008E+19;12;0;61;217;2020;8;9;1;3;7;7;0;0;0;0;1;0;0;820454,2159;5794444,702;13,69087731;52,20705869;0
2615;1,22007E+19;12;0;67;201;2020;7;16;6;2;5;3;0;0;1;0;1;0;0;825698,3556;5815081,706;13,78729667;52,3888789;0
2616;1,22006E+19;12;0;65;356;2020;6;8;4;2;2;2;0;0;1;0;1;0;0;785252,1865;5880281,602;13,25117354;52,99598447;0
2617;1,22009E+19;12;0;61;316;2020;9;14;7;3;0;7;0;1;0;0;0;0;0;836845,0638;5765797,281;13,90162354;51,94067737;0
2618;1,22006E+19;12;0;52;0;2020;6;7;3;3;8;1;0;0;0;0;0;1;0;868180,633;5746590,846;14,33512844;51,74891238;0
2619;1,22006E+19;12;0;52;0;2020;6;15;2;2;4;1;0;0;1;0;0;0;0;871045,9387;5746672,274;14,37653872;51,74775289;0
2620;1,22007E+19;12;0;54;0;2020;7;14;5;3;2;6;0;0;1;0;0;0;0;776872,7526;5813614,995;13,07055742;52,40258756;1
2621;1,22008E+19;12;0;62;445;2020;8;17;1;2;8;1;0;0;1;0;0;0;0;801262,1083;5735745,772;13,35943495;51,69166107;1
2622;1,22008E+19;12;0;52;0;2020;8;16;6;3;6;4;0;0;1;1;0;0;0;867140,4723;5744918,558;14,31836297;51,73462301;0
2623;1,22008E+19;12;0;54;0;2020;8;9;6;3;5;3;0;1;1;0;0;0;0;776230,1745;5812075,569;13,05986689;52,3891069;0
2624;1,22006E+19;12;0;69;616;2020;6;12;2;3;5;3;0;1;1;0;0;0;0;790741,5573;5813897,047;13,27409901;52,39792914;0
2625;1,22006E+19;12;0;60;5;2020;6;16;6;3;5;3;0;0;1;0;1;0;0;809643,0077;5834741,81;13,57039875;52,57437675;1
2626;1,22008E+19;12;0;65;332;2020;8;6;6;2;0;1;0;0;0;0;1;0;0;782172,3111;5849724,279;13,17896001;52,7236509;1
2627;1,22008E+19;12;0;54;0;2020;8;8;6;3;2;6;0;0;1;0;0;0;0;775323,706;5817381,045;13,05094454;52,43714202;0
2628;1,22006E+19;12;0;72;312;2020;6;15;1;2;8;1;0;0;0;0;1;0;0;779810,9907;5787140,188;13,09167128;52,16368212;0
2629;1,22007E+19;12;0;71;301;2020;7;21;5;3;8;1;1;0;1;0;0;0;0;875646,7798;5735540,736;14,4309089;51,64505257;0
2630;1,22008E+19;12;0;69;454;2020;8;13;6;3;0;2;0;1;1;0;0;0;0;779466,4155;5808052,554;13,10394896;52,35139003;0
2631;1,22007E+19;12;0;65;193;2020;7;14;1;3;2;2;0;0;1;0;0;0;1;801018,182;5867929,251;13,47391888;52,87666179;1
2632;1,22006E+19;12;0;65;356;2020;6;7;4;3;5;3;0;1;1;0;0;0;0;791556,3927;5878772,687;13,34347519;52,97906746;0
2633;1,22009E+19;12;0;64;380;2020;9;15;5;3;2;6;0;0;1;0;0;0;0;828253,0112;5832986,296;13,84231367;52,54774822;0
2634;1,22007E+19;12;0;60;20;2020;7;6;3;3;5;2;0;1;1;0;0;0;0;808782,625;5846721,482;13,56893403;52,68222104;0
2635;1,22007E+19;12;0;52;0;2020;7;16;6;3;4;2;0;1;1;0;0;0;0;867539,896;5748082,324;14,32746258;51,76268509;0
2636;1,22006E+19;12;0;61;329;2020;6;14;6;2;5;3;0;0;1;0;0;0;0;838592,1263;5774536,348;13,9355611;52,01789963;0
2637;1,22007E+19;12;0;67;469;2020;7;21;4;3;8;1;2;0;1;0;0;0;0;823986,4338;5807645,096;13,75505552;52,32326626;1
2638;1,22008E+19;12;0;69;656;2020;8;9;4;3;5;3;0;1;0;0;0;1;0;766881,8751;5811943,942;12,92272192;52,39256066;0
2639;1,22007E+19;12;0;64;380;2020;7;17;5;3;5;3;0;0;1;0;0;0;0;827383,8771;5832290,188;13,82885596;52,54203527;0
2640;1,22006E+19;12;0;61;260;2020;6;18;7;3;8;1;1;0;1;0;0;0;0;820923,8637;5807528,393;13,71016126;52,32401863;1
2641;1,22006E+19;12;0;69;648;2020;6;13;3;3;5;2;0;0;1;0;0;0;0;736108,0905;5798964,327;12,46223497;52,2902164;0
2642;1,22006E+19;12;0;64;428;2020;6;9;2;3;8;1;0;0;1;0;0;0;0;823163,689;5824852,422;13,75962346;52,47791863;0
2643;1,22007E+19;12;0;68;353;2020;7;19;6;2;8;1;0;0;0;0;1;0;0;755285,3929;5886784,014;12,81085803;53,06942262;0
2644;1,22008E+19;12;0;69;656;2020;8;20;1;2;8;1;0;0;1;0;0;0;0;763067,242;5815491,541;12,8695807;52,42622746;0
2645;1,22008E+19;12;0;66;296;2020;8;15;6;3;5;3;0;0;1;0;0;0;0;839344,5222;5715398,121;13,88880689;51,48766771;0
2646;1,22008E+19;12;0;65;136;2020;8;17;7;3;0;1;0;0;1;0;1;0;0;784963,5326;5840279,044;13,212008;52,63750683;1
2647;1,22006E+19;12;0;65;310;2020;6;11;3;3;9;1;0;0;0;0;1;0;0;766804,759;5892331,429;12,98697527;53,11354441;0
2648;1,22007E+19;12;0;53;0;2020;7;14;2;3;2;2;0;0;1;0;0;0;0;875798,6574;5811600,243;14,51634669;52,3256786;0
2649;1,22006E+19;12;0;71;32;2020;6;15;6;3;4;2;0;0;1;0;0;0;0;852599,7815;5758782,913;14,12274074;51,86811222;0
2650;1,22008E+19;12;0;65;84;2020;8;14;7;3;8;1;0;0;0;0;1;0;0;777403,2798;5897352,295;13,14925042;53,15315698;0
2651;1,22006E+19;12;0;71;76;2020;6;22;2;3;5;2;1;0;1;0;1;0;0;889194,3265;5746832,125;14,63835111;51,73688583;0
2652;1,22007E+19;12;0;72;120;2020;7;14;5;3;1;6;0;0;1;0;0;0;0;794204,994;5812178,049;13,32334872;52,38066933;0
2653;1,22008E+19;12;0;67;481;2020;8;1;7;3;0;7;2;1;0;0;0;0;0;836894,26;5801519,905;13,9376315;52,26063822;0
2654;1,22007E+19;12;0;64;136;2020;7;11;1;3;5;3;0;0;1;0;0;0;0;820476,268;5827387,499;13,72262693;52,50221553;1
2655;1,22006E+19;12;0;68;477;2020;6;18;4;3;2;6;0;1;1;0;0;0;0;734581,0291;5863062,957;12,4852597;52,8660687;0
2656;1,22009E+19;12;0;71;401;2020;9;15;5;3;2;6;0;0;1;0;0;0;0;869538,4373;5762189,196;14,37133707;51,88765325;0
2657;1,22007E+19;12;0;66;272;2020;7;18;3;3;1;5;0;1;1;0;0;0;0;838021,4444;5708740,883;13,86346165;51,42881503;0
2658;1,22007E+19;12;0;63;208;2020;7;23;6;2;2;6;2;1;1;0;0;0;0;762760,6504;5828526,374;12,87535882;52,54329327;0
2659;1,22007E+19;12;0;67;24;2020;7;19;5;3;3;6;0;1;1;0;0;0;0;845240,595;5805716,081;14,06373918;52,29304666;0
2660;1,22008E+19;12;0;67;473;2020;8;13;5;3;8;1;0;0;1;0;0;0;0;851319,352;5818107,909;14,16546041;52,40015323;0
2661;1,22007E+19;12;0;71;76;2020;7;13;5;3;0;6;0;0;1;0;0;1;0;886968,1338;5743997,581;14,60312001;51,7130611;0
2662;1,22006E+19;12;0;72;477;2020;6;14;7;3;5;2;0;1;1;0;0;0;0;803344,3051;5795190,167;13,44192467;52,22341866;1
2663;1,22006E+19;12;0;61;433;2020;6;15;4;3;2;6;0;0;1;0;0;0;0;810332,711;5806539,485;13,55434596;52,32124328;0
2664;1,22008E+19;12;0;62;410;2020;8;11;4;3;5;2;0;0;0;0;1;1;0;811666,708;5706665,306;13,48374464;51,42530987;0
2665;1,22006E+19;12;0;66;112;2020;6;10;6;2;4;6;0;0;1;0;0;0;0;847148,7741;5727687,319;14,01289358;51,59301324;0
2666;1,22007E+19;12;0;61;329;2020;7;16;3;3;9;1;0;0;1;0;0;0;0;842056,6166;5781329,432;13,99264903;52,07662081;0
2667;1,22008E+19;12;0;72;477;2020;8;12;5;3;3;2;0;1;1;0;0;0;0;803703,0842;5794194,712;13,44626829;52,21429828;0
2668;1,22007E+19;12;0;54;0;2020;7;9;6;3;3;2;0;0;1;0;0;0;0;774097,6212;5811902,294;13,0284666;52,38862411;0
2669;1,22006E+19;12;0;68;353;2020;6;16;4;3;2;2;0;0;1;0;0;0;0;765091,0514;5884620,269;12,95508085;53,04524587;0
2670;1,22009E+19;12;0;65;136;2020;9;9;3;3;5;3;0;1;1;0;0;0;0;784264,946;5836490,751;13,19845573;52,60390777;0
2671;1,22008E+19;12;0;67;137;2020;8;20;3;3;7;7;1;0;1;0;0;0;0;859792,7415;5789557,938;14,25906045;52,13906224;0
2672;1,22007E+19;12;0;69;17;2020;7;22;5;3;8;1;2;0;0;0;1;0;0;760843,3388;5800241,339;12,82510035;52,29049348;0
2673;1,22006E+19;12;0;60;20;2020;6;5;2;3;7;7;0;0;0;0;1;0;0;809243,1911;5843850,615;13,57303293;52,65623192;0
2674;1,22008E+19;12;0;67;324;2020;8;12;3;3;8;1;0;0;0;0;0;0;1;869610,3039;5798770,23;14,41190842;52,21504456;1
2675;1,22007E+19;12;0;72;477;2020;7;12;2;3;5;3;0;0;1;0;0;0;0;803343,642;5795187,749;13,44191282;52,22339735;0
2676;1,22007E+19;12;0;51;0;2020;7;14;7;3;2;6;0;0;1;0;0;0;0;741967,3803;5813444,002;12,55840999;52,41759642;0
2677;1,22008E+19;12;0;66;320;2020;8;0;2;3;8;1;2;0;1;0;0;0;0;850807,4795;5748185,963;14,08608672;51,77433787;0
2678;1,22006E+19;12;0;66;196;2020;6;12;4;2;5;3;0;0;1;0;0;0;0;841968,4388;5757080,064;13,96723536;51,85947258;0
2679;1,22006E+19;12;0;73;452;2020;6;14;2;2;0;1;0;1;0;0;0;0;0;824349,4876;5919006,316;13,87090473;53,32061974;0
2680;1,22007E+19;12;0;65;256;2020;7;13;1;3;2;6;0;0;1;0;1;0;0;787526,913;5852122,089;13,26012386;52,74232966;0
2681;1,22008E+19;12;0;65;251;2020;8;9;4;3;3;2;0;1;1;0;0;0;0;777228,7726;5847794,938;13,10432606;52,7089055;0
2682;1,22008E+19;12;0;54;0;2020;8;14;7;3;0;1;0;1;0;0;0;0;0;775114,6497;5812862,87;13,04416235;52,39672872;0
2683;1,22008E+19;12;0;60;52;2020;8;17;1;3;3;2;0;1;0;0;0;0;1;818630,6345;5864859,472;13,73173979;52,83902638;0
2684;1,22007E+19;12;0;69;249;2020;7;14;3;1;9;1;0;0;1;0;0;0;0;760932,2477;5817786,819;12,84004493;52,44783882;0
2685;1,22006E+19;12;0;60;192;2020;6;23;7;3;2;6;2;0;1;0;1;0;0;812407,6839;5851562,153;13,62697848;52,72351973;0
2686;1,22009E+19;12;0;73;157;2020;9;14;1;3;2;6;0;0;1;0;0;0;0;826464,9864;5897741,77;13,88079229;53,1288685;0
2687;1,22008E+19;12;0;61;20;2020;8;15;1;3;8;1;0;0;1;0;0;0;0;816092,6226;5797356,141;13,62997695;52,23566595;0
2688;1,22007E+19;12;0;73;578;2020;7;11;7;3;2;6;0;0;1;0;0;0;0;833689,1682;5910503,549;14,00166478;53,23868145;0
2689;1,22008E+19;12;0;73;532;2020;8;17;1;3;8;1;0;0;1;0;0;0;0;849892,4734;5893980,953;14,22540958;53,08035855;0
2690;1,22007E+19;12;0;69;665;2020;7;21;5;2;8;7;1;0;1;0;0;0;0;734711,8839;5777052,325;12,42663024;52,09416503;0
2691;1,22006E+19;12;0;68;117;2020;6;11;4;3;5;3;0;1;1;0;0;0;0;755175,2811;5857398,56;12,78610891;52,80589448;0
2692;1,22009E+19;12;0;72;120;2020;9;14;6;2;4;6;0;0;1;0;0;1;0;798157,8518;5807616,202;13,37720279;52,33764015;0
2693;1,22006E+19;12;0;64;266;2020;6;13;2;3;5;3;0;1;1;0;0;0;0;876120,4158;5836949,66;14,54956021;52,55229324;0
2694;1,22007E+19;12;0;67;124;2020;7;17;5;2;3;6;0;0;1;0;1;0;0;825407,7908;5817893,743;13,78577336;52,41424453;0
2695;1,22008E+19;12;0;64;428;2020;8;12;1;3;2;6;0;0;1;0;1;0;0;833873,6996;5825865,731;13,91775631;52,48055437;1
2696;1,22008E+19;12;0;61;260;2020;8;17;6;3;5;3;0;0;1;0;0;0;0;819700,2784;5811835,911;13,69636518;52,36332865;0
2697;1,22006E+19;12;0;61;540;2020;6;12;2;3;0;7;0;1;0;0;0;0;0;815783,1102;5805791,19;13,63335126;52,31143143;0
2698;1,22006E+19;12;0;65;193;2020;6;12;6;2;9;1;0;0;1;0;0;0;0;796889,6027;5860302,909;13,40581897;52,8105993;0
2699;1,22008E+19;12;0;51;0;2020;8;7;5;3;6;7;0;1;0;1;0;0;0;741303,1999;5811240,618;12,54707455;52,39811856;0
2700;1,22008E+19;12;0;71;160;2020;8;14;6;2;0;1;0;1;0;0;0;0;0;890756,1168;5775958,753;14,69377408;51,99639687;1
2701;1,22006E+19;12;0;64;380;2020;6;14;1;3;5;3;0;0;1;0;1;0;0;827316,0587;5832231,094;13,8278013;52,54154664;0
2702;1,22007E+19;12;0;67;201;2020;7;14;5;3;3;6;0;0;1;0;0;0;0;832863,3805;5817139,876;13,89424405;52,40300995;0
2703;1,22008E+19;12;0;66;272;2020;8;11;6;2;1;6;0;0;1;0;0;0;0;835538,1513;5709352,954;13,82844819;51,43577384;0
2704;1,22007E+19;12;0;54;0;2020;7;10;7;3;0;2;0;0;1;0;0;0;1;778250,276;5810444,29;13,08812182;52,37345617;0
2705;1,22006E+19;12;0;63;252;2020;6;11;3;3;5;3;0;1;1;0;0;0;0;725983,1229;5834452,431;12,33806309;52,61298206;0
2706;1,22009E+19;12;0;65;225;2020;9;9;5;3;0;1;0;0;1;0;0;0;0;796114,2517;5844257,823;13,37988097;52,66720577;0
2707;1,22008E+19;12;0;73;8;2020;8;15;4;2;8;1;0;0;1;0;0;0;0;827119,1993;5889386,53;13,88203679;53,05363333;1
2708;1,22007E+19;12;0;67;481;2020;7;11;3;3;2;6;0;0;1;0;0;0;0;836616,6948;5800757,678;13,93282038;52,25398057;0
2709;1,22007E+19;12;0;73;532;2020;7;15;6;3;5;2;0;0;1;0;0;0;0;854445,268;5891634,326;14,29050572;53,05635481;0
2710;1,22006E+19;12;0;54;0;2020;6;16;3;3;0;1;0;1;0;0;0;0;0;775286,3642;5812829,523;13,0466523;52,39634339;0
2711;1,22008E+19;12;0;66;196;2020;8;7;4;3;2;6;0;0;1;0;1;0;0;839873,5144;5757563,835;13,93740355;51,86508492;0
2712;1,22007E+19;12;0;51;0;2020;7;5;4;3;5;3;0;1;1;0;0;0;0;744015,0416;5811971,917;12,58738619;52,40347856;0
2713;1,22006E+19;12;0;60;20;2020;6;10;4;3;5;3;0;1;1;0;0;0;0;809712,3955;5845113,439;13,58113288;52,66728077;0
2714;1,22008E+19;12;0;70;302;2020;8;15;4;3;4;6;0;0;1;0;0;0;0;702032,8893;5878226,145;12,01191051;53,01539122;0
2715;1,22006E+19;12;0;70;316;2020;6;16;6;3;9;7;0;0;1;0;0;0;0;718938,4657;5898988,266;12,27765811;53,19507903;0
2716;1,22007E+19;12;0;63;186;2020;7;7;2;3;4;6;0;0;1;0;0;0;1;741810,4329;5826207,65;12,56536277;52,53219222;0
2717;1,22008E+19;12;0;53;0;2020;8;13;5;2;5;2;0;1;1;0;0;0;0;876601,8992;5814578,857;14,53141307;52,35178286;0
2718;1,22007E+19;12;0;64;136;2020;7;16;6;2;9;7;0;0;1;0;0;0;0;822622,4789;5827003,223;13,753764;52,49750819;0
2719;1,22008E+19;12;0;62;177;2020;8;8;2;2;8;1;0;0;1;0;0;0;0;818421,5147;5718997,77;13,59170007;51,53209296;1
2720;1,22008E+19;12;0;61;332;2020;8;8;2;3;2;6;0;0;1;0;0;0;0;812280,0679;5800439,167;13,57717532;52,26546992;0
2721;1,22007E+19;12;0;64;370;2020;7;4;5;3;7;7;1;0;0;0;1;0;0;834647,4674;5838752,116;13,94208276;52,59550122;0
2722;1,22006E+19;12;0;68;320;2020;6;12;2;3;0;7;0;1;0;0;0;0;0;754114,3866;5869550,261;12,77987871;52,91539731;0
2723;1,22008E+19;12;0;51;0;2020;8;19;2;2;6;4;0;0;1;1;0;0;0;740947,2907;5810928,788;12,54162937;52,39547718;0
2724;1,22007E+19;12;0;73;578;2020;7;15;2;3;5;3;0;1;0;0;0;0;1;833182,4021;5908973,927;13,99250269;53,22530172;0
2725;1,22007E+19;12;0;60;20;2020;7;16;7;2;8;1;0;0;0;0;1;0;0;811181,4305;5843863,167;13,60160683;52,65523648;0
2726;1,22008E+19;12;0;69;306;2020;8;15;1;3;0;7;0;0;1;0;0;0;0;756482,8372;5805670,13;12,76544404;52,34124734;0
2727;1,22006E+19;12;0;60;20;2020;6;8;4;3;5;2;0;1;1;0;0;0;0;810125,7644;5846758,868;13,58877389;52,68178946;0
2728;1,22006E+19;12;0;72;240;2020;6;12;1;3;2;2;0;0;1;0;0;0;0;791144,9369;5802400,945;13,27005096;52,29464782;0
2729;1,22007E+19;12;0;65;225;2020;7;10;7;3;3;2;0;1;1;0;0;0;0;795204,8026;5850369,865;13,37195212;52,72248826;0
2730;1,22008E+19;12;0;72;340;2020;8;15;2;3;5;3;0;0;1;0;1;0;0;804389,8359;5801714,051;13,46306095;52,2813179;0
2731;1,22006E+19;12;0;60;52;2020;6;16;4;2;1;6;0;0;1;0;1;0;0;823089,0441;5864669,773;13,79750924;52,8346739;0
2732;1,22008E+19;12;0;73;69;2020;8;13;4;2;5;3;0;0;1;0;1;0;0;802335,6996;5915334,305;13,53799381;53,30073766;0
2733;1,22006E+19;12;0;71;76;2020;6;13;6;3;5;3;0;0;1;0;0;0;0;886201,4368;5750061,426;14,59879949;51,76785105;1
2734;1,22007E+19;12;0;67;458;2020;7;9;3;2;8;1;0;0;1;0;0;0;0;871950,1452;5799392,527;14,44668502;52,21904115;0
2735;1,22008E+19;12;0;62;140;2020;8;10;5;3;3;2;0;0;1;0;1;0;1;825689,5059;5725285,136;13,70195047;51,58429393;0
2736;1,22007E+19;12;0;71;337;2020;7;14;6;3;8;1;0;0;1;0;0;0;0;887531,3641;5765320,767;14,6350515;51,90347139;0
2737;1,22008E+19;12;0;69;656;2020;8;7;2;3;2;6;0;0;1;0;0;0;0;767834,4734;5816592,212;12,94040741;52,43378637;0
2738;1,22008E+19;12;0;68;264;2020;8;6;3;2;8;1;0;0;0;0;1;0;0;728456,7031;5869733,584;12,39913097;52,928563;0
2739;1,22007E+19;12;0;73;452;2020;7;13;5;3;5;2;0;1;1;0;0;0;0;823906,9382;5918810,819;13,86408544;53,31913948;0
2740;1,22006E+19;12;0;67;36;2020;6;17;2;2;9;7;0;0;1;0;0;0;0;856609,8438;5793378,014;14,21675375;52,17532696;1
2741;1,22008E+19;12;0;70;8;2020;8;15;3;2;6;4;0;0;1;1;0;0;0;700432,5056;5873188,05;11,98496457;52,97076457;0
2742;1,22007E+19;12;0;62;140;2020;7;15;2;2;5;2;0;1;1;0;0;0;0;825232,098;5730935,662;13,70060928;51,63519407;0
2743;1,22007E+19;12;0;73;520;2020;7;19;7;3;8;1;0;0;1;0;0;0;0;831912,67;5927938,258;13,99338259;53,39592046;1
2744;1,22008E+19;12;0;60;52;2020;8;8;2;3;9;1;0;0;0;0;1;0;0;822445,7599;5864813,829;13,78813583;52,83634944;0
2745;1,22006E+19;12;0;60;198;2020;6;14;4;2;8;7;0;0;1;0;0;0;0;813872,9667;5863988,204;13,66050654;52,83401078;0
2746;1,22006E+19;12;0;66;52;2020;6;5;1;1;8;1;2;0;1;0;0;0;0;840810,3852;5743163,861;13,93681587;51,73552206;0
2747;1,22007E+19;12;0;62;92;2020;7;11;7;3;5;2;0;1;1;0;0;0;0;815654,2351;5728452,483;13,56042235;51,61839004;0
2748;1,22008E+19;12;0;61;260;2020;8;7;3;3;5;3;0;1;1;0;0;0;0;816128,7746;5800140,628;13,63310875;52,26059751;0
2749;1,22008E+19;12;0;61;260;2020;8;0;7;3;1;7;2;1;1;0;0;0;0;816053,8798;5803829,363;13,63546987;52,29369572;1
2750;1,22008E+19;12;0;65;198;2020;8;12;1;2;2;6;0;0;1;0;0;0;0;784384,7533;5860095,356;13,22062824;52,81547428;0
2751;1,22007E+19;12;0;73;572;2020;7;13;3;3;0;1;0;1;0;0;0;0;0;804452,8007;5896764,552;13,55194998;53,13312984;0
2752;1,22006E+19;12;0;65;144;2020;6;16;7;2;8;1;0;0;1;0;0;0;0;791625,0162;5844846,738;13,3142072;52,67491727;0
2753;1,22008E+19;12;0;64;9;2020;8;7;1;3;5;3;0;1;1;0;0;0;0;877843,3416;5838000,901;14,57604713;52,56050735;0
2754;1,22007E+19;12;0;64;408;2020;7;17;7;3;3;2;0;1;1;0;0;0;0;832802,4527;5831441,457;13,90761314;52,53115123;0
2755;1,22008E+19;12;0;67;24;2020;8;16;1;3;2;6;0;0;1;0;0;0;0;845231,925;5805559,076;14,0634518;52,29164606;0
2756;1,22007E+19;12;0;60;20;2020;7;11;5;2;6;4;0;0;1;1;0;0;0;810481,2557;5846502,349;13,59377384;52,67928734;0
2757;1,22006E+19;12;0;54;0;2020;6;6;3;3;2;6;0;0;1;0;0;0;0;775366,986;5812802,586;13,04781208;52,39606129;0
2758;1,22009E+19;12;0;66;196;2020;9;8;6;3;5;3;0;0;1;0;0;0;0;841968,1976;5757080,521;13,96723232;51,85947682;0
2759;1,22006E+19;12;0;64;29;2020;6;23;1;3;9;7;2;0;1;0;0;0;0;820538,3141;5834375,807;13,73027641;52,5647911;0