OBJECTID;UIDENTSTLAE;ULAND;UREGBEZ;UKREIS;UGEMEINDE;UJAHR;UMONAT;USTUNDE;UWOCHENTAG;UKATEGORIE;UART;UTYP1;ULICHTVERH;IstRad;IstPKW;IstFuss;IstKrad;IstGkfz;IstSonstige;LINREFX;LINREFY;XGCSWGS84;YGCSWGS84;STRZUSTAND
2760;1,22007E+19;12;0;67;124;2020;7;11;5;3;5;2;0;1;1;0;0;0;0;823243,4747;5818355,059;13,75450762;52,41965983;0
2761;1,22008E+19;12;0;72;240;2020;8;12;7;3;1;6;0;0;1;0;0;0;0;789966,7731;5803432,661;13,25371108;52,30452061;0
2762;1,22008E+19;12;0;60;269;2020;8;17;6;3;2;6;0;0;1;0;0;0;0;800819,568;5852917,451;13,45716766;52,74223069;0
2763;1,22006E+19;12;0;60;20;2020;6;14;2;3;4;2;0;0;1;0;0;0;0;808897,4092;5846730,094;13,57063464;52,68223283;0
2764;1,22006E+19;12;0;69;656;2020;6;17;5;3;3;2;0;1;1;0;0;0;0;766161,0583;5808030,623;12,90904879;52,35781115;0
2765;1,22008E+19;12;0;67;469;2020;8;4;5;2;2;6;2;0;0;0;0;1;1;836436,3111;5807252,471;13,93666452;52,31226588;0
2766;1,22008E+19;12;0;70;296;2020;8;12;6;3;2;2;0;0;1;0;1;0;0;695248,4391;5882386,342;11,91343145;53,05525739;0
2767;1,22006E+19;12;0;72;312;2020;6;19;7;3;0;1;0;0;0;0;1;0;0;789562,1509;5776218,412;13,22456601;52,06072848;0
2768;1,22007E+19;12;0;66;196;2020;7;14;4;3;2;6;0;0;1;0;0;0;0;842452,2262;5753817,734;13,97100618;51,8299544;1
2769;1,22008E+19;12;0;62;469;2020;8;18;6;2;0;1;0;1;0;0;0;0;0;819816,3539;5739696,568;13,63063;51,7168135;0
2770;1,22007E+19;12;0;62;469;2020;7;10;7;3;8;1;0;1;0;0;0;0;0;821152,8428;5736831,898;13,64727581;51,69037778;0
2771;1,22006E+19;12;0;54;0;2020;6;9;3;3;3;2;0;1;0;0;0;0;1;774448,788;5812276,98;13,03392071;52,3918085;0
2772;1,22009E+19;12;0;62;500;2020;9;8;4;2;9;1;0;0;1;0;0;0;0;806441,1014;5722537,86;13,42258653;51,57045542;0
2773;1,22008E+19;12;0;64;408;2020;8;7;4;3;0;6;0;0;0;0;1;0;1;832615,0137;5830002,504;13,90342114;52,5183766;1
2774;1,22007E+19;12;0;63;212;2020;7;15;2;3;8;1;0;0;0;0;0;1;0;742451,2343;5835534,427;12,58161216;52,61559236;0
2775;1,22007E+19;12;0;64;340;2020;7;11;6;3;3;6;0;1;1;0;0;0;0;852603,35;5841495,156;14,20901553;52,60871901;0
2776;1,22006E+19;12;0;61;332;2020;6;16;6;3;5;2;0;1;1;0;0;0;0;809398,9676;5800407,256;13,53506103;52,2668112;0
2777;1,22006E+19;12;0;61;572;2020;6;22;3;3;2;6;2;0;0;0;1;0;0;812357,0078;5807065,318;13,58443917;52,32480818;0
2778;1,22008E+19;12;0;52;0;2020;8;7;4;3;2;6;0;0;1;0;0;0;0;862962,4276;5751277,827;14,26475416;51,79427859;0
2779;1,22007E+19;12;0;65;144;2020;7;16;4;3;2;6;0;0;1;0;0;0;0;786101,7102;5847273,141;13,23485006;52,69961322;0
2780;1,22006E+19;12;0;69;696;2020;6;6;3;3;2;6;0;0;1;0;0;1;0;722324,5331;5793754,37;12,25704886;52,24920031;0
2781;1,22008E+19;12;0;53;0;2020;8;18;3;3;3;6;1;0;1;0;0;1;0;879181,8569;5810613,587;14,56464474;52,31452535;0
2782;1,22006E+19;12;0;54;0;2020;6;11;5;2;3;2;0;1;1;0;0;0;0;773655,555;5814870,728;13,02441231;52,41546652;0
2783;1,22007E+19;12;0;61;260;2020;7;14;2;2;4;6;0;0;1;0;0;1;0;813566,0498;5803804,643;13,59908654;52,29489871;0
2784;1,22008E+19;12;0;70;173;2020;8;15;5;3;5;2;0;0;1;0;1;0;0;674600,0289;5900139,308;11,61536382;53,22181934;0
2785;1,22008E+19;12;0;64;393;2020;8;15;2;3;2;2;0;0;1;0;0;0;0;837631,1085;5843685,704;13,99099942;52,63784238;0
2786;1,22008E+19;12;0;73;532;2020;8;16;2;2;4;1;0;0;1;0;0;0;0;846555,0214;5898320,865;14,18046876;53,12138602;1
2787;1,22007E+19;12;0;65;84;2020;7;14;5;3;2;6;0;0;1;0;0;0;0;779414,8757;5902398,68;13,18365827;53,19734814;0
2788;1,22006E+19;12;0;62;24;2020;6;14;1;3;0;7;0;0;0;0;1;0;0;800053,5965;5717420,952;13,32632561;51,5280109;0
2789;1,22008E+19;12;0;61;260;2020;8;8;2;3;5;3;0;1;1;0;0;0;0;818986,9677;5811420,193;13,68552985;52,36001902;0
2790;1,22007E+19;12;0;72;298;2020;7;19;1;3;5;2;0;0;1;0;1;0;0;788322,0696;5761910,652;13,19449829;51,93308021;1
2791;1,22007E+19;12;0;72;340;2020;7;14;6;3;5;3;0;0;1;0;0;0;0;803667,7215;5803737,416;13,45433015;52,29985318;0
2792;1,22006E+19;12;0;65;332;2020;6;15;4;3;5;2;0;0;1;0;0;0;0;782672,255;5845506,113;13,18271876;52,68557043;0
2793;1,22006E+19;12;0;64;317;2020;6;16;1;2;9;1;0;0;1;0;0;0;0;854014,7962;5834145,919;14,22192826;52,54200658;0
2794;1,22007E+19;12;0;54;0;2020;7;1;6;2;8;1;2;0;1;0;0;0;0;775137,905;5819749,76;13,05016932;52,45847771;1
2795;1,22008E+19;12;0;62;425;2020;8;14;2;3;8;1;0;0;1;0;0;0;0;836288,4521;5728960,451;13,85790461;51,61100238;0
2796;1,22006E+19;12;0;63;80;2020;6;19;5;1;9;1;0;0;1;0;0;0;0;777656,909;5834088,339;13,09911886;52,58578068;1
2797;1,22008E+19;12;0;64;472;2020;8;22;7;3;2;6;2;0;1;0;0;0;0;826776,0892;5830726,889;13,81838883;52,52839552;0
2798;1,22008E+19;12;0;61;332;2020;8;13;7;3;0;1;0;1;0;0;0;0;0;813211,4548;5794501,176;13,58528041;52,21172583;0
2799;1,22007E+19;12;0;68;264;2020;7;11;3;3;5;3;0;0;1;0;0;0;0;728196,5813;5870761,649;12,39599102;52,93789915;0
2800;1,22006E+19;12;0;69;537;2020;6;13;6;3;5;3;0;0;0;0;1;0;1;728716,173;5802194,323;12,35624023;52,32233141;0
2801;1,22008E+19;12;0;61;332;2020;8;10;7;2;1;6;0;0;1;0;0;0;0;805916,8358;5805620,77;13,48892229;52,31548635;0
2802;1,22007E+19;12;0;71;294;2020;7;16;6;3;2;6;0;0;1;0;1;0;0;886057,2995;5734333,991;14,57933128;51,627211;0
2803;1,22008E+19;12;0;71;301;2020;8;1;7;3;8;7;2;0;1;0;0;0;0;876293,0888;5737161,564;14,44194986;51,65912883;0
2804;1,22007E+19;12;0;62;224;2020;7;12;1;2;2;2;0;0;1;0;0;0;1;790534,4385;5733036,008;13,20240377;51,67301362;0
2805;1,22006E+19;12;0;69;596;2020;6;15;3;2;5;2;0;0;1;0;1;0;0;773047,1605;5799043,002;13,0026285;52,27382085;0
2806;1,22009E+19;12;0;65;193;2020;9;13;6;3;5;2;0;1;0;0;0;1;0;795726,0007;5867014,075;13,39468704;52,8713921;0
2807;1,22007E+19;12;0;67;124;2020;7;10;4;3;2;6;0;0;1;0;0;0;0;825654,0621;5815204,486;13,78676735;52,3900052;0
2808;1,22008E+19;12;0;73;69;2020;8;19;7;3;4;1;0;0;1;0;1;0;0;806974,0629;5911258,983;13,60343616;53,26155786;0
2809;1,22008E+19;12;0;63;273;2020;8;17;5;3;4;6;0;1;0;0;0;0;0;779005,2925;5836795,154;13,12125046;52,60936222;0
2810;1,22006E+19;12;0;64;29;2020;6;13;1;2;5;2;0;0;1;0;0;0;0;817167,0197;5832671,918;13,67907849;52,55149833;0
2811;1,22006E+19;12;0;67;76;2020;6;10;5;3;5;3;0;0;1;0;0;0;0;880466,0024;5802914,098;14,57471436;52,24474363;0
2812;1,22006E+19;12;0;54;0;2020;6;15;5;3;0;6;0;0;1;0;0;0;1;774622,3268;5812451,52;13,0366076;52,39328681;0
2813;1,22008E+19;12;0;60;24;2020;8;13;7;3;2;6;0;0;1;0;0;0;0;810323,1995;5859739,805;13,60395203;52,79799699;0
2814;1,22008E+19;12;0;63;88;2020;8;14;7;3;2;6;0;0;1;0;0;0;0;741948,6374;5848163,305;12,58347398;52,72912752;0
2815;1,22007E+19;12;0;64;482;2020;7;17;3;2;1;5;0;1;1;0;0;0;0;865904,99;5831822,125;14,39392822;52,51335685;0
2816;1,22006E+19;12;0;63;148;2020;6;9;6;3;5;3;0;0;1;0;0;1;0;762357,3165;5827764,313;12,86882311;52,53665226;0
2817;1,22008E+19;12;0;68;425;2020;8;16;1;1;5;3;0;1;1;0;0;0;0;742887,1126;5881343,648;12,62209401;53,02639336;0
2818;1,22007E+19;12;0;65;356;2020;7;11;7;3;9;1;0;1;0;0;0;0;0;790434,6089;5878322,457;13,32641161;52,9756403;0
2819;1,22008E+19;12;0;69;485;2020;8;13;7;3;8;1;0;0;1;0;0;0;0;744768,6665;5768088,526;12,56673148;52,00937402;0
2820;1,22006E+19;12;0;61;260;2020;6;8;3;3;9;6;0;0;0;0;1;1;0;817900,0207;5810355,716;13,66861411;52,35111176;0
2821;1,22009E+19;12;0;67;469;2020;9;15;6;3;4;6;0;0;1;0;0;0;0;824547,7503;5807223,53;13,76285648;52,3191579;0
2822;1,22007E+19;12;0;68;320;2020;7;15;5;3;8;1;0;0;1;0;0;0;0;759716,5265;5874504,119;12,86696887;52,95715126;1
2823;1,22008E+19;12;0;61;320;2020;8;16;7;3;2;2;0;0;1;0;0;0;0;830971,1811;5760688,31;13,81157082;51,89842679;0
2824;1,22008E+19;12;0;68;264;2020;8;6;6;2;9;1;0;0;0;0;1;0;0;727952,7342;5869703,812;12,39162603;52,92850993;0
2825;1,22006E+19;12;0;54;0;2020;6;16;1;3;0;6;0;1;0;0;0;0;0;769549,3953;5820300,783;12,96856521;52,46620499;0
2826;1,22006E+19;12;0;60;20;2020;6;15;5;2;5;2;0;0;1;0;1;0;0;809854,8787;5845203,73;13,58331793;52,66800852;0
2827;1,22008E+19;12;0;63;36;2020;8;20;4;3;5;3;2;0;1;0;0;0;0;773099,6537;5836114,887;13,03369318;52,60626142;1
2828;1,22008E+19;12;0;64;136;2020;8;14;5;3;0;7;0;0;1;0;0;0;0;822654,976;5829643,395;13,7568;52,5211428;0
2829;1,22006E+19;12;0;62;88;2020;6;19;7;3;3;6;0;1;1;0;0;0;0;829310,3648;5742960,331;13,77067287;51,74056826;1
2830;1,22007E+19;12;0;64;380;2020;7;19;4;3;0;3;0;0;1;0;1;0;0;823481,71;5829987,35;13,76927694;52,52373455;1
2831;1,22008E+19;12;0;60;52;2020;8;11;6;2;3;2;0;0;1;0;1;0;0;820776,8231;5865102,874;13,76373066;52,83993433;0
2832;1,22007E+19;12;0;64;136;2020;7;16;7;2;5;3;0;0;0;0;1;0;1;821961,1444;5827044,107;13,74409524;52,49826497;0
2833;1,22006E+19;12;0;52;0;2020;6;10;3;3;6;4;0;0;1;1;0;0;0;868527,1967;5747717,406;14,34131987;51,75877;0
2834;1,22009E+19;12;0;67;173;2020;9;8;4;3;4;6;0;1;0;0;0;0;0;822602,8843;5814859,392;13,74175367;52,38871826;0
2835;1,22008E+19;12;0;51;0;2020;8;12;3;3;0;7;0;1;0;0;0;0;0;743450,2895;5812215,273;12,57927804;52,40591357;0
2836;1,22007E+19;12;0;73;572;2020;7;14;2;2;5;3;0;1;0;0;0;0;1;800797,2017;5895238,549;13,496049;53,12152853;0
2837;1,22007E+19;12;0;65;100;2020;7;13;6;3;1;7;0;0;1;0;0;0;0;777633,3402;5881216,718;13,13875925;53,00836939;0
2838;1,22006E+19;12;0;64;266;2020;6;15;3;2;2;6;0;0;1;0;1;0;0;878307,1637;5838302,269;14,58320014;52,56288191;0
2839;1,22008E+19;12;0;65;136;2020;8;8;4;2;6;6;0;1;0;1;0;0;0;783215,798;5842232,443;13,18792597;52,65593534;0
2840;1,22007E+19;12;0;54;0;2020;7;17;3;3;5;3;0;1;0;0;0;0;0;776461,192;5812427,77;13,06354351;52,39214881;0
2841;1,22007E+19;12;0;63;80;2020;7;13;1;3;2;6;0;1;1;0;0;0;0;779975,147;5831272,309;13,13086955;52,55934203;0
2842;1,22006E+19;12;0;69;590;2020;6;15;3;3;3;6;0;1;0;0;0;1;0;765361,7712;5804658,682;12,89467683;52,3279534;0
2843;1,22008E+19;12;0;60;20;2020;8;8;3;3;2;6;0;0;1;0;0;0;1;809830,993;5845892,949;13,58361349;52,67419837;0
2844;1,22006E+19;12;0;71;57;2020;6;16;5;2;9;1;0;0;0;0;1;0;0;862189,8451;5736706,403;14,2384534;51,66431115;0
2845;1,22007E+19;12;0;64;317;2020;7;14;2;2;8;1;0;0;1;0;0;0;0;854595,2554;5830131,36;14,22617255;52,50568804;0
2846;1,22008E+19;12;0;54;0;2020;8;18;4;3;5;2;0;1;1;0;0;0;0;773586,3075;5814907,282;13,02342655;52,41582896;0
2847;1,22008E+19;12;0;69;306;2020;8;21;1;2;0;7;2;0;1;1;0;0;0;745638,4928;5806026,932;12,60684799;52,34941099;1
2848;1,22008E+19;12;0;67;336;2020;8;10;2;3;5;3;0;1;1;0;0;0;0;869908,1769;5802957,029;14,42082531;52,25231832;0
2849;1,22007E+19;12;0;69;656;2020;7;15;4;2;5;2;0;1;0;0;0;0;1;765248,1482;5809496,165;12,89683295;52,37139878;0
2850;1,22006E+19;12;0;65;332;2020;6;18;1;3;2;6;0;0;1;0;0;0;0;783899,3097;5846578,764;13,20174728;52,69454623;0
2851;1,22008E+19;12;0;64;44;2020;8;16;2;2;9;1;0;0;1;0;0;0;0;837603,4153;5858626,963;14,00591851;52,77166849;0
2852;1,22007E+19;12;0;64;29;2020;7;11;1;3;4;1;0;0;1;0;1;0;0;830771,9193;5839347,545;13,88567088;52,60320533;0
2853;1,22007E+19;12;0;69;17;2020;7;14;6;3;5;3;0;0;1;0;0;0;0;771993,7639;5796269,529;12,98499327;52,24946802;0
2854;1,22006E+19;12;0;60;20;2020;6;10;3;3;5;3;0;0;1;0;0;0;1;810224,582;5846749,547;13,59022217;52,6816494;0
2855;1,22006E+19;12;0;54;0;2020;6;6;3;3;2;6;0;0;1;0;0;0;0;777592,9876;5811167,098;13,07908956;52,38027127;0
2856;1,22006E+19;12;0;68;468;2020;6;12;1;3;9;1;0;0;1;0;0;0;0;735925,3419;5898163,018;12,53084469;53,18041456;0
2857;1,22007E+19;12;0;60;280;2020;7;14;6;3;0;1;0;1;0;0;0;0;0;817763,7442;5837691,019;13,69265904;52,59612147;1
2858;1,22008E+19;12;0;67;120;2020;8;12;2;3;5;3;0;1;1;0;0;0;0;885569,8228;5790709,136;14,63523973;52,13199726;0
2859;1,22006E+19;12;0;69;596;2020;6;16;5;3;2;6;0;0;1;0;0;0;0;773360,0658;5799608,482;13,00766141;52,27873697;0
2860;1,22008E+19;12;0;54;0;2020;8;7;6;2;0;6;0;1;1;0;0;0;0;776260,763;5812128,262;13,06035867;52,38956401;1
2861;1,22008E+19;12;0;60;20;2020;8;15;7;3;5;3;0;1;0;0;0;0;0;809816,9123;5845397,52;13,58294036;52,66976679;0
2862;1,22006E+19;12;0;60;181;2020;6;16;3;3;2;2;0;0;1;0;1;0;0;807980,076;5844135,889;13,55468483;52,65950672;0
2863;1,22007E+19;12;0;52;0;2020;7;8;2;3;3;6;0;0;1;0;0;0;0;869552,3583;5748856,56;14,35731875;51,76829288;0
2864;1,22006E+19;12;0;71;160;2020;6;21;6;3;5;3;0;1;1;0;0;0;0;891989,5652;5770106,043;14,70497576;51,94316799;0
2865;1,22008E+19;12;0;64;448;2020;8;15;7;3;8;6;0;0;1;0;0;0;0;868286,4012;5835041,188;14,43242665;52,54056461;0
2866;1,22006E+19;12;0;54;0;2020;6;5;2;3;5;3;0;0;1;0;0;0;0;778793,5432;5809393,097;13,09520824;52,36375363;0
2867;1,22007E+19;12;0;67;24;2020;7;16;6;3;8;7;0;0;1;0;0;0;0;844032,9988;5805725,889;14,04611163;52,29389132;0
2868;1,22008E+19;12;0;64;172;2020;8;16;7;3;1;5;0;0;1;0;1;0;0;872057,6328;5839134,535;14,49236478;52,57463453;0
2869;1,22007E+19;12;0;52;0;2020;7;13;1;2;5;3;0;0;1;0;0;0;0;866641,596;5750120,231;14,31665172;51,78151799;0
2870;1,22006E+19;12;0;64;340;2020;6;11;3;1;8;1;0;0;1;0;0;1;0;854156,0399;5836540,634;14,22655598;52,56335402;0
2871;1,22009E+19;12;0;72;297;2020;9;20;5;3;2;6;2;0;1;0;0;0;0;764788,3978;5764742,637;12,85518633;51,97017527;1
2872;1,22007E+19;12;0;63;80;2020;7;10;3;3;2;2;0;0;1;0;0;0;0;777694,618;5832142,763;13,09804423;52,56831533;0
2873;1,22008E+19;12;0;65;144;2020;8;16;7;3;8;1;0;0;0;0;1;0;0;786984,633;5840948,467;13,24237449;52,642444;0
2874;1,22008E+19;12;0;60;100;2020;8;17;5;2;3;6;0;1;1;0;0;0;0;817985,0477;5874222,864;13,73133091;52,92329426;0
2875;1,22007E+19;12;0;63;36;2020;7;7;5;3;5;3;0;0;1;0;0;0;0;769054,7861;5832206,607;12,97093305;52,57322753;0
2876;1,22006E+19;12;0;69;590;2020;6;11;7;3;2;6;0;0;1;0;0;0;0;767048,906;5800328,035;12,91594192;52,2882918;0
2877;1,22006E+19;12;0;69;680;2020;6;11;4;3;7;7;0;0;0;1;1;0;0;736567,4966;5798161,204;12,46839469;52,28281163;0
2878;1,22008E+19;12;0;66;272;2020;8;12;4;3;2;1;0;0;1;0;0;1;0;837286,7241;5712455,33;13,85646863;51,46253214;0
2879;1,22006E+19;12;0;72;298;2020;6;16;6;3;9;7;0;0;0;0;0;1;0;790521,4766;5760480,707;13,22519524;51,9191154;0
2880;1,22007E+19;12;0;54;0;2020;7;17;3;3;6;4;0;1;0;1;0;0;0;777150,1735;5814166,536;13,07508133;52,40739322;0
2881;1,22008E+19;12;0;70;244;2020;8;14;6;3;3;2;0;1;0;0;0;0;0;665316,4959;5884965,228;11,46861581;53,08851282;0
2882;1,22007E+19;12;0;72;232;2020;7;14;6;3;5;3;0;1;1;0;0;0;0;785241,6516;5779856,974;13,16475407;52,09559587;0
2883;1,22006E+19;12;0;64;380;2020;6;16;3;2;2;6;0;1;1;0;0;0;0;826467,2894;5830137,908;13,81327481;52,52330417;0
2884;1,22009E+19;12;0;60;5;2020;9;13;3;3;5;3;0;1;1;0;0;0;0;811864,4846;5837770,276;13,60592383;52,6002466;0
2885;1,22008E+19;12;0;64;227;2020;8;21;3;2;1;5;2;0;1;0;0;0;0;815546,6262;5828269,962;13,65108082;52,51299572;0
2886;1,22007E+19;12;0;63;208;2020;7;15;5;3;2;6;0;0;1;0;0;0;0;763513,0341;5833928,601;12,8907198;52,59138446;0
2887;1,22006E+19;12;0;73;458;2020;6;11;2;2;8;7;0;0;0;0;0;0;1;837843,598;5915325,609;14,06878604;53,27923317;0
2888;1,22008E+19;12;0;60;269;2020;8;6;3;3;5;3;0;1;1;0;0;0;0;799403,63;5850598,415;13,43414313;52,72223092;0
2889;1,22007E+19;12;0;67;120;2020;7;18;3;3;5;3;0;1;1;0;0;0;0;885529,6626;5792382,06;14,63655107;52,14699331;0
2890;1,22007E+19;12;0;65;198;2020;7;20;1;2;5;3;0;0;1;0;1;0;0;779071,179;5873560,304;13,1535338;52,93897649;0
2891;1,22008E+19;12;0;69;397;2020;8;14;2;2;1;6;0;0;1;0;0;1;0;777693,5085;5802275,068;13,07321666;52,30047959;0
2892;1,22006E+19;12;0;72;477;2020;6;18;4;3;2;6;0;1;1;0;0;0;0;811382,6986;5794520,917;13,55861842;52,21293849;0
2893;1,22006E+19;12;0;72;340;2020;6;15;7;3;5;3;0;0;1;0;0;0;0;803667,4834;5803737,979;13,45432718;52,29985835;0
2894;1,22007E+19;12;0;64;336;2020;7;20;1;3;0;1;0;0;0;0;0;0;1;819028,7745;5829459,654;13,70336068;52,52162994;0
2895;1,22008E+19;12;0;64;336;2020;8;13;4;3;2;6;0;0;1;0;0;0;0;819353,2995;5828123,484;13,70684523;52,50946816;0
2896;1,22008E+19;12;0;65;256;2020;8;3;1;2;6;4;2;0;1;1;0;0;0;790674,1528;5854842,32;13,30902197;52,76503293;0
2897;1,22008E+19;12;0;60;172;2020;8;10;1;3;8;1;0;0;0;0;1;0;0;832665,9608;5867124,968;13,94164964;52,85084099;0
2898;1,22008E+19;12;0;65;332;2020;8;14;5;3;2;2;0;0;1;0;0;0;0;782542,843;5845363,834;13,18068736;52,68436223;0
2899;1,22006E+19;12;0;60;5;2020;6;18;7;3;5;3;0;0;1;0;0;0;0;812327,3701;5838292,177;13,61322847;52,60465763;1
2900;1,22007E+19;12;0;68;306;2020;7;8;4;3;9;1;0;0;1;0;0;0;0;749311,1019;5872659,794;12,71098448;52,9455414;1
2901;1,22008E+19;12;0;67;137;2020;8;11;6;2;5;3;0;1;1;0;0;0;0;865078,446;5788435,852;14,33475789;52,12555361;0
2902;1,22007E+19;12;0;72;240;2020;7;8;6;3;9;1;0;0;1;0;0;0;0;787958,5605;5802962,872;13,22393686;52,30136447;0
2903;1,22006E+19;12;0;67;120;2020;6;17;3;3;5;2;0;0;1;0;0;0;1;885234,0728;5792877,138;14,63281283;52,15162894;1
2904;1,22009E+19;12;0;72;297;2020;9;14;3;2;5;2;0;0;1;0;0;0;1;762836,2141;5765312,689;12,8272686;51,97621533;0
2905;1,22008E+19;12;0;60;100;2020;8;20;3;3;7;7;2;0;0;0;1;0;0;819111,2349;5878687,811;13,75241593;52,96262659;1
2906;1,22006E+19;12;0;63;142;2020;6;4;7;3;7;7;1;0;0;0;1;0;0;746550,6702;5844797,675;12,64896134;52,69685515;0
2907;1,22007E+19;12;0;67;544;2020;7;13;2;2;0;7;0;1;0;0;0;0;0;823186,0323;5821301,063;13,75651312;52,44608795;0
2908;1,22007E+19;12;0;72;312;2020;7;9;5;3;0;7;0;0;0;0;1;0;1;779276,4614;5786985,09;13,08374886;52,16256178;1
2909;1,22006E+19;12;0;69;306;2020;6;9;2;2;3;6;0;0;1;0;0;1;0;755787,0202;5805600,31;12,75519939;52,34094578;0
2910;1,22008E+19;12;0;54;0;2020;8;11;3;3;2;6;0;0;1;0;0;0;0;775754,6612;5814232,236;13,05467242;52,40868709;1
2911;1,22007E+19;12;0;53;0;2020;7;10;3;3;2;6;0;0;1;0;0;0;0;879479,4556;5810648,55;14,56902915;52,3146328;0
2912;1,22007E+19;12;0;61;476;2020;7;13;1;2;2;6;0;0;0;0;1;0;0;853293,2666;5763213,936;14,13730642;51,90735372;0
2913;1,22006E+19;12;0;62;140;2020;6;9;3;3;5;3;0;1;1;0;0;0;0;821656,6857;5730572,061;13,64878382;51,63398993;0
2914;1,22008E+19;12;0;68;181;2020;8;14;3;2;8;6;0;0;1;0;0;0;0;727921,7042;5894150,953;12,40844216;53,14790042;0
2915;1,22006E+19;12;0;64;512;2020;6;14;5;3;5;2;0;1;1;0;0;0;0;846441,7516;5853785,893;14,13129765;52,72273095;0
2916;1,22006E+19;12;0;63;56;2020;6;23;7;1;2;6;2;0;1;0;1;0;0;777328,8014;5828079,431;13,08926673;52,53206518;0
2917;1,22007E+19;12;0;66;320;2020;7;14;1;3;2;6;0;0;1;0;0;0;0;850386,3717;5750017,784;14,08185503;51,79100706;0
2918;1,22008E+19;12;0;61;320;2020;8;9;4;2;8;1;0;0;0;0;0;0;1;832701,6355;5759813,431;13,83578776;51,88955904;0
2919;1,22008E+19;12;0;60;5;2020;8;15;1;3;2;6;0;0;1;0;1;0;0;810672,5008;5835472,085;13,58622576;52,5803343;0
2920;1,22008E+19;12;0;54;0;2020;8;16;1;3;5;3;0;0;1;0;0;0;1;776437,3326;5812464,826;13,06322434;52,39249316;0
2921;1,22007E+19;12;0;64;365;2020;7;13;4;3;8;1;0;0;1;0;0;0;0;850198,8284;5848679,391;14,18126746;52,67459537;0
2922;1,22006E+19;12;0;72;240;2020;6;14;7;3;5;2;0;0;1;0;0;0;0;786925,5202;5802821,718;13,20870785;52,30063916;0
2923;1,22009E+19;12;0;69;402;2020;9;23;1;3;2;6;2;0;1;0;0;0;0;756583,0555;5782078,868;12,74901266;52,12955742;0
2924;1,22008E+19;12;0;70;296;2020;8;11;2;3;2;6;0;0;1;0;0;0;0;693174,0859;5883690,41;11,88330396;53,06771871;0
2925;1,22007E+19;12;0;70;280;2020;7;18;1;3;0;7;0;0;0;0;1;0;0;715062,5969;5907343,866;12,22537226;53,27165017;0
2926;1,22008E+19;12;0;61;433;2020;8;17;1;3;3;6;0;0;1;0;0;0;0;807640,8181;5814472,846;13,52224153;52,39385994;0
2927;1,22007E+19;12;0;60;198;2020;7;12;6;3;2;6;0;0;1;0;0;0;0;815680,4222;5865724,203;13,68892549;52,84850952;0
2928;1,22006E+19;12;0;70;325;2020;6;13;3;2;2;7;0;0;0;0;0;1;0;700834,3639;5909498,018;12,01368225;53,2965644;0
2929;1,22009E+19;12;0;65;356;2020;9;14;1;2;8;1;0;0;0;0;1;0;0;794845,0697;5873123,737;13,38717566;52,92663764;0
2930;1,22006E+19;12;0;61;433;2020;6;6;3;3;5;3;0;1;1;0;0;0;0;807848,5579;5814390,738;13,5252095;52,39300736;0
2931;1,22006E+19;12;0;69;306;2020;6;10;7;3;2;6;0;0;1;0;0;0;0;744976,1103;5807329,213;12,59809275;52,36139216;0
2932;1,22007E+19;12;0;72;477;2020;7;19;5;3;4;2;0;0;1;0;0;0;0;803255,0028;5794868,889;13,44033344;52,22058799;0
2933;1,22008E+19;12;0;61;320;2020;8;23;1;3;8;7;2;0;1;0;0;0;0;832737,7222;5759801,923;13,83629917;51,88943442;1
2934;1,22008E+19;12;0;62;333;2020;8;15;6;2;5;3;0;0;1;0;0;0;0;826258,7604;5734826,178;13,71902071;51,66946293;0
2935;1,22008E+19;12;0;72;14;2020;8;13;6;2;8;7;0;0;1;0;0;0;0;808104,9763;5780494,168;13,49808057;52,08905905;0
2936;1,22006E+19;12;0;68;477;2020;6;19;3;3;4;6;0;1;0;0;0;0;0;732807,1335;5865023,036;12,46035811;52,88442688;0
2937;1,22007E+19;12;0;65;84;2020;7;12;2;3;4;6;0;0;1;0;0;0;0;775031,5358;5905231,023;13,12065385;53,22502627;0
2938;1,22006E+19;12;0;60;198;2020;6;15;6;3;8;1;0;0;1;0;0;0;0;814148,8099;5865670,427;13,66620653;52,84892264;1
2939;1,22008E+19;12;0;64;472;2020;8;17;6;3;0;1;0;1;0;0;0;0;0;828624,0796;5829437,733;13,84425879;52,51573659;0
2940;1,22008E+19;12;0;72;232;2020;8;2;6;3;8;1;2;0;1;0;0;0;0;784316,5663;5780845,884;13,15211029;52,10493946;0
2941;1,22006E+19;12;0;64;482;2020;6;14;2;3;2;6;0;0;1;0;1;0;0;860913,0208;5831199,057;14,32001147;52,51110447;0
2942;1,22007E+19;12;0;69;590;2020;7;15;5;3;5;3;0;1;1;0;0;0;0;770038,4336;5808838,25;12,96649756;52,36315925;1
2943;1,22008E+19;12;0;70;424;2020;8;9;7;3;5;3;0;1;1;0;0;0;0;684106,0363;5878215,856;11,74500212;53,02176349;0