OBJECTID;UIDENTSTLAE;ULAND;UREGBEZ;UKREIS;UGEMEINDE;UJAHR;UMONAT;USTUNDE;UWOCHENTAG;UKATEGORIE;UART;UTYP1;ULICHTVERH;IstRad;IstPKW;IstFuss;IstKrad;IstGkfz;IstSonstige;LINREFX;LINREFY;XGCSWGS84;YGCSWGS84;STRZUSTAND
2944;1,22007E+19;12;0;65;225;2020;7;13;1;2;3;2;0;0;1;0;0;0;0;792934,4659;5843082,759;13,33195174;52,6583988;1
2945;1,22006E+19;12;0;65;144;2020;6;22;3;3;7;7;2;0;1;0;0;0;0;788525,5798;5843149,43;13,26700914;52,66135896;0
2946;1,22009E+19;12;0;73;452;2020;9;16;5;3;2;6;0;0;1;0;0;0;0;823290,3097;5918029,454;13,85406605;53,31251762;0
2947;1,22007E+19;12;0;61;450;2020;7;14;3;3;9;7;0;0;1;0;0;0;0;855085,701;5774777,801;14,17519788;52,00976286;0
2948;1,22007E+19;12;0;54;0;2020;7;8;6;3;3;6;0;0;1;0;0;1;0;775196,17;5813026,36;13,04549174;52,39815393;0
2949;1,22007E+19;12;0;72;169;2020;7;16;4;3;2;6;0;0;1;0;0;0;0;781723,7863;5772775,747;13,10769429;52,03389483;0
2950;1,22008E+19;12;0;72;120;2020;8;9;4;3;5;2;0;1;1;0;0;0;0;791163,223;5808419,108;13,27552522;52,34859369;0
2951;1,22007E+19;12;0;52;0;2020;7;9;5;3;5;3;0;1;1;0;0;0;0;867282,0676;5747400,792;14,3230232;51,75675267;0
2952;1,22006E+19;12;0;69;656;2020;6;14;7;3;2;2;0;0;1;0;0;0;0;764509,0022;5809791,028;12,88623358;52,37440079;0
2953;1,22006E+19;12;0;71;301;2020;6;11;4;3;2;6;0;0;1;0;0;0;0;873932,9741;5745362,945;14,41676591;51,73411544;0
2954;1,22008E+19;12;0;71;337;2020;8;9;4;3;5;2;0;0;1;0;1;0;0;885634,6334;5773505,896;14,6167832;51,97802582;0
2955;1,22006E+19;12;0;61;260;2020;6;14;6;3;2;6;0;0;1;0;0;0;0;815984,1541;5801557,2;13,63232242;52,27337469;0
2956;1,22007E+19;12;0;60;24;2020;7;16;3;2;5;3;0;0;1;0;1;0;0;814838,379;5855501,6;13,66662632;52,75740919;0
2957;1,22008E+19;12;0;69;604;2020;8;11;5;2;8;1;0;0;1;0;0;0;0;785707,7846;5808149,028;13,19542151;52,34904019;0
2958;1,22007E+19;12;0;69;306;2020;7;19;6;2;4;3;0;0;1;0;1;0;0;755281,2665;5803096,997;12,74589152;52,31872353;0
2959;1,22008E+19;12;0;63;36;2020;8;17;2;3;9;6;0;0;1;0;0;0;0;768869,7824;5834530,996;12,9700958;52,59416521;0
2960;1,22008E+19;12;0;65;225;2020;8;17;3;2;3;2;0;0;1;0;1;0;0;796052,0422;5843983,491;13,37871748;52,6647807;0
2961;1,22007E+19;12;0;51;0;2020;7;21;5;3;2;2;1;0;1;0;0;0;0;743219,9236;5813996,613;12,57719299;52,42199958;0
2962;1,22006E+19;12;0;64;512;2020;6;11;2;2;0;1;0;0;0;0;1;0;0;839041,1954;5851480,34;14,01977148;52,70676866;0
2963;1,22008E+19;12;0;65;96;2020;8;18;3;3;5;3;0;1;1;0;0;0;0;791635,9967;5839989,298;13,3100769;52,63136692;0
2964;1,22007E+19;12;0;54;0;2020;7;22;2;3;9;1;2;0;1;0;0;0;0;778795,3718;5809389,128;13,09523173;52,36371712;0
2965;1,22007E+19;12;0;61;260;2020;7;10;7;3;5;2;0;1;1;0;0;0;0;815569,7987;5804334,197;13,62886776;52,29849767;0
2966;1,22008E+19;12;0;67;124;2020;8;16;2;3;3;6;0;0;1;0;0;0;0;825339,2664;5818495,356;13,78535416;52,41967509;0
2967;1,22006E+19;12;0;71;372;2020;6;8;4;3;2;6;0;0;1;0;0;1;0;872848,623;5727015,975;14,3815909;51,5706009;0
2968;1,22006E+19;12;0;61;433;2020;6;15;7;3;0;7;0;0;1;0;1;0;0;801035,2225;5811239,525;13,42255616;52,36854787;1
2969;1,22007E+19;12;0;72;426;2020;7;16;7;1;8;6;0;1;0;0;1;0;0;786287,1761;5792501,007;13,19062597;52,20843182;0
2970;1,22008E+19;12;0;72;240;2020;8;7;3;2;2;6;0;0;1;0;0;0;0;789888,7299;5803009,092;13,25220517;52,30076419;0
2971;1,22008E+19;12;0;69;216;2020;8;13;7;3;5;2;0;0;1;0;1;0;0;745890,0036;5798309,253;12,60489526;52,28005033;0
2972;1,22008E+19;12;0;64;512;2020;8;16;1;3;5;3;0;1;1;0;0;0;0;846927,2108;5853603,784;14,13826439;52,7207896;0
2973;1,22007E+19;12;0;71;244;2020;7;13;3;3;8;7;0;0;1;0;0;0;0;865525,3265;5743118,283;14,29318587;51,71955975;0
2974;1,22006E+19;12;0;60;269;2020;6;14;7;2;5;3;0;1;1;0;0;0;0;803622,5828;5866919,125;13,51155549;52,86614686;0
2975;1,22009E+19;12;0;64;336;2020;9;9;1;2;9;1;0;0;1;0;0;0;0;818247,992;5831655,083;13,69399346;52,54175713;0
2976;1,22008E+19;12;0;60;269;2020;8;11;1;3;2;6;0;0;1;0;0;0;0;804448,4573;5864719,084;13,52173181;52,8459647;0
2977;1,22007E+19;12;0;60;5;2020;7;13;7;3;2;6;0;0;1;0;0;0;0;812592,8215;5837191,673;13,61609654;52,59464363;0
2978;1,22008E+19;12;0;60;269;2020;8;12;1;1;4;6;0;0;1;0;0;0;1;800144,951;5844647,766;13,43966124;52,66848559;0
2979;1,22007E+19;12;0;52;0;2020;7;18;5;3;5;3;0;1;1;0;0;0;0;867500,6719;5742901,635;14,32143001;51,71633054;0
2980;1,22006E+19;12;0;65;256;2020;6;6;3;3;2;6;0;0;1;0;0;0;0;785537,9101;5852918,996;13,23143504;52,75052773;0
2981;1,22009E+19;12;0;63;208;2020;9;20;6;3;4;6;2;0;1;0;0;1;0;758849,7721;5843826,122;12,8297926;52,6824042;0
2982;1,22006E+19;12;0;64;29;2020;6;10;7;2;4;6;0;0;1;0;0;0;0;830254,1668;5839468,326;13,87817406;52,60460192;0
2983;1,22007E+19;12;0;64;136;2020;7;14;5;2;9;1;0;0;1;0;0;0;1;820938,747;5827811,834;13,72982591;52,5057456;1
2984;1,22008E+19;12;0;70;173;2020;8;14;1;3;8;1;0;0;1;0;0;0;0;683502,113;5894553,912;11,74533782;53,16867017;1
2985;1,22008E+19;12;0;71;76;2020;8;11;6;2;5;3;0;1;1;0;0;0;0;888545,5778;5746094,502;14,62817891;51,73073521;0
2986;1,22006E+19;12;0;71;76;2020;6;7;2;3;5;3;0;1;1;0;0;0;0;889362,0546;5747097,084;14,64106448;51,73914026;0
2987;1,22006E+19;12;0;65;256;2020;6;19;6;3;5;3;0;1;1;0;0;0;0;785645,9557;5853023,972;13,23312281;52,7514118;0
2988;1,22008E+19;12;0;61;572;2020;8;12;5;2;6;4;0;0;1;1;0;0;0;812260,9481;5807192,761;13,58315247;52,32600492;0
2989;1,22008E+19;12;0;67;124;2020;8;13;6;3;5;3;0;1;1;0;0;0;0;822926,4559;5819110,347;13,75059104;52,42661388;0
2990;1,22006E+19;12;0;67;72;2020;6;17;1;3;8;1;0;0;1;0;0;0;0;865867,6083;5808753,132;14,36817912;52,3068988;1
2991;1,22007E+19;12;0;54;0;2020;7;7;4;2;0;1;0;1;0;0;0;0;0;772916,7056;5815220,859;13,01386124;52,41897551;1
2992;1,22008E+19;12;0;66;272;2020;8;9;6;2;5;3;0;1;1;0;0;0;0;838149,7015;5712396,9;13,86879033;51,46149414;0
2993;1,22007E+19;12;0;61;260;2020;7;18;7;3;8;6;0;1;0;1;0;0;0;813730,5026;5803842,034;13,60152495;52,29513997;0
2994;1,22007E+19;12;0;54;0;2020;7;14;3;3;5;2;0;1;1;0;0;0;0;775070,075;5812873,391;13,04351751;52,39684546;0
2995;1,22006E+19;12;0;73;452;2020;6;17;7;2;8;1;0;0;0;0;1;0;0;818874,5378;5921823,413;13,79183632;53,34917721;0
2996;1,22009E+19;12;0;63;208;2020;9;14;1;3;4;6;0;0;1;0;0;0;0;759340,8709;5836300,363;12,83112802;52,6146647;0
2997;1,22008E+19;12;0;61;433;2020;8;9;1;3;1;6;0;0;1;0;0;0;0;813289,5505;5806032,807;13,59711731;52,31502415;0
2998;1,22007E+19;12;0;61;540;2020;7;14;7;2;8;1;0;0;0;0;1;0;0;814056,0757;5807811,022;13,60998504;52,33052173;0
2999;1,22008E+19;12;0;61;260;2020;8;0;1;3;0;1;2;0;0;0;0;0;1;815807,3958;5804225,503;13,63223871;52,29738721;0
3000;1,22007E+19;12;0;69;306;2020;7;0;5;3;8;7;2;0;1;0;0;0;0;758273,9401;5805487,803;12,79153701;52,33877163;1
3001;1,22006E+19;12;0;70;316;2020;6;15;3;3;5;2;0;0;0;0;1;0;1;713617,0361;5888851,206;12,1913701;53,10626003;0
3002;1,22009E+19;12;0;73;69;2020;9;9;7;3;8;1;0;0;1;0;0;0;0;800776,8544;5914045,055;13,51345509;53,29007124;1
3003;1,22006E+19;12;0;60;24;2020;6;20;3;3;6;4;0;0;1;1;0;0;0;815285,2142;5855286,4;13,67301865;52,75522068;0
3004;1,22006E+19;12;0;65;225;2020;6;10;7;3;5;3;0;1;1;0;0;0;0;793447,5805;5842336,997;13,33885294;52,65143641;0
3005;1,22007E+19;12;0;61;332;2020;7;14;5;3;8;1;0;0;1;0;0;0;0;806765,1698;5805978,513;13,50165485;52,31821964;1
3006;1,22008E+19;12;0;64;136;2020;8;18;1;3;8;7;0;0;1;0;0;0;0;820888,0588;5828651,309;13,72989087;52,51329673;0
3007;1,22008E+19;12;0;73;384;2020;8;21;6;3;2;2;1;0;1;0;0;0;1;786289,3301;5904426,389;13,28809479;53,21187057;0
3008;1,22008E+19;12;0;69;216;2020;8;15;6;3;2;2;0;0;1;0;0;0;1;745714,6391;5798736,803;12,60264133;52,28396501;0
3009;1,22006E+19;12;0;61;433;2020;6;16;2;3;2;6;0;0;1;0;0;0;0;807530,2693;5814569,149;13,52071036;52,39478511;0
3010;1,22006E+19;12;0;64;317;2020;6;13;6;2;2;6;0;0;1;0;0;0;0;846612,199;5828832,593;14,10767717;52,49918729;0
3011;1,22008E+19;12;0;54;0;2020;8;16;5;2;8;1;0;0;0;0;1;0;0;778568,449;5821307,415;13,10182932;52,47070759;0
3012;1,22008E+19;12;0;69;17;2020;8;13;6;3;5;3;0;0;1;0;0;0;0;771007,0911;5794833,269;12,96942372;52,23707278;0
3013;1,22006E+19;12;0;51;0;2020;6;14;1;3;2;6;0;0;1;0;1;0;0;740373,4945;5810134,631;12,53264298;52,38860317;0
3014;1,22007E+19;12;0;52;0;2020;7;14;5;3;5;3;0;1;1;0;0;0;0;866644,0339;5747303,83;14,3137169;51,75630223;0
3015;1,22008E+19;12;0;51;0;2020;8;12;6;2;9;6;0;0;1;0;1;0;0;730994,1014;5811764,068;12,39619083;52,40726266;0
3016;1,22007E+19;12;0;68;320;2020;7;13;1;1;6;4;0;0;1;1;0;0;0;754952,5042;5869616,498;12,79236769;52,91559456;1
3017;1,22006E+19;12;0;69;656;2020;6;11;2;2;2;6;0;0;0;0;1;0;0;765481,7533;5814207,427;12,90398879;52,41354334;0
3018;1,22009E+19;12;0;64;227;2020;9;17;5;3;3;6;0;0;1;0;0;0;0;814711,6451;5831536,108;13,64190856;52,54274488;0
3019;1,22007E+19;12;0;64;136;2020;7;16;3;3;5;3;0;1;0;0;0;0;1;822568,064;5830584,081;13,75643584;52,52962198;0
3020;1,22007E+19;12;0;60;181;2020;7;8;6;2;9;1;0;0;1;0;0;0;0;809051,9574;5839064,13;13,56573788;52,61344723;0
3021;1,22007E+19;12;0;65;100;2020;7;13;4;3;0;3;0;0;1;0;1;0;0;778670,5958;5880584,247;13,15363232;53,00216029;1
3022;1,22008E+19;12;0;69;17;2020;8;7;4;3;5;2;0;1;1;0;0;0;0;771324,4447;5794754,693;12,97399682;52,2362118;0
3023;1,22007E+19;12;0;68;320;2020;7;17;5;3;2;6;0;0;1;0;0;0;0;754387,2316;5869877,569;12,78418383;52,91820417;0
3024;1,22006E+19;12;0;61;20;2020;6;13;7;3;8;6;0;1;1;0;0;0;0;817151,2805;5798078,764;13,64610616;52,24153301;0
3025;1,22006E+19;12;0;60;5;2020;6;17;4;3;2;6;0;0;1;0;1;0;0;813337,8427;5838705,397;13,62849196;52,60777897;0
3026;1,22008E+19;12;0;64;227;2020;8;20;4;3;5;3;0;1;1;0;0;0;0;816404,2263;5828313,507;13,6637176;52,51288915;0
3027;1,22006E+19;12;0;60;269;2020;6;15;6;3;0;1;0;0;0;0;1;0;0;806625,4277;5858927,694;13,54852065;52,79283208;1
3028;1,22007E+19;12;0;67;144;2020;7;10;3;3;5;3;0;1;1;0;0;0;0;845031,51;5812324,309;14,06745918;52,35235679;0
3029;1,22008E+19;12;0;60;52;2020;8;16;5;3;5;3;0;1;1;0;0;0;0;824398,6876;5864796,102;13,81700669;52,8350193;0
3030;1,22007E+19;12;0;60;68;2020;7;16;6;3;2;6;0;0;1;0;0;0;1;824151,2828;5889400,88;13,83793034;53,05556834;0
3031;1,22008E+19;12;0;51;0;2020;8;16;2;3;4;6;0;0;1;0;0;0;0;745743,9003;5815413,431;12,61527621;52,43358399;0
3032;1,22008E+19;12;0;72;120;2020;8;6;2;2;3;6;0;0;1;0;1;0;0;795279,6309;5813343,489;13,34011787;52,39053906;0
3033;1,22007E+19;12;0;60;250;2020;7;14;5;2;2;6;0;0;1;0;0;0;0;817396,2066;5853988,951;13,70293776;52,74236131;0
3034;1,22006E+19;12;0;68;306;2020;6;16;2;3;8;7;0;0;1;0;0;0;0;748558,8089;5871256,516;12,69873707;52,93330171;0
3035;1,22008E+19;12;0;54;0;2020;8;20;2;2;0;1;2;1;0;0;0;0;0;775090,6343;5812868,118;13,04381458;52,39678785;0
3036;1,22007E+19;12;0;60;12;2020;7;12;2;3;2;6;0;0;1;0;0;0;0;822790,4522;5877760,984;13,80607726;52,95212434;0
3037;1,22007E+19;12;0;73;69;2020;7;7;7;3;0;3;0;0;1;0;0;0;0;804482,112;5904427,702;13,55967478;53,20178066;0
3038;1,22008E+19;12;0;68;181;2020;8;16;2;2;8;1;0;0;1;0;0;0;0;724803,2412;5896295,671;12,36340141;53,16847101;1
3039;1,22006E+19;12;0;60;280;2020;6;12;4;2;5;3;0;0;1;0;1;0;0;822203,6747;5843606,117;13,76374524;52,64650262;0
3040;1,22006E+19;12;0;65;193;2020;6;15;7;1;0;7;0;1;0;0;0;0;0;795606,5798;5867002,701;13,39290774;52,87135573;0
3041;1,22007E+19;12;0;60;5;2020;7;23;7;2;2;6;2;0;1;0;0;0;0;810533,3278;5835145,864;13,58387283;52,57749038;0
3042;1,22008E+19;12;0;68;117;2020;8;10;3;3;2;6;0;0;1;0;0;0;1;762986,4626;5851054,777;12,89662539;52,74524757;0
3043;1,22008E+19;12;0;62;140;2020;8;11;7;3;5;3;0;1;1;0;0;0;0;821656,6473;5730572,063;13,64878327;51,63398997;0
3044;1,22008E+19;12;0;65;256;2020;8;18;1;2;8;1;0;0;0;0;1;0;0;785222,3495;5857645,891;13,23088644;52,79307219;0
3045;1,22007E+19;12;0;60;198;2020;7;10;3;3;4;6;0;0;0;0;0;1;1;817022,3097;5871328,994;13,71423723;52,89793645;0
3046;1,22006E+19;12;0;69;485;2020;6;13;6;3;2;6;0;0;1;0;0;1;0;744348,694;5767399,537;12,56013325;52,0033763;0
3047;1,22008E+19;12;0;67;357;2020;8;23;1;3;8;1;2;0;1;0;0;0;0;887926,2404;5784114,411;14,66199726;52,07134805;0
3048;1,22007E+19;12;0;65;144;2020;7;16;7;3;3;2;0;1;1;0;0;0;0;789329,8797;5844378,077;13,27994585;52,67194527;0
3049;1,22008E+19;12;0;65;332;2020;8;14;1;3;1;1;0;1;1;0;0;0;0;784909,3828;5847280,425;13,21725981;52,70030687;0
3050;1,22006E+19;12;0;69;656;2020;6;11;2;3;2;6;0;0;1;0;0;0;0;761402,1015;5811979,266;12,84240451;52,39552024;0
3051;1,22009E+19;12;0;60;52;2020;9;13;6;3;2;6;0;0;1;0;0;0;0;818531,7328;5864861,772;13,73027878;52,83910543;0
3052;1,22006E+19;12;0;51;0;2020;6;7;6;3;0;1;0;0;0;0;1;0;0;742711,131;5813619,813;12,56945224;52,41884455;1
3053;1,22007E+19;12;0;65;332;2020;7;16;5;3;5;3;0;0;1;0;0;1;0;782014,621;5844833,45;13,17244002;52,67988184;1
3054;1,22008E+19;12;0;63;274;2020;8;18;7;3;8;7;0;1;0;0;0;0;0;725876,7343;5840755,69;12,3408066;52,66959619;0
3055;1,22008E+19;12;0;70;316;2020;8;7;6;3;8;1;0;0;0;0;0;1;0;720885,0417;5897196,339;12,30550865;53,17819338;0
3056;1,22006E+19;12;0;65;225;2020;6;20;2;2;2;6;0;0;1;0;1;0;0;792730,6077;5843252,663;13,32909717;52,66003189;0
3057;1,22006E+19;12;0;61;216;2020;6;21;5;2;8;1;1;0;0;0;0;0;1;822074,3071;5783105,607;13,70376044;52,10451286;0
3058;1,22008E+19;12;0;73;429;2020;8;21;5;3;7;7;2;0;1;0;0;0;0;812371,2231;5915096,22;13,68784739;53,29278784;0
3059;1,22008E+19;12;0;54;0;2020;8;14;5;2;4;6;0;1;0;0;0;0;0;775376,4457;5819888,44;13,05378563;52,45960121;0
3060;1,22006E+19;12;0;69;485;2020;6;19;7;2;5;3;0;1;1;0;0;0;0;748259,6293;5773126,526;12,62114699;52,05303;0
3061;1,22007E+19;12;0;71;301;2020;7;15;4;3;5;2;0;0;1;0;0;0;1;873586,8792;5745530,048;14,41195572;51,73584176;0
3062;1,22008E+19;12;0;62;469;2020;8;7;6;2;9;1;0;0;0;0;1;0;0;823856,5605;5736267,129;13,68573616;51,68376469;0
3063;1,22007E+19;12;0;73;578;2020;7;9;7;3;2;6;0;0;1;0;0;0;0;833107,0417;5909778,024;13,99221774;53,23254959;0
3064;1,22006E+19;12;0;72;120;2020;6;11;2;3;0;3;0;1;0;0;0;0;0;796745,7307;5810034,969;13,35867306;52,36008821;0
3065;1,22009E+19;12;0;73;572;2020;9;14;4;2;8;1;0;0;1;0;0;0;0;806104,1834;5898599,763;13,57830617;53,14862922;1
3066;1,22008E+19;12;0;65;144;2020;8;15;4;3;8;1;0;0;1;0;0;0;0;787003,0468;5842528,977;13,24402004;52,65660401;1
3067;1,22007E+19;12;0;52;0;2020;7;11;2;3;6;7;0;0;1;1;0;0;0;868156,6434;5745694,165;14,33383428;51,74090071;0
3068;1,22007E+19;12;0;64;380;2020;7;12;6;3;3;2;0;1;1;0;0;0;0;827387,325;5832293,1;13,82890949;52,54205929;0
3069;1,22006E+19;12;0;73;384;2020;6;8;3;3;8;1;0;0;0;0;0;1;0;789520,0849;5905513,055;13,33732037;53,21986193;0
3070;1,22008E+19;12;0;60;20;2020;8;23;4;2;6;4;2;0;1;1;0;0;0;810669,8719;5846323,891;13,59638655;52,67758014;0
3071;1,22007E+19;12;0;65;144;2020;7;16;4;3;4;2;0;1;1;0;0;0;0;787815,5812;5842670,975;13,25612313;52,65744667;0
3072;1,22007E+19;12;0;72;477;2020;7;10;1;1;4;1;0;0;1;0;1;0;0;809665,9224;5788867,104;13,52840871;52,16323278;0
3073;1,22006E+19;12;0;63;80;2020;6;17;3;3;5;3;0;0;1;0;1;0;0;778765,1341;5831752,135;13,11346978;52,56426542;0
3074;1,22008E+19;12;0;73;452;2020;8;7;3;3;5;2;0;1;1;0;0;0;0;823516,7588;5918123,48;13,85754854;53,3132216;0
3075;1,22006E+19;12;0;54;0;2020;6;12;5;3;4;6;0;1;0;0;0;0;0;776487,9657;5812288,995;13,06382148;52,39089079;0
3076;1,22007E+19;12;0;71;414;2020;7;9;2;3;1;6;0;0;1;0;0;0;0;881595,0455;5738846,798;14,52008461;51,67064048;0
3077;1,22008E+19;12;0;68;320;2020;8;13;5;3;4;1;0;0;1;0;0;0;0;751808,5244;5883774,184;12,75672639;53,04407372;0
3078;1,22008E+19;12;0;70;393;2020;8;7;2;3;8;1;0;0;0;0;0;1;0;708440,1754;5906680,485;12,12578311;53,26833915;0
3079;1,22008E+19;12;0;60;52;2020;8;10;2;2;5;2;0;1;1;0;0;0;0;824335,7763;5864780,922;13,81606104;52,83492117;0
3080;1,22007E+19;12;0;70;28;2020;7;22;5;2;8;1;2;0;0;0;0;0;1;691511,0746;5904884,045;11,87119649;53,25859236;0
3081;1,22006E+19;12;0;73;452;2020;6;16;1;3;2;6;0;0;1;0;0;0;0;823521,2725;5918124,836;13,85761743;53,31323099;1
3082;1,22006E+19;12;0;72;312;2020;6;11;2;3;2;2;0;0;0;0;1;0;0;788709,0607;5779349,91;13,21480443;52,08925208;0
3083;1,22009E+19;12;0;69;696;2020;9;13;4;3;7;6;0;0;1;0;0;1;1;726265,0897;5794477,04;12,31515813;52,25408107;0
3084;1,22008E+19;12;0;73;429;2020;8;10;4;3;5;3;0;0;1;0;0;0;0;817001,051;5910828,805;13,75281693;53,25181325;1
3085;1,22007E+19;12;0;69;402;2020;7;11;2;3;9;6;0;0;1;0;0;1;0;755684,6135;5781005,104;12,73510889;52,1203402;0
3086;1,22007E+19;12;0;60;5;2020;7;6;6;3;5;3;0;1;1;0;0;0;0;812132,1698;5838086,563;13,61016155;52,60292724;0
3087;1,22006E+19;12;0;69;397;2020;6;7;3;2;0;1;0;0;0;0;1;0;0;774439,0904;5801912,785;13,02531417;52,29886536;0
3088;1,22008E+19;12;0;61;260;2020;8;15;4;3;8;7;0;0;1;0;0;0;0;817689,0265;5810002,185;13,6651924;52,34806611;0
3089;1,22007E+19;12;0;60;5;2020;7;8;4;3;5;3;0;1;0;0;0;0;1;812129,8613;5838084,036;13,61012519;52,60290592;0
3090;1,22006E+19;12;0;67;120;2020;6;1;4;3;7;7;2;1;0;0;0;0;0;888010,6759;5793822,608;14,67427601;52,158146;0
3091;1,22008E+19;12;0;51;0;2020;8;19;3;2;5;3;0;1;1;0;0;0;0;739156,226;5816252,197;12,51916277;52,4440312;0
3092;1,22006E+19;12;0;72;17;2020;6;14;5;3;0;3;0;1;1;0;0;0;0;800346,3032;5810652,585;13,41194255;52,36366452;0
3093;1,22007E+19;12;0;69;680;2020;7;15;2;3;5;2;0;0;1;0;0;0;0;736108,4776;5798963,402;12,46223999;52,29020794;0
3094;1,22008E+19;12;0;68;468;2020;8;15;5;2;0;6;0;0;1;0;0;0;0;730785,3598;5894289,388;12,45128178;53,14791028;0
3095;1,22007E+19;12;0;64;227;2020;7;16;6;3;2;6;0;0;1;0;0;0;0;812532,1545;5831728,038;13,61005574;52,54571919;0
3096;1,22008E+19;12;0;62;140;2020;8;10;2;3;5;3;0;1;1;0;0;0;0;826060,254;5730439,466;13,71207337;51,63026854;0
3097;1,22008E+19;12;0;71;76;2020;8;9;2;3;5;3;0;1;1;0;0;0;0;889325,3286;5746752,982;14,64015061;51,73608679;0
3098;1,22007E+19;12;0;67;528;2020;7;10;5;2;4;6;0;0;1;0;1;0;0;882970,9524;5799984,213;14,60791296;52,2167931;0
3099;1,22006E+19;12;0;72;120;2020;6;14;1;3;9;1;0;0;1;0;0;0;0;792086,3254;5805798,084;13,28676235;52,3246049;1
3100;1,22008E+19;12;0;61;540;2020;8;21;2;2;5;3;1;0;1;0;0;0;1;813579,819;5806031,856;13,60136085;52,31485002;0
3101;1,22007E+19;12;0;67;481;2020;7;10;2;3;0;1;0;1;0;0;0;0;0;836846,1945;5801181,814;13,93659278;52,2576393;0
3102;1,22007E+19;12;0;64;29;2020;7;12;7;3;8;7;0;0;1;0;0;0;0;828524,9129;5841581,166;13,85482925;52,62457576;0
3103;1,22008E+19;12;0;63;80;2020;8;14;1;3;4;2;0;0;1;0;0;0;0;778046,6468;5832020,628;13,10312239;52,56704044;0
3104;1,22006E+19;12;0;64;408;2020;6;13;4;3;8;7;0;0;0;0;0;0;1;830984,9468;5828962,342;13,87845109;52,51005089;0
3105;1,22006E+19;12;0;66;8;2020;6;16;6;2;5;3;0;1;1;0;0;0;0;848097,923;5732523,94;14,03134253;51,63574923;0
3106;1,22007E+19;12;0;63;36;2020;7;14;6;2;4;6;0;0;1;0;0;0;0;773493,0357;5835876,305;13,03929059;52,6039241;0
3107;1,22008E+19;12;0;66;52;2020;8;9;2;3;3;6;0;0;1;0;0;0;0;835741,9416;5746766,1;13,86716037;51,77085075;0
3108;1,22006E+19;12;0;51;0;2020;6;16;5;3;5;3;0;1;1;0;0;0;0;741717,862;5813399,613;12,55471613;52,4173084;0
3109;1,22008E+19;12;0;67;469;2020;8;17;7;3;9;1;0;0;1;0;0;0;0;824914,8068;5813759,271;13,77454189;52,37749619;0
3110;1,22008E+19;12;0;54;0;2020;8;13;7;3;5;3;0;1;0;0;0;0;0;775077,45;5812871;13,04362367;52,39682031;0
3111;1,22007E+19;12;0;64;512;2020;7;15;3;3;5;3;0;0;1;0;0;0;0;846511,373;5853253,342;14,13176315;52,71791807;0
3112;1,22006E+19;12;0;69;304;2020;6;17;6;3;0;3;0;1;1;0;0;0;0;788446,7626;5815488,258;13,2418353;52,41340886;1
3113;1,22008E+19;12;0;54;0;2020;8;15;7;2;2;2;0;0;1;0;0;0;1;776930,3448;5820267,372;13,07691209;52,462214;0
3114;1,22007E+19;12;0;72;340;2020;7;6;6;3;2;7;0;0;1;0;0;1;0;805071,9837;5805280,159;13,47625768;52,31290327;0
3115;1,22008E+19;12;0;72;312;2020;8;18;7;2;9;1;0;0;0;0;1;0;0;777073,5611;5785670,796;13,05055242;52,15188443;0
3116;1,22006E+19;12;0;69;656;2020;6;21;2;3;5;3;0;1;1;0;0;0;0;767747,6772;5810204,619;12,93402617;52,37653786;0
3117;1,22009E+19;12;0;68;306;2020;9;11;6;3;2;6;0;0;1;0;0;0;0;745378,9534;5873685,321;12,6533617;52,95655317;0
3118;1,22007E+19;12;0;51;0;2020;7;10;4;3;6;2;0;0;1;1;0;0;0;732723,2962;5812411,984;12,42201577;52,4123448;0
3119;1,22008E+19;12;0;61;405;2020;8;19;7;3;8;1;0;0;0;0;1;0;0;821231,6712;5771993,509;13,68105716;52,00542932;0
3120;1,22006E+19;12;0;71;372;2020;6;14;6;3;2;6;0;0;1;0;1;0;0;871901,4161;5726558,501;14,36750011;51,5671305;0
3121;1,22008E+19;12;0;63;36;2020;8;6;5;2;2;6;0;0;1;0;0;1;0;769086,89;5831618,649;12,97092853;52,56793856;0
3122;1,22006E+19;12;0;51;0;2020;6;17;1;3;2;2;0;0;1;0;0;0;0;740676,9024;5813638,574;12,53961142;52,41991147;0
3123;1,22006E+19;12;0;64;380;2020;6;19;5;3;2;6;0;0;1;0;0;0;0;827248,4322;5831982,529;13,82656289;52,53936055;0
3124;1,22008E+19;12;0;67;120;2020;8;7;5;2;5;2;0;1;1;0;0;0;0;883440,9254;5798056,297;14,61257811;52,19921658;0
3125;1,22006E+19;12;0;73;572;2020;6;9;7;1;4;6;0;0;1;0;0;0;0;799864,8374;5896550,652;13,48338564;53,13381196;1
3126;1,22007E+19;12;0;67;144;2020;7;13;4;3;9;7;0;0;1;0;0;0;0;847455,4447;5813195,149;14,10380736;52,35862555;0