OBJECTID;UIDENTSTLAE;ULAND;UREGBEZ;UKREIS;UGEMEINDE;UJAHR;UMONAT;USTUNDE;UWOCHENTAG;UKATEGORIE;UART;UTYP1;ULICHTVERH;IstRad;IstPKW;IstFuss;IstKrad;IstGkfz;IstSonstige;LINREFX;LINREFY;XGCSWGS84;YGCSWGS84;STRZUSTAND
3310;1,22012E+19;12;0;68;320;2020;12;9;7;3;8;1;0;0;1;0;0;0;0;760212,7598;5866758,494;12,8681333;52,88744025;2
3311;1,2201E+19;12;0;52;0;2020;10;7;5;3;2;2;0;0;1;0;0;0;0;868667,3792;5746718,818;14,34228416;51,74973824;0
3312;1,2201E+19;12;0;54;0;2020;10;17;5;3;5;2;2;1;1;0;0;0;0;776129,5889;5812687,171;13,05889651;52,39464232;0
3313;1,22011E+19;12;0;72;17;2020;11;9;5;3;2;6;0;0;0;0;0;1;1;802447,4238;5804349,509;13,43703807;52,30601251;0
3314;1,2201E+19;12;0;67;357;2020;10;10;5;2;8;6;0;0;1;0;0;1;0;887919,723;5784098,363;14,66188442;52,07120903;1
3315;1,22012E+19;12;0;60;24;2020;12;12;3;3;9;1;0;0;1;0;0;0;0;814353,665;5857010,407;13,66091405;52,77121018;0
3316;1,2201E+19;12;0;64;428;2020;10;15;4;3;5;3;0;0;1;0;1;0;0;823383,2612;5824385,181;13,76239225;52,4736026;1
3317;1,12002E+19;11;0;9;9;2020;2;12;7;3;2;2;0;0;0;0;1;0;1;802583,1096;5825087,422;13,4577519;52,4918167;1
3318;1,22009E+19;12;0;54;0;2020;9;11;1;3;2;6;0;0;1;0;0;0;0;775434,9381;5812803,834;13,04880927;52,39603831;0
3319;1,12001E+19;11;0;4;4;2020;1;17;5;3;2;1;2;0;1;0;0;0;0;793807,1471;5822990,931;13,32702026;52,47781709;0
3320;1,22011E+19;12;0;65;256;2020;11;2;5;2;8;1;2;0;1;0;0;0;0;792260,8776;5850127,214;13,3282733;52,72191048;0
3321;1,22012E+19;12;0;68;72;2020;12;18;7;3;2;7;2;0;1;0;0;0;1;750924,6506;5868274,339;12,7315577;52,90545024;1
3322;1,2201E+19;12;0;64;44;2020;10;10;3;3;2;6;0;0;1;0;0;0;0;839226,0915;5860028,856;14,03132961;52,78320667;0
3323;1,22011E+19;12;0;71;74;2020;11;5;2;3;5;3;2;0;1;0;0;0;0;883894,959;5735932,363;14,54999025;51,64299325;1
3324;1,22009E+19;12;0;70;8;2020;9;13;5;3;4;6;0;0;1;0;0;0;0;698066,6134;5871060,101;11,94848046;52,95253971;0
3325;1,22012E+19;12;0;69;590;2020;12;10;3;3;1;5;0;0;1;0;0;1;0;772908,8304;5807005,874;13,00705955;52,34530468;0
3326;1,22009E+19;12;0;66;176;2020;9;6;3;2;2;6;0;0;1;0;0;0;0;828655,0542;5712427,831;13,73262046;51,46736024;0
3327;1,2201E+19;12;0;60;20;2020;10;16;3;3;2;2;0;0;1;0;0;0;0;808141,3577;5847626,367;13,56032464;52,69069494;0
3328;1,22011E+19;12;0;62;372;2020;11;20;3;2;0;1;2;0;0;0;1;0;0;823436,2078;5712280,621;13,65760369;51,46904578;0
3329;1,2201E+19;12;0;69;616;2020;10;5;2;3;5;3;2;0;1;0;1;0;0;788369,594;5813417,855;13,23892111;52,39488688;0
3330;1,22012E+19;12;0;63;208;2020;12;14;7;2;1;6;0;0;1;0;0;0;0;760020,9901;5836050,336;12,84095404;52,61209697;0
3331;1,12001E+19;11;0;4;4;2020;1;11;5;3;0;1;0;1;0;0;0;0;0;790874,0987;5826433,469;13,28696175;52,51024968;0
3332;1,22009E+19;12;0;61;433;2020;9;8;2;3;0;5;0;0;1;0;0;0;1;807968,1281;5814018,614;13,52661926;52,38960507;0
3333;1,22009E+19;12;0;51;0;2020;9;21;1;3;0;1;2;0;1;0;0;0;0;743201,7809;5814797,609;12,57750924;52,4291948;0
3334;1,22012E+19;12;0;67;72;2020;12;17;1;3;6;4;2;0;1;1;0;0;0;860243,0452;5813124,09;14,29071623;52,34974333;0
3335;1,2201E+19;12;0;64;153;2020;10;18;2;3;8;1;2;0;1;0;0;0;0;833988,7884;5832999,556;13,92660283;52,54438152;1
3336;1,22011E+19;12;0;65;332;2020;11;14;3;2;3;2;0;1;1;0;0;0;0;782677,3335;5845507,57;13,18279494;52,68558084;0
3337;1,22012E+19;12;0;64;365;2020;12;12;4;2;8;1;0;0;1;0;0;0;0;855608,598;5846447,783;14,25853697;52,65109869;0
3338;1,2201E+19;12;0;52;0;2020;10;15;7;3;8;1;0;0;1;0;0;0;0;878518,9283;5753611,28;14,49185068;51,80486392;0
3339;1,22011E+19;12;0;65;251;2020;11;12;6;3;2;6;0;0;1;0;0;0;0;780425,8263;5842249,332;13,14680304;52,65753584;0
3340;1,22009E+19;12;0;60;12;2020;9;13;3;3;4;6;0;0;1;0;1;0;0;821611,026;5876162,83;13,78699938;52,9385156;0
3341;1,22012E+19;12;0;65;144;2020;12;11;2;3;3;2;0;1;1;0;0;0;0;789381,536;5845469,095;13,28166563;52,68169848;0
3342;1,22011E+19;12;0;67;544;2020;11;10;7;3;5;3;0;0;1;0;0;0;0;823048,649;5822365,725;13,75552836;52,45570774;0
3343;1,2201E+19;12;0;66;196;2020;10;21;6;3;8;1;2;0;1;0;0;0;0;841254,7069;5754792,365;13,95465374;51,83941698;1
3344;1,22009E+19;12;0;70;316;2020;9;6;6;3;5;3;1;0;1;0;1;0;0;712744,3912;5895275,949;12,18261787;53,164273;1
3345;1,2201E+19;12;0;60;52;2020;10;12;7;3;3;2;0;1;1;0;0;0;0;823254,0375;5864624,985;13,7999055;52,83417381;0
3346;1,22009E+19;12;0;68;324;2020;9;12;7;3;5;3;0;1;1;0;0;0;0;731898,3014;5861752,742;12,44454821;52,85547381;1
3347;1,22009E+19;12;0;61;332;2020;9;12;7;3;2;6;0;0;1;0;0;0;0;810667,117;5803172,898;13,55613204;52,29088278;0
3348;1,22009E+19;12;0;61;332;2020;9;13;1;2;2;6;0;0;1;0;0;0;0;811866,3401;5801269,703;13,57189937;52,27314771;0
3349;1,22012E+19;12;0;64;317;2020;12;4;1;3;9;1;2;0;1;0;0;0;0;842102,38;5827997,186;14,04064392;52,49455108;2
3350;1,2201E+19;12;0;60;269;2020;10;14;7;3;4;6;0;1;0;0;0;0;0;801125,8007;5842739,7;13,45238059;52,65084038;0
3351;1,2201E+19;12;0;60;20;2020;10;16;7;2;9;1;0;0;1;0;0;0;0;804738,4776;5845880,662;13,50851986;52,67697383;1
3352;1,22011E+19;12;0;54;0;2020;11;0;7;3;9;1;2;0;1;0;0;0;0;777864,745;5812384,139;13,08408061;52,39104739;1
3353;1,2201E+19;12;0;71;76;2020;10;9;6;2;5;3;0;0;1;0;0;0;0;889218,9118;5745721,113;14,63746451;51,72692763;1
3354;1,22011E+19;12;0;69;249;2020;11;17;3;3;1;6;2;0;1;0;0;0;0;756677,0934;5812652,533;12,77363156;52,40379498;0
3355;1,12001E+19;11;0;4;4;2020;1;15;2;3;5;3;0;0;1;0;0;1;0;791232,2324;5824618,511;13,29063655;52,49378756;0
3356;1,22012E+19;12;0;54;0;2020;12;13;4;3;6;4;0;0;0;1;0;0;1;776574,3678;5812230,818;13,06503994;52,39032547;0
3357;1,2201E+19;12;0;69;17;2020;10;8;4;2;2;6;0;0;1;0;0;0;0;767427,3416;5795012,199;12,91726654;52,24042743;0
3358;1,22009E+19;12;0;61;433;2020;9;10;1;2;4;1;0;0;1;0;1;0;0;802060,1443;5815284,07;13,44120836;52,40423696;0
3359;1,12001E+19;11;0;1;1;2020;1;15;5;3;5;2;0;0;1;0;0;0;0;796455,757;5827391,142;13,369821;52,51582959;1
3360;1,22009E+19;12;0;68;117;2020;9;19;6;3;9;1;2;0;0;0;1;0;0;757073,4611;5852113,594;12,81005652;52,7575882;1
3361;1,22011E+19;12;0;60;5;2020;11;15;1;3;2;6;0;0;1;0;0;0;0;812033,8594;5837979,409;13,60861363;52,60202346;0
3362;1,2201E+19;12;0;71;301;2020;10;16;5;3;2;6;0;0;1;0;0;0;0;875662,5014;5744996,704;14,44130339;51,72968205;0
3363;1,22011E+19;12;0;69;18;2020;11;10;3;3;5;3;0;0;0;0;1;0;1;740275,7716;5818279,35;12,53706164;52,46173019;0
3364;1,22011E+19;12;0;72;17;2020;11;12;7;3;8;1;0;1;0;0;0;0;0;800282,41;5810200,737;13,4106029;52,35964924;0
3365;1,2201E+19;12;0;72;120;2020;10;12;6;3;4;6;0;1;0;0;0;0;0;794958,014;5808606,399;13,33124184;52,34824587;0
3366;1,22009E+19;12;0;63;36;2020;9;6;5;3;2;6;0;0;1;0;0;0;0;768927,5115;5834223,509;12,9706963;52,59137898;0
3367;1,2201E+19;12;0;67;481;2020;10;9;1;3;2;2;0;0;1;0;0;0;0;839894,0504;5797380,668;13,97725841;52,2217208;0
3368;1,22009E+19;12;0;72;17;2020;9;17;7;2;5;3;0;1;1;0;0;0;0;802854,3282;5805694,898;13,44419809;52,31784771;0
3369;1,22009E+19;12;0;66;285;2020;9;18;1;2;4;2;0;0;1;0;0;0;1;840204,922;5720961,218;13,90651772;51,53698962;0
3370;1,22012E+19;12;0;61;444;2020;12;14;2;3;5;2;0;0;1;0;0;1;0;811499,0546;5810661,157;13,57522251;52,35752061;0
3371;1,2201E+19;12;0;62;124;2020;10;17;7;3;0;1;0;0;0;0;1;0;0;814326,1204;5711180,971;13,52588411;51,46431956;0
3372;1,2201E+19;12;0;61;219;2020;10;10;7;1;9;1;0;0;1;0;0;0;0;822889,0369;5744093,608;13,67903705;51,75445798;1
3373;1,22011E+19;12;0;72;53;2020;11;12;1;3;0;3;0;0;1;0;1;0;0;797252,6322;5765292,752;13,32694823;51,95870724;1
3374;1,22011E+19;12;0;64;380;2020;11;7;4;2;5;2;1;0;1;0;1;0;0;824122,5443;5830144,881;13,77884296;52,52476534;0
3375;1,12001E+19;11;0;2;2;2020;1;18;4;3;3;6;1;1;0;0;0;0;0;801378,4835;5827810,514;13,44252783;52,51689063;0
3376;1,22012E+19;12;0;64;317;2020;12;7;5;3;5;3;1;0;1;0;0;0;0;854670,6772;5830481,149;14,22765168;52,50877061;0
3377;1,2201E+19;12;0;61;260;2020;10;19;5;3;0;6;2;1;1;0;0;0;0;815832,4359;5804082,617;13,63247081;52,29609241;1
3378;1,22009E+19;12;0;61;572;2020;9;14;1;3;5;2;0;1;1;0;0;0;0;813907,878;5808683,164;13,60863134;52,33842205;0
3379;1,12001E+19;11;0;12;12;2020;1;14;5;2;3;7;0;0;1;0;0;1;0;792044,2355;5831732,822;13,30881102;52,55713178;1
3380;1,22009E+19;12;0;69;656;2020;9;6;5;2;2;6;1;0;1;0;0;0;0;760753,9077;5804453,473;12,82705387;52,32832057;0
3381;1,22011E+19;12;0;65;256;2020;11;14;2;3;9;1;0;0;1;0;0;0;0;783164,3456;5852838,579;13,19629457;52,75105481;0
3382;1,2201E+19;12;0;69;632;2020;10;13;5;3;1;7;0;1;1;0;0;0;0;758353,8311;5765619,084;12,76238273;51,98106531;0
3383;1,22011E+19;12;0;70;296;2020;11;10;4;3;2;6;0;0;1;0;0;0;0;693632,1672;5883403,541;11,88995922;53,06497746;0
3384;1,22009E+19;12;0;60;192;2020;9;7;6;3;3;2;0;1;1;0;0;0;0;813209,216;5852021,685;13,63924534;52,72717418;0
3385;1,22012E+19;12;0;61;260;2020;12;7;6;3;7;7;2;0;1;0;0;0;0;811924,7034;5808715,323;13,57964644;52,33984079;1
3386;1,2201E+19;12;0;65;332;2020;10;9;5;3;2;6;0;0;1;0;0;0;0;784081,3903;5847973,767;13,20563836;52,70695794;0
3387;1,2201E+19;12;0;73;452;2020;10;6;5;2;5;2;1;1;1;0;0;0;0;823262,5338;5918622,549;13,85425475;53,31784672;1
3388;1,22011E+19;12;0;69;454;2020;11;9;5;3;0;6;0;1;0;0;0;0;0;779342,3137;5808468,529;13,10247755;52,35518343;0
3389;1,2201E+19;12;0;60;52;2020;10;11;4;2;4;2;0;1;1;0;0;0;0;818962,7579;5864806,422;13,73660171;52,83835473;1
3390;1,22012E+19;12;0;68;320;2020;12;16;3;3;5;2;1;0;0;0;1;0;1;760865,8638;5863579,536;12,87527178;52,85861182;1
3391;1,12001E+19;11;0;1;1;2020;1;10;6;3;5;2;0;0;1;0;0;0;0;799768,5723;5828638,757;13,41961997;52,52520178;0
3392;1,22009E+19;12;0;61;572;2020;9;21;1;3;9;7;2;0;1;0;0;0;0;812495,9361;5806877,793;13,58629699;52,32304862;0
3393;1,22012E+19;12;0;61;435;2020;12;21;5;2;9;1;2;0;1;0;0;0;0;823092,6875;5772595,226;13,7086447;52,00974185;1
3394;1,2201E+19;12;0;65;165;2020;10;15;4;3;5;3;0;1;1;0;0;0;0;772085,1492;5853935,537;13,03347095;52,76658046;0
3395;1,22011E+19;12;0;69;656;2020;11;13;4;2;5;3;0;1;1;0;0;0;0;767693,6873;5809038,379;12,93230443;52,366104;0
3396;1,22012E+19;12;0;73;430;2020;12;14;6;3;3;6;0;0;0;0;0;0;1;829687,4275;5904922,921;13,9361656;53,19120064;0
3397;1,2201E+19;12;0;65;165;2020;10;10;3;3;3;2;0;1;0;0;0;0;0;772082,9912;5853934,79;13,03343843;52,76657484;0
3398;1,22011E+19;12;0;65;36;2020;11;9;2;3;6;4;0;0;0;1;0;0;1;789462,203;5846251,112;13,28354272;52,68866603;0
3399;1,22009E+19;12;0;72;312;2020;9;18;4;2;8;1;0;0;0;0;1;0;0;785574,0888;5791280,838;13,17918974;52,19786068;0
3400;1,22012E+19;12;0;73;452;2020;12;19;3;2;5;3;2;1;1;0;0;0;0;823773,316;5918201,31;13,86146491;53,31376202;0
3401;1,22009E+19;12;0;64;227;2020;9;15;3;2;5;3;0;0;1;0;0;0;0;815923,399;5831140,446;13,65934129;52,53849843;0
3402;1,2201E+19;12;0;70;296;2020;10;17;3;3;2;6;2;0;1;0;0;0;1;695146,4503;5882452,08;11,91195157;53,05588479;0
3403;1,22011E+19;12;0;65;256;2020;11;16;3;2;2;3;2;0;1;0;0;0;1;784792,761;5849074,793;13,21709212;52,71645563;0
3404;1,2201E+19;12;0;67;124;2020;10;12;2;3;2;6;0;0;1;0;1;0;0;822808,7355;5815428,774;13,74531642;52,39369842;0
3405;1,22012E+19;12;0;64;317;2020;12;21;7;1;8;1;2;0;1;0;0;0;0;854423,3686;5829124,273;14,22257913;52,49678342;1
3406;1,2201E+19;12;0;64;44;2020;10;17;2;3;5;3;1;1;1;0;0;0;0;839665,0351;5859986,938;14,03776907;52,78255552;0
3407;1,12001E+19;11;0;2;2;2020;1;21;4;3;6;7;2;1;0;1;0;0;0;802187,5376;5826095,955;13,45285824;52,50107535;0
3408;1,22009E+19;12;0;73;225;2020;9;11;2;3;2;7;0;0;1;0;0;1;0;836521,2985;5911060,521;14,04452415;53,24188304;0
3409;1,22009E+19;12;0;62;124;2020;9;13;1;3;0;1;0;1;0;0;0;0;0;815381,7255;5711827,051;13,54160829;51,46952386;0
3410;1,22012E+19;12;0;67;481;2020;12;16;7;1;6;6;2;0;1;1;0;0;0;836934,538;5795721,49;13,93244488;52,20867582;1
3411;1,2201E+19;12;0;72;340;2020;10;10;1;2;2;6;0;1;0;0;0;0;0;803994,3691;5799468,16;13,45525883;52,26140594;0
3412;1,22011E+19;12;0;69;616;2020;11;9;2;3;5;3;0;1;1;0;0;0;0;791171,4033;5813684,581;13,28021428;52,39579598;1
3413;1,22012E+19;12;0;62;124;2020;12;13;3;2;8;1;0;0;1;0;0;0;0;814034,3631;5713946,077;13,52415368;51,48926709;0
3414;1,2201E+19;12;0;65;256;2020;10;18;7;1;2;6;2;1;1;0;0;0;0;795758,2181;5855674,365;13,38490163;52,76973313;0
3415;1,22011E+19;12;0;72;53;2020;11;14;5;3;5;2;0;0;0;0;0;0;1;807127,5382;5754920,086;13,46098745;51,8603663;0
3416;1,22009E+19;12;0;65;136;2020;9;15;3;3;0;1;0;1;0;0;0;0;0;783557,5931;5841838,533;13,19262692;52,65222508;0
3417;1,22012E+19;12;0;67;288;2020;12;22;1;3;9;7;2;0;1;0;0;0;0;847917,8143;5810655,299;14,10794094;52,33558901;0
3418;1,22011E+19;12;0;61;17;2020;11;20;6;2;9;1;2;0;1;0;0;0;0;823723,1177;5765808,701;13,71140079;51,94856385;0
3419;1,2201E+19;12;0;62;341;2020;10;20;6;3;1;5;2;0;1;0;0;0;1;795473,6271;5713583,713;13,25727274;51,49601673;1
3420;1,22009E+19;12;0;72;426;2020;9;17;5;3;9;1;0;0;1;0;0;0;0;790020,8701;5788189,825;13,24143145;52,16782671;0
3421;1,2201E+19;12;0;63;293;2020;10;14;6;2;5;3;0;0;1;0;0;0;0;734153,1622;5836392,187;12,45988384;52,62692945;0
3422;1,22011E+19;12;0;72;17;2020;11;15;5;3;9;6;0;1;0;0;0;0;0;800182,0977;5809674,907;13,40866423;52,35499073;1
3423;1,22009E+19;12;0;69;590;2020;9;12;6;3;2;6;0;0;1;0;0;0;1;764985,2366;5802047,753;12,88710883;52,30471586;0
3424;1,22009E+19;12;0;73;452;2020;9;20;7;3;8;1;2;0;0;0;1;0;0;821219,4368;5922039,932;13,82715698;53,34969877;0
3425;1,22009E+19;12;0;62;140;2020;9;20;1;2;5;3;2;0;1;0;0;0;0;825612,097;5731118,308;13,70625128;51,63661112;0
3426;1,22012E+19;12;0;54;0;2020;12;0;7;3;0;1;2;1;0;0;0;0;0;774227,3953;5812059,248;13,03049721;52,38996674;0
3427;1,2201E+19;12;0;63;36;2020;10;11;6;3;5;3;0;0;1;0;1;0;0;770917,8858;5833150,852;12,99912935;52,58077139;0
3428;1,2201E+19;12;0;69;604;2020;10;9;6;3;5;3;0;1;1;0;0;0;0;785479,204;5812174,331;13,19549862;52,38525126;1
3429;1,22011E+19;12;0;68;353;2020;11;17;7;2;8;1;2;0;1;0;0;0;0;757354,3196;5898966,812;12,85143647;53,17769776;0
3430;1,2201E+19;12;0;67;338;2020;10;9;6;3;7;7;0;0;1;0;0;0;0;889026,3587;5784486,486;14,67839262;52,07390609;1
3431;1,22011E+19;12;0;60;20;2020;11;7;3;3;5;3;2;1;1;0;0;0;0;807255,4368;5846072,279;13,54580915;52,67727077;1
3432;1,22012E+19;12;0;60;100;2020;12;16;4;3;4;6;2;0;0;0;0;0;1;818332,1063;5875898,605;13,7381184;52,93810146;0
3433;1,2201E+19;12;0;54;0;2020;10;8;4;3;4;2;0;1;1;0;0;0;0;775746,6251;5814176,827;13,05450894;52,40819424;0
3434;1,22009E+19;12;0;71;401;2020;9;8;1;2;5;2;0;0;1;0;0;0;0;868219,0605;5764132,754;14,35432379;51,90592389;0
3435;1,12001E+19;11;0;5;5;2020;1;15;4;3;2;6;0;0;1;0;0;0;1;785178,3964;5826270,143;13,20312525;52,5117929;1
3436;1,22011E+19;12;0;72;2;2020;11;14;6;3;4;6;0;1;1;0;0;0;0;799619,777;5789397,288;13,38243945;52,17352687;0
3437;1,2201E+19;12;0;60;5;2020;10;11;5;3;4;2;0;0;1;0;0;0;0;811364,697;5831971,768;13,59312372;52,54857172;0
3438;1,22011E+19;12;0;64;227;2020;11;16;3;3;5;2;2;0;1;0;0;0;0;814763,532;5830469,576;13,64166097;52,53315812;1
3439;1,22009E+19;12;0;65;36;2020;9;8;6;3;4;6;0;0;1;0;0;0;0;789417,6027;5846158,017;13,28280291;52,68785527;0
3440;1,22012E+19;12;0;51;0;2020;12;16;5;3;2;3;2;1;1;0;0;0;0;740390,653;5813497,431;12,53530886;52,41877081;1
3441;1,22009E+19;12;0;61;433;2020;9;11;4;3;2;6;0;0;1;0;0;0;0;813058,0007;5806191,783;13,59387929;52,31658082;0
3442;1,2201E+19;12;0;61;320;2020;10;18;4;3;7;7;2;0;1;0;0;0;0;829583,3137;5755187,022;13,78622261;51,84995866;0
3443;1,22011E+19;12;0;60;20;2020;11;11;5;3;5;3;0;1;1;0;0;0;0;808178,649;5845024,755;13,55844182;52,66735955;0
3444;1,2201E+19;12;0;63;148;2020;10;9;3;3;8;1;0;0;1;0;0;0;0;762730,5796;5820341,014;12,8684555;52,469888;0
3445;1,22012E+19;12;0;73;572;2020;12;11;2;3;5;3;0;1;1;0;0;0;0;801433,5021;5894847,159;13,50516028;53,11766206;0
3446;1,12001E+19;11;0;3;3;2020;1;7;3;3;0;7;0;0;1;0;0;0;1;801405,1689;5829211,406;13,44418945;52,52943224;1
3447;1,22009E+19;12;0;64;336;2020;9;18;3;2;2;6;0;0;1;0;0;0;0;818166,363;5827085,35;13,68842314;52,50085989;0
3448;1,22009E+19;12;0;60;24;2020;9;12;1;3;2;6;0;0;1;0;0;0;0;810456,4246;5859860,421;13,60603602;52,7990012;0
3449;1,22012E+19;12;0;61;17;2020;12;13;4;3;8;1;0;0;1;0;0;0;0;829028,4484;5762692,238;13,78534672;51,91753106;0
3450;1,2201E+19;12;0;73;579;2020;10;8;3;3;5;2;0;0;1;0;0;0;1;816068,375;5927277,929;13,75527849;53,39972154;0
3451;1,22009E+19;12;0;54;0;2020;9;15;5;3;2;2;0;0;1;0;0;0;0;778650,5555;5821846,764;13,10348554;52,47550215;0
3452;1,22011E+19;12;0;54;0;2020;11;10;3;3;5;3;0;1;1;0;0;0;0;778464,817;5810046,642;13,09093517;52,36978132;0
3453;1,22012E+19;12;0;69;656;2020;12;9;5;3;2;6;0;0;1;0;0;0;0;766727,456;5815059,286;12,92293975;52,42057823;1
3454;1,2201E+19;12;0;67;124;2020;10;12;2;3;6;4;0;0;0;1;0;1;0;822919,859;5819140,543;13,7505235;52,42688831;0
3455;1,22011E+19;12;0;66;202;2020;11;15;7;3;1;7;0;0;1;0;0;0;1;847554,433;5738166,276;14,02912544;51,68662267;0
3456;1,22009E+19;12;0;71;384;2020;9;14;4;2;1;6;0;0;1;0;0;1;0;874908,5867;5763412,377;14,45034345;51,89501947;0
3457;1,22012E+19;12;0;70;296;2020;12;9;3;3;3;2;0;0;1;0;0;0;0;691480,346;5883381,073;11,85787385;53,06555097;1
3458;1,22009E+19;12;0;73;532;2020;9;12;2;2;5;3;0;0;1;0;0;0;0;851914,073;5893066,92;14,25446349;53,0708496;0
3459;1,22011E+19;12;0;60;52;2020;11;5;2;3;5;3;2;0;1;0;1;0;0;820998,8325;5865134,263;13,76704607;52,84008339;1
3460;1,2201E+19;12;0;62;92;2020;10;3;7;2;9;1;2;0;1;0;0;0;0;814572,1178;5727292,046;13,54380063;51,60859416;1
3461;1,22009E+19;12;0;64;227;2020;9;16;6;3;2;6;0;0;1;0;0;1;0;815096,4804;5831645,666;13,6476684;52,54350419;0
3462;1,22012E+19;12;0;65;165;2020;12;9;6;3;2;2;0;0;1;0;0;0;0;773802,2282;5851218,205;13,05658818;52,74134629;1
3463;1,22009E+19;12;0;72;340;2020;9;10;4;2;5;2;0;0;1;0;0;0;0;803656,2119;5803733,889;13,4541587;52,29982792;0
3464;1,2201E+19;12;0;72;477;2020;10;6;4;3;5;3;1;1;1;0;0;0;0;803789,112;5797639,112;13,45061607;52,24512473;1
3465;1,22011E+19;12;0;66;296;2020;11;7;5;2;9;1;2;0;1;0;0;0;0;841774,8952;5714962,612;13,92326068;51,48230373;2
3466;1,2201E+19;12;0;64;227;2020;10;16;4;3;2;6;0;0;1;0;0;0;0;815107,9788;5826827,09;13,64327274;52,50032021;1
3467;1,22012E+19;12;0;54;0;2020;12;8;2;3;3;2;0;1;1;0;0;0;0;775678,2633;5815850,478;13,0548852;52,42323764;0
3468;1,12001E+19;11;0;6;6;2020;1;11;4;3;5;2;0;0;1;0;0;0;0;783890,4577;5815953,473;13,17542061;52,41996231;0
3469;1,22009E+19;12;0;60;269;2020;9;13;1;3;2;6;0;0;1;0;0;0;0;800939,6282;5852888,555;13,45891421;52,74190493;0
3470;1,22012E+19;12;0;72;232;2020;12;16;4;3;2;6;2;0;1;0;0;0;0;786373,813;5778685,485;13,18025349;52,08450683;1
3471;1,2201E+19;12;0;72;240;2020;10;7;3;3;0;7;0;1;0;0;0;0;0;793314,3679;5800331,62;13,29997223;52,27494272;0
3472;1,22011E+19;12;0;67;544;2020;11;14;4;3;2;2;0;0;1;0;0;0;0;823192,275;5821323,702;13,75662655;52,44628708;0
3473;1,22012E+19;12;0;64;365;2020;12;19;6;2;8;1;2;0;1;0;0;0;0;857503,5133;5849438,348;14,28966872;52,67662474;1
3474;1,2201E+19;12;0;63;80;2020;10;12;2;2;2;6;0;0;1;0;0;0;0;780796,3967;5830946,032;13,14267618;52,55599355;0
3475;1,22011E+19;12;0;64;303;2020;11;18;1;3;8;1;2;0;0;0;0;0;1;846866,6433;5841739,009;14,12489437;52,61459266;0
3476;1,22009E+19;12;0;69;17;2020;9;8;4;2;4;6;0;0;1;0;0;0;0;765164,4359;5791511,04;12,88145887;52,21011638;0
3477;1,22012E+19;12;0;64;365;2020;12;10;3;3;8;1;0;0;1;0;0;0;0;855996,7702;5847132,592;14,26498915;52,65697471;1
3478;1,22009E+19;12;0;66;285;2020;9;14;2;3;5;3;0;0;1;0;0;0;0;840547,6014;5720912,645;13,91139345;51,53634801;0
3479;1,2201E+19;12;0;72;298;2020;10;5;2;3;0;3;2;0;1;0;0;0;0;784806,0041;5758453,455;13,14063401;51,90388693;0
3480;1,22011E+19;12;0;69;397;2020;11;11;2;3;2;6;0;0;1;0;0;0;0;775800,3397;5803704,283;13,04669336;52,31425022;0
3481;1,2201E+19;12;0;53;0;2020;10;10;1;3;7;7;0;1;0;0;0;0;0;871150,7211;5805456,842;14,44169176;52,27385584;0
3482;1,2201E+19;12;0;68;353;2020;10;8;2;3;8;1;0;0;1;0;0;0;0;754985,9133;5886659,94;12,80629997;53,06845269;1
3483;1,12001E+19;11;0;7;7;2020;1;9;3;2;6;2;0;0;0;1;0;1;0;796608,1696;5815999,343;13,36193572;52,41362926;0
3484;1,22009E+19;12;0;67;124;2020;9;8;2;3;5;3;0;1;0;0;0;0;0;823059,2564;5817174,171;13,75066849;52,40918853;0
3485;1,22009E+19;12;0;60;269;2020;9;13;1;3;5;3;0;0;1;0;1;0;0;800871,122;5852917,22;13,45792879;52,74219995;0
3486;1,22012E+19;12;0;61;433;2020;12;10;5;3;2;6;0;0;1;0;0;0;0;802300,5087;5810906,465;13,44078427;52,3648664;1
3487;1,2201E+19;12;0;61;332;2020;10;17;1;3;5;3;0;0;1;0;0;0;0;809568,4074;5802374,528;13,5393408;52,28434724;0
3488;1,22011E+19;12;0;60;269;2020;11;16;2;3;5;2;0;1;1;0;0;0;0;802044,4249;5858432,32;13,48033653;52,79097426;0
3489;1,22012E+19;12;0;64;336;2020;12;7;3;3;6;4;1;0;1;1;0;0;0;819344,8621;5829135,439;13,70769238;52,51854003;0
3490;1,2201E+19;12;0;69;656;2020;10;21;6;3;8;1;2;0;1;0;0;0;0;769612,104;5808127,347;12,95968072;52,35699301;1
3491;1,22011E+19;12;0;66;240;2020;11;16;5;2;3;6;1;1;1;0;0;0;0;831134,858;5702161,487;13,75861254;51,37392145;0
3492;1,22009E+19;12;0;63;244;2020;9;13;2;2;4;2;0;1;1;0;0;0;0;726655,4077;5825199,082;12,34164928;52,5296555;0