OBJECTID;UIDENTSTLAE;ULAND;UREGBEZ;UKREIS;UGEMEINDE;UJAHR;UMONAT;USTUNDE;UWOCHENTAG;UKATEGORIE;UART;UTYP1;ULICHTVERH;IstRad;IstPKW;IstFuss;IstKrad;IstGkfz;IstSonstige;LINREFX;LINREFY;XGCSWGS84;YGCSWGS84;STRZUSTAND
3493;1,22012E+19;12;0;72;240;2020;12;8;7;3;4;2;0;0;1;0;0;0;0;786924,687;5802824,851;13,20869834;52,30066768;1
3494;1,22011E+19;12;0;60;52;2020;11;15;6;2;5;2;0;1;0;0;0;0;0;822987,3389;5864710,967;13,79604554;52,83510385;0
3495;1,2201E+19;12;0;64;448;2020;10;6;6;3;5;3;2;0;1;0;0;0;0;864387,8482;5835152,223;14,37531907;52,54417851;1
3496;1,22009E+19;12;0;61;433;2020;9;9;5;3;9;1;0;0;0;0;1;0;0;809463,4235;5812086,929;13,54674038;52,37145072;0
3497;1,2201E+19;12;0;51;0;2020;10;8;6;3;2;6;0;0;1;0;0;0;1;740272,2099;5813659,804;12,53368719;52,42027985;1
3498;1,22011E+19;12;0;61;320;2020;11;16;5;2;5;3;1;0;1;0;0;0;0;823690,0437;5756485,618;13,7021696;51,86504123;1
3499;1,22009E+19;12;0;72;477;2020;9;6;6;3;5;3;1;0;1;0;0;1;0;805159,6228;5790994,589;13,46464132;52,18481031;1
3500;1,22009E+19;12;0;69;304;2020;9;14;6;3;2;6;0;0;1;0;0;0;0;784989,4486;5814313,84;13,1901416;52,40468971;0
3501;1,22009E+19;12;0;60;20;2020;9;16;1;2;0;7;0;1;0;0;0;0;0;804147,9704;5846083,183;13,49999972;52,67912039;0
3502;1,22012E+19;12;0;60;161;2020;12;6;7;3;8;1;2;0;1;0;0;0;0;816135,4989;5857543,85;13,68775174;52,77495035;2
3503;1,2201E+19;12;0;71;160;2020;10;11;6;2;6;4;0;0;1;1;0;0;0;891736,018;5771125,558;14,70246591;51,95246748;0
3504;1,2201E+19;12;0;61;510;2020;10;12;6;3;7;7;0;0;0;0;1;0;0;832445,4697;5782327,682;13,85388962;52,09141339;1
3505;1,22011E+19;12;0;54;0;2020;11;17;6;3;3;2;2;1;1;0;0;0;0;776849,0861;5813579,666;13,07018123;52,40228272;0
3506;1,2201E+19;12;0;63;208;2020;10;17;5;2;8;1;1;0;1;0;0;0;0;768436,41;5837172,864;12,9658564;52,61807288;1
3507;1,22011E+19;12;0;54;0;2020;11;10;2;3;2;6;0;1;1;0;0;0;0;777316,4356;5814344,193;13,0776664;52,40890216;0
3508;1,22012E+19;12;0;63;80;2020;12;16;3;2;2;6;1;0;1;0;0;0;0;779100,6609;5829935,391;13,11687926;52,54780299;0
3509;1,2201E+19;12;0;71;76;2020;10;17;4;3;2;6;0;0;1;0;0;0;0;889323,4599;5747011,093;14,64041214;51,73839761;0
3510;1,22009E+19;12;0;60;20;2020;9;10;1;2;5;3;0;0;1;0;0;0;0;809776,3257;5846630,693;13,58350095;52,68084063;0
3511;1,12001E+19;11;0;3;3;2020;1;7;3;3;3;6;0;1;1;0;0;0;0;801552,2215;5831199,582;13,44815487;52,54717101;0
3512;1,22011E+19;12;0;70;316;2020;11;19;6;3;8;1;2;0;1;0;0;0;0;714742,3968;5894523,909;12,21195211;53,1567216;1
3513;1,2201E+19;12;0;72;17;2020;10;5;4;3;4;6;2;1;0;0;0;0;0;802024,3339;5806368,312;13,43266234;52,32434089;1
3514;1,22011E+19;12;0;65;225;2020;11;9;3;3;9;1;0;0;1;0;0;0;0;794125,0105;5843026,847;13,34945273;52,65725356;0
3515;1,22009E+19;12;0;69;590;2020;9;18;5;3;8;7;0;0;1;0;0;0;0;770522,5143;5802022,62;12,96810674;52,3017923;0
3516;1,22012E+19;12;0;67;144;2020;12;18;5;3;2;6;2;0;1;0;0;0;1;845182,4492;5810357,609;14,06764732;52,33464959;1
3517;1,22009E+19;12;0;73;8;2020;9;14;4;2;0;1;0;1;0;0;0;0;0;836921,4015;5889951,393;14,02831198;53,05260933;0
3518;1,2201E+19;12;0;67;440;2020;10;15;4;2;5;2;0;0;1;0;1;0;0;821713,4141;5824136,233;13,73765226;52,47235809;0
3519;1,22011E+19;12;0;61;433;2020;11;17;4;3;2;6;2;0;1;0;0;0;0;812860,4496;5806292,455;13,59108403;52,31759554;0
3520;1,2201E+19;12;0;67;72;2020;10;17;3;3;9;6;0;0;1;0;0;0;1;861636,2898;5810306,542;14,30805377;52,32360488;0
3521;1,22012E+19;12;0;68;320;2020;12;9;2;2;5;3;0;1;1;0;0;0;0;757692,2499;5873762,082;12,8363132;52,95147144;1
3522;1,12001E+19;11;0;3;3;2020;1;17;3;3;5;3;2;0;1;0;0;0;0;802859,8699;5833044,121;13,46906298;52,56297781;1
3523;1,22009E+19;12;0;65;251;2020;9;17;3;3;2;6;0;0;1;0;0;0;0;781835,8485;5842881,277;13,16813378;52,66247138;0
3524;1,22009E+19;12;0;60;20;2020;9;15;1;2;3;2;0;0;1;0;1;0;0;805611,5447;5850379,382;13,5255691;52,71679941;0
3525;1,22012E+19;12;0;60;269;2020;12;17;4;3;4;6;2;0;1;0;0;0;0;800177,9473;5847648,479;13,44288146;52,6953624;1
3526;1,2201E+19;12;0;63;189;2020;10;6;2;3;0;7;1;0;1;0;0;0;0;716459,1239;5828105,228;12,19347658;52,55988724;1
3527;1,22009E+19;12;0;66;196;2020;9;17;5;3;5;3;0;1;1;0;0;0;0;841217,7736;5757564,564;13,95685385;51,86427162;0
3528;1,22011E+19;12;0;61;316;2020;11;15;3;3;2;6;0;0;1;0;0;0;0;836252,1729;5765614,091;13,89285109;51,93939463;0
3529;1,22012E+19;12;0;66;112;2020;12;17;5;3;6;4;2;0;1;1;0;0;0;847051,9828;5726693,638;14,01051994;51,58417223;0
3530;1,2201E+19;12;0;61;217;2020;10;3;1;2;8;1;2;0;1;0;0;0;0;826139,5619;5806479,861;13,78540844;52,31155257;0
3531;1,22011E+19;12;0;67;469;2020;11;11;7;3;2;2;0;0;1;0;0;0;1;835040,1929;5808353,687;13,91735652;52,32298288;0
3532;1,22009E+19;12;0;64;222;2020;9;16;4;3;9;1;0;0;1;0;0;0;0;833379,078;5852876,787;13,93769651;52,72278986;0
3533;1,22012E+19;12;0;54;0;2020;12;9;2;3;2;6;0;0;1;0;0;0;1;775721,4639;5812759,764;13,05297342;52,39549893;1
3534;1,22009E+19;12;0;64;472;2020;9;18;2;3;2;2;1;0;1;0;1;0;0;829815,086;5834034,621;13,86630812;52,55619548;0
3535;1,22011E+19;12;0;65;165;2020;11;14;2;2;4;1;0;0;1;0;0;0;0;768736,6159;5851941,855;12,98232911;52,75037651;1
3536;1,2201E+19;12;0;64;136;2020;10;9;7;3;0;7;0;0;1;0;0;0;0;820499,5915;5827405,39;13,72298658;52,50236214;0
3537;1,22009E+19;12;0;71;57;2020;9;16;5;1;9;1;0;0;0;0;1;0;0;858217,628;5736669,97;14,18121917;51,66652886;0
3538;1,2201E+19;12;0;60;5;2020;10;8;1;2;9;1;0;0;0;0;1;0;0;812645,6947;5839068,825;13,61864737;52,61143408;0
3539;1,12001E+19;11;0;1;1;2020;1;13;1;3;5;3;0;0;1;0;0;0;0;799118,0977;5827655,463;13,4091764;52,51674525;0
3540;1,22009E+19;12;0;60;269;2020;9;17;1;2;0;7;0;1;0;0;0;0;0;799247,5992;5845870,081;13,42754066;52,6799371;0
3541;1,22009E+19;12;0;64;370;2020;9;17;1;3;5;3;0;1;1;0;0;0;0;840052,055;5840180,728;14,02303403;52,60494352;0
3542;1,22012E+19;12;0;73;452;2020;12;17;3;3;5;2;2;1;1;0;0;0;0;823651,7933;5918163,094;13,85960847;53,31349396;1
3543;1,2201E+19;12;0;70;8;2020;10;17;1;2;2;2;0;0;0;0;1;0;0;692255,33;5872969,024;11,86322453;52,97179187;0
3544;1,22011E+19;12;0;60;280;2020;11;13;1;3;8;6;0;0;1;0;0;0;0;822394,3079;5843767,965;13,76671114;52,64783942;1
3545;1,22011E+19;12;0;73;572;2020;11;9;2;2;4;6;0;0;1;0;0;0;1;804894,3553;5895219,355;13,55706102;53,11903147;1
3546;1,22011E+19;12;0;65;256;2020;11;14;5;3;0;5;0;0;0;0;1;0;0;786456,8989;5853659,918;13,24565995;52,75668417;0
3547;1,22009E+19;12;0;67;201;2020;9;14;1;2;2;6;0;1;0;0;0;0;0;826965,4618;5813232,453;13,80404784;52,37155731;0
3548;1,12001E+19;11;0;1;1;2020;1;18;5;3;4;6;2;1;0;0;0;0;1;797028,3594;5826728,597;13,37764319;52,50957906;0
3549;1,22012E+19;12;0;60;20;2020;12;16;6;3;2;2;1;0;1;0;0;0;0;810318,7999;5846664,894;13,59153167;52,6808369;0
3550;1,2201E+19;12;0;69;474;2020;10;9;5;2;0;6;0;0;1;0;0;1;1;752467,003;5777844,123;12,68586893;52,09345751;0
3551;1,22009E+19;12;0;65;332;2020;9;19;1;3;2;6;0;0;1;0;0;0;0;782095,499;5847715,144;13,17610212;52,7056771;0
3552;1,22009E+19;12;0;67;144;2020;9;14;5;3;2;6;0;0;1;0;0;0;0;845181,3308;5810344,945;14,06761798;52,33453688;0
3553;1,2201E+19;12;0;67;24;2020;10;13;6;3;3;6;0;1;0;0;0;0;1;845988,7841;5808952,105;14,07798967;52,32155564;0
3554;1,22011E+19;12;0;69;474;2020;11;21;4;3;8;7;2;0;0;0;0;0;1;753545,6634;5781249,011;12,70411517;52,12351323;0
3555;1,22009E+19;12;0;61;260;2020;9;12;6;3;6;7;0;1;0;1;0;0;0;815057,5668;5804341,864;13,62138788;52,29886019;0
3556;1,22009E+19;12;0;65;256;2020;9;18;1;2;5;3;0;0;1;0;1;0;0;785565,4851;5857417,594;13,23576208;52,79084411;0
3557;1,22012E+19;12;0;65;193;2020;12;10;7;3;9;1;0;0;0;0;0;0;1;793932,6073;5867067,803;13,36816921;52,87285566;2
3558;1,2201E+19;12;0;62;128;2020;10;18;5;2;5;3;0;1;1;0;0;0;0;793602,2498;5723400,657;13,23857333;51,58502066;0
3559;1,22009E+19;12;0;73;261;2020;9;7;5;3;0;1;0;0;0;0;1;0;0;831317,7202;5918150,084;13,97422858;53,30864127;0
3560;1,2201E+19;12;0;69;270;2020;10;14;1;3;7;7;0;0;0;0;1;0;0;739744,9509;5825730,409;12,53462737;52,52882255;0
3561;1,12001E+19;11;0;4;4;2020;1;6;3;3;3;6;2;0;1;0;0;1;0;790458,6486;5828436,725;13,28260654;52,52843034;1
3562;1,22009E+19;12;0;72;120;2020;9;18;1;3;3;6;0;0;1;0;0;1;0;794075,2659;5812330,918;13,3215823;52,38210939;0
3563;1,22009E+19;12;0;68;353;2020;9;13;1;3;5;3;0;0;1;0;0;0;1;764302,4377;5885996,473;12,944474;53,05797789;0
3564;1,22012E+19;12;0;70;241;2020;12;6;4;3;8;1;2;0;1;0;0;0;0;699374,9833;5865786,746;11,96468976;52,9047138;1
3565;1,2201E+19;12;0;60;52;2020;10;14;1;3;2;6;0;0;1;0;1;0;0;823241,6643;5864629,435;13,79972688;52,83422109;0
3566;1,22011E+19;12;0;54;0;2020;11;13;1;3;0;4;0;1;0;1;0;0;0;772805,4511;5815268,545;13,01226823;52,41945865;0
3567;1,22011E+19;12;0;72;232;2020;11;18;2;2;5;3;2;1;1;0;0;0;0;786105,908;5779289,843;13,17686091;52,09006452;1
3568;1,22011E+19;12;0;64;125;2020;11;8;5;3;8;1;0;0;1;0;0;0;0;832853,3461;5862068,311;13,93927024;52,80543663;1
3569;1,22009E+19;12;0;68;320;2020;9;21;1;3;0;1;2;1;0;0;0;0;0;755598,6806;5871072,552;12,80310225;52,92834811;0
3570;1,22012E+19;12;0;67;144;2020;12;0;7;3;9;1;2;0;1;0;0;0;0;843812,8492;5815382,853;14,05276848;52,38051234;0
3571;1,2201E+19;12;0;67;440;2020;10;7;6;3;5;3;0;1;1;0;0;0;0;819175,0129;5824684,573;13,70093286;52,47876015;1
3572;1,22009E+19;12;0;68;320;2020;9;19;1;2;8;1;1;1;0;0;0;0;0;755684,6651;5872973,73;12,80587657;52,94536017;0
3573;1,22009E+19;12;0;60;198;2020;9;9;5;3;2;6;0;0;1;0;0;0;1;815761,42;5865544,845;13,68995062;52,84685511;0
3574;1,2201E+19;12;0;60;198;2020;10;13;6;3;5;2;0;1;0;0;0;0;1;815124,9364;5865887,261;13,68086217;52,85029554;1
3575;1,22011E+19;12;0;69;397;2020;11;15;4;3;9;1;0;0;0;0;1;0;0;778508,213;5802655,931;13,08544873;52,30348277;0
3576;1,22009E+19;12;0;69;270;2020;9;5;6;2;4;6;2;0;1;0;0;1;0;736032,5786;5823086,102;12,47812877;52,50671411;0
3577;1,22009E+19;12;0;69;590;2020;9;11;7;3;8;6;0;0;1;0;0;0;0;769506,0571;5801598,484;12,95289632;52,29848763;0
3578;1,22012E+19;12;0;64;472;2020;12;0;7;3;8;1;2;0;1;0;0;0;0;836477,7895;5835288,092;13,96548738;52,56334735;1
3579;1,2201E+19;12;0;70;424;2020;10;16;6;3;5;3;0;0;1;0;0;1;0;682487,3992;5875011,374;11,71908808;52,99354379;0
3580;1,2201E+19;12;0;64;512;2020;10;14;6;2;2;6;0;0;1;0;0;0;0;842853,8054;5847964,322;14,07232113;52,67288481;0
3581;1,22011E+19;12;0;61;540;2020;11;8;6;3;0;1;0;0;0;0;1;0;0;813954,7376;5806418,486;13,60720355;52,31810064;1
3582;1,2201E+19;12;0;51;0;2020;10;7;5;3;5;3;1;0;1;0;0;0;0;740105,9146;5812840,997;12,53065894;52,41300549;1
3583;1,22012E+19;12;0;62;333;2020;12;19;3;3;5;3;2;0;1;0;0;0;0;826415,634;5732039,142;13,7186812;51,64439735;1
3584;1,2201E+19;12;0;60;52;2020;10;6;4;3;5;3;1;1;1;0;0;0;0;824835,485;5864486,24;13,82315949;52,83198067;0
3585;1,22009E+19;12;0;69;454;2020;9;14;7;3;2;6;0;0;0;0;1;0;0;781845,6346;5808377,775;13,13906205;52,35308908;0
3586;1,12001E+19;11;0;11;11;2020;1;4;2;3;6;2;2;0;1;1;0;0;0;803722,92;5827570,012;13,47675274;52,51343456;1
3587;1,22011E+19;12;0;51;0;2020;11;17;5;3;5;2;2;1;1;0;0;0;0;744246,2078;5811777,345;12,59063553;52,40162966;1
3588;1,2201E+19;12;0;64;274;2020;10;11;4;2;8;1;0;0;1;0;0;0;0;863423,3831;5853080,49;14,38086109;52,70528933;1
3589;1,22011E+19;12;0;51;0;2020;11;7;2;3;5;3;0;1;1;0;0;0;0;740847,3648;5810837,071;12,54009769;52,39469815;0
3590;1,22009E+19;12;0;71;244;2020;9;14;5;3;2;6;0;0;1;0;0;0;0;865336,1611;5742708,766;14,2900301;51,71601647;0
3591;1,22012E+19;12;0;61;435;2020;12;2;4;3;2;6;2;0;1;0;0;1;0;823661,3641;5772187,114;13,71651676;52,00575389;1
3592;1,22009E+19;12;0;65;225;2020;9;16;4;3;2;2;0;0;1;0;0;1;0;794988,7263;5846880,063;13,36563313;52,69132432;0
3593;1,2201E+19;12;0;61;260;2020;10;12;3;3;0;7;0;0;0;0;1;0;0;817569,8636;5806009,031;13,65967921;52,3123537;1
3594;1,22011E+19;12;0;52;0;2020;11;11;4;3;2;6;0;0;1;0;0;0;1;865986,8269;5747060,692;14,30398039;51,75455489;0
3595;1,2201E+19;12;0;67;201;2020;10;9;3;1;9;1;0;0;1;0;0;0;0;825960,064;5819228,33;13,79516472;52,42587232;0
3596;1,22012E+19;12;0;60;52;2020;12;15;1;3;2;6;0;0;1;0;0;0;0;823006,0371;5864705,74;13,79631696;52,83504583;0
3597;1,12001E+19;11;0;6;6;2020;1;3;1;3;3;6;2;0;1;0;0;0;1;789808,7132;5818015,711;13,26399353;52,43534916;1
3598;1,22009E+19;12;0;72;340;2020;9;14;2;3;3;2;0;0;1;0;0;1;0;803660,7758;5803756,091;13,45424543;52,3000244;0
3599;1,22009E+19;12;0;69;656;2020;9;14;7;3;0;6;0;1;1;0;0;0;0;768362,8678;5808811,202;12,94192755;52,36373929;0
3600;1,22012E+19;12;0;60;269;2020;12;12;3;3;9;1;0;0;1;0;0;0;0;808994,7646;5855754,884;13,58055352;52,76305;1
3601;1,2201E+19;12;0;69;270;2020;10;6;2;3;8;1;2;0;1;0;0;0;0;736218,1919;5819214,585;12,47811343;52,47189223;0
3602;1,22011E+19;12;0;73;32;2020;11;16;3;3;5;3;1;0;1;0;1;0;0;851697,936;5889868,243;14,24776125;53,04235849;0
3603;1,22012E+19;12;0;60;280;2020;12;16;5;3;4;2;2;0;1;0;0;0;0;824118,5232;5845252,197;13,7935649;52,66010926;0
3604;1,2201E+19;12;0;72;14;2020;10;10;7;3;9;1;0;0;1;0;0;0;0;804746,2538;5770891,203;13,44064927;52,00483822;1
3605;1,22011E+19;12;0;71;244;2020;11;16;6;3;5;2;1;0;1;0;0;0;0;863300,5312;5748073,697;14,26628575;51,76537183;0
3606;1,22009E+19;12;0;69;616;2020;9;14;3;3;6;4;0;1;0;1;0;0;0;788498,8737;5813545,081;13,24092537;52,39595948;0
3607;1,22012E+19;12;0;62;293;2020;12;21;2;3;7;7;2;0;0;0;0;0;1;827873,2991;5729375,364;13,73718313;51,6196805;1
3608;1,22009E+19;12;0;65;84;2020;9;14;2;3;4;6;0;1;0;0;0;0;0;776926,5938;5900627,655;13,14497441;53,18277064;0
3609;1,22011E+19;12;0;61;332;2020;11;14;1;2;8;1;0;0;1;0;0;0;0;811003,4179;5803076,529;13,56095829;52,289829;0
3610;1,2201E+19;12;0;65;225;2020;10;17;7;3;5;2;0;0;1;0;0;0;0;792369,7418;5841406,942;13,32214205;52,64368076;0
3611;1,22009E+19;12;0;60;269;2020;9;17;5;1;3;2;0;0;1;0;1;0;0;805032,683;5866162,19;13,53172875;52,85856683;0
3612;1,2201E+19;12;0;64;136;2020;10;16;1;3;2;6;0;0;1;0;0;0;0;820489,399;5827228,231;13,72266645;52,50078084;0
3613;1,22009E+19;12;0;65;144;2020;9;22;1;1;9;1;2;0;1;0;0;0;0;785280,6264;5847376,41;13,22282196;52,70097205;0
3614;1,22009E+19;12;0;69;656;2020;9;14;7;3;2;6;0;1;1;0;0;0;0;768244,2961;5808876,107;12,94024222;52,36437945;0
3615;1,22012E+19;12;0;65;256;2020;12;14;3;3;9;7;0;0;1;0;0;0;0;781881,743;5852518,713;13,17706769;52,74885703;1
3616;1,2201E+19;12;0;69;17;2020;10;12;7;3;2;6;0;0;1;0;0;0;0;768746,1169;5794397,422;12,93604606;52,23427132;0
3617;1,2201E+19;12;0;63;148;2020;10;11;7;2;8;1;0;0;0;0;1;0;0;761430,614;5821661,011;12,85039672;52,48235202;1
3618;1,22011E+19;12;0;70;173;2020;11;11;2;2;5;3;0;0;1;0;0;0;0;685067,6029;5894109,043;11,76847174;53,16413404;1
3619;1,22011E+19;12;0;60;52;2020;11;14;4;3;2;6;0;0;1;0;0;0;0;822510,3196;5864803,518;13,78908067;52,83621846;0
3620;1,22009E+19;12;0;54;0;2020;9;21;7;3;0;7;2;1;0;1;0;0;0;776118,9482;5812691,322;13,05874394;52,39468491;0
3621;1,12001E+19;11;0;7;7;2020;1;9;4;3;3;6;0;0;1;0;0;1;0;798049,1699;5822320,881;13,3886979;52,4695124;0
3622;1,22012E+19;12;0;66;296;2020;12;10;5;2;5;2;0;0;1;0;0;0;0;839504,7826;5715976,443;13,89166245;51,49275276;1
3623;1,2201E+19;12;0;69;616;2020;10;7;5;3;0;2;0;0;0;0;0;0;1;790354,527;5814170,818;13,26866384;52,40058892;0
3624;1,22009E+19;12;0;54;0;2020;9;19;7;3;3;2;0;1;1;0;0;0;0;775980,1251;5812711,707;13,05672569;52,39493769;0
3625;1,12001E+19;11;0;4;4;2020;1;15;7;3;1;5;0;0;1;0;1;0;0;791597,6109;5826550,18;13,29769472;52,51090969;0
3626;1,22009E+19;12;0;60;181;2020;9;16;5;3;5;3;0;0;1;0;1;0;0;808597,2989;5842093,646;13,56187234;52,64085461;0
3627;1,22011E+19;12;0;60;269;2020;11;14;2;3;0;3;0;1;1;0;0;0;0;800108,5148;5851468,214;13,44534254;52,72963645;0
3628;1,2201E+19;12;0;72;169;2020;10;14;5;3;0;7;0;0;0;0;0;1;1;781473,2733;5773534,723;13,10467619;52,04082833;0
3629;1,22011E+19;12;0;60;20;2020;11;18;4;2;4;2;2;0;1;0;0;1;0;805245,1482;5850751,277;13,52050708;52,72033895;0
3630;1,22009E+19;12;0;73;452;2020;9;14;6;3;2;6;0;0;1;0;0;0;0;821754,5639;5917314,388;13,83037276;53,3070473;0
3631;1,22012E+19;12;0;63;208;2020;12;11;6;3;5;3;0;1;1;0;0;0;0;762846,9262;5835829,46;12,88241876;52,60875637;0
3632;1,2201E+19;12;0;64;370;2020;10;9;5;3;5;2;0;0;1;0;0;0;0;840052,3343;5840179,748;14,02303713;52,60493457;0
3633;1,2201E+19;12;0;66;292;2020;10;5;5;3;9;1;2;0;1;0;0;0;0;842383,9418;5711945,766;13,92907892;51,45490936;1
3634;1,22011E+19;12;0;72;17;2020;11;7;5;2;8;1;0;0;1;0;0;0;0;802634,5172;5808978,043;13,44393723;52,34739705;2
3635;1,2201E+19;12;0;72;240;2020;10;13;4;3;5;3;0;1;1;0;0;0;0;791644,2891;5803464,376;13,27827294;52,30391724;1
3636;1,22012E+19;12;0;64;290;2020;12;11;3;3;8;1;0;0;1;0;0;0;0;870000,8626;5831137,113;14,45325023;52,50446453;1
3637;1,12001E+19;11;0;12;12;2020;1;15;6;3;3;6;0;0;1;0;0;0;0;794257,3212;5834723,198;13,34401431;52,58274696;0
3638;1,22009E+19;12;0;61;332;2020;9;11;7;3;1;1;0;0;1;0;0;0;0;812352,04;5800233,727;13,57803656;52,26358795;0
3639;1,12001E+19;11;0;1;1;2020;1;3;4;2;6;4;2;0;1;1;0;0;0;799335,348;5827943,997;13,41262809;52,51921233;0
3640;1,2201E+19;12;0;65;144;2020;10;16;4;3;2;6;0;0;1;0;0;1;0;788355,0505;5848108,262;13,2688352;52,70590542;1
3641;1,22011E+19;12;0;69;474;2020;11;0;4;2;0;7;2;0;0;0;0;1;0;755777,326;5781079,539;12,73651606;52,12096514;0
3642;1,22012E+19;12;0;61;433;2020;12;10;6;2;2;6;0;0;1;0;0;1;1;810359,0675;5806291,122;13,55450243;52,31900255;1
3643;1,2201E+19;12;0;67;144;2020;10;5;3;3;5;3;2;0;1;0;0;0;0;845207,6635;5811963,595;14,06966481;52,34901573;0
3644;1,22011E+19;12;0;64;428;2020;11;11;2;3;8;1;0;0;1;0;0;0;0;822961,5727;5824959,325;13,75676132;52,47899595;0
3645;1,22009E+19;12;0;68;353;2020;9;13;5;3;5;3;0;1;1;0;0;0;0;760762,9096;5890336,375;12,89530084;53,0986382;0
3646;1,22012E+19;12;0;66;112;2020;12;17;3;3;2;6;2;0;1;0;0;0;0;851663,7166;5725598,024;14,07572587;51,57150324;0
3647;1,22009E+19;12;0;60;52;2020;9;16;3;3;5;3;0;0;1;0;0;0;0;824554,1003;5865283,364;13,81978984;52,83929061;0
3648;1,2201E+19;12;0;53;0;2020;10;18;3;2;6;4;2;0;1;1;0;0;0;877304,5648;5813394,299;14,54035194;52,3407004;0
3649;1,22011E+19;12;0;60;45;2020;11;13;3;3;8;1;0;1;0;0;0;0;0;826083,5426;5868629,957;13,84575984;52,86834496;0
3650;1,2201E+19;12;0;61;433;2020;10;17;2;3;2;2;0;0;1;0;0;0;0;810089,4404;5811455,334;13,555323;52,36543668;0
3651;1,22012E+19;12;0;54;0;2020;12;13;7;3;2;2;0;0;1;0;0;0;1;778782,912;5822150,636;13,10568327;52,47815946;1
3652;1,2201E+19;12;0;69;632;2020;10;7;2;3;1;6;0;0;1;0;0;0;0;767952,5949;5784042,157;12,91627186;52,14177517;1
3653;1,2201E+19;12;0;65;136;2020;10;21;6;3;0;7;2;1;0;0;0;0;0;784525,6465;5840819,922;13,2060206;52,64258584;1
3654;1,22011E+19;12;0;64;227;2020;11;16;6;3;2;6;2;0;1;0;0;0;0;813262,1097;5831595,265;13,62065984;52,54411023;0
3655;1,2201E+19;12;0;73;532;2020;10;19;5;2;2;6;2;0;1;0;1;0;0;853655,3249;5892485,558;14,27970375;53,06449706;1
3656;1,22012E+19;12;0;60;20;2020;12;13;3;3;2;6;0;0;1;0;0;0;0;807038,7839;5850084,739;13,54635663;52,71335157;0
3657;1,2201E+19;12;0;64;380;2020;10;7;4;3;2;6;0;0;1;0;0;0;0;827802,0261;5832621,886;13,83532701;52,54475531;0
3658;1,22009E+19;12;0;61;433;2020;9;10;7;2;2;6;0;0;1;0;0;0;0;810597,884;5804404,176;13,55625479;52,30195669;0
3659;1,12001E+19;11;0;1;1;2020;1;16;6;3;2;6;2;0;1;0;0;0;0;799595,725;5828279,342;13,41675606;52,52207519;1
3660;1,22011E+19;12;0;64;428;2020;11;5;5;3;5;3;2;0;1;0;0;0;0;824420,2781;5826691,241;13,77985048;52,4936476;0
3661;1,2201E+19;12;0;60;5;2020;10;6;3;3;3;6;2;0;1;0;0;1;0;810344,8651;5838815,208;13,58453863;52,6104799;0
3662;1,22011E+19;12;0;61;112;2020;11;10;2;3;0;1;0;1;0;0;0;0;0;815892,1012;5813027,509;13,64174532;52,37621314;1
3663;1,22009E+19;12;0;67;120;2020;9;10;5;3;2;6;0;0;1;0;0;0;0;882870,8899;5792597,94;14,59812358;52,15077248;0
3664;1,22012E+19;12;0;60;24;2020;12;11;4;3;5;3;0;1;1;0;0;0;0;813186,6321;5856349,309;13,64304093;52,76596412;0
3665;1,22009E+19;12;0;51;0;2020;9;7;3;3;5;3;0;1;0;0;0;0;0;739609,6045;5812818,939;12,52336011;52,41302508;0
3666;1,2201E+19;12;0;60;52;2020;10;8;3;3;2;1;0;1;1;0;0;0;0;824921,0084;5864437,494;13,82437594;52,83149249;1
3667;1,22011E+19;12;0;54;0;2020;11;16;3;3;2;6;2;0;1;0;0;0;0;778766,0599;5811554,591;13,09660169;52,38315061;0
3668;1,2201E+19;12;0;63;293;2020;10;10;2;2;5;3;0;1;1;0;0;0;0;731767,0093;5834519,089;12,42338145;52,61114396;0
3669;1,22012E+19;12;0;68;264;2020;12;12;1;3;0;1;0;1;0;0;0;0;0;730154,192;5869291,214;12,42402471;52,92386884;0
3670;1,12001E+19;11;0;4;4;2020;1;22;5;3;2;6;2;0;1;0;0;0;0;792594,6389;5823376,737;13,30955669;52,48192672;0
3671;1,22009E+19;12;0;54;0;2020;9;7;2;2;0;1;0;1;0;0;0;0;0;774572,1843;5813883,11;13,03704603;52,40615048;0
3672;1,22009E+19;12;0;61;332;2020;9;10;7;2;2;6;0;0;1;0;0;0;0;810597,8705;5804404,293;13,5562547;52,30195775;0
3673;1,22012E+19;12;0;64;9;2020;12;17;2;3;5;3;2;0;1;0;0;0;1;870114,5137;5835608,491;14,45989139;52,54440348;0
3674;1,2201E+19;12;0;60;45;2020;10;16;2;2;7;7;0;0;1;0;1;0;0;829326,8364;5867403,959;13,89252778;52,85539063;0
3675;1,22011E+19;12;0;64;266;2020;11;17;3;3;5;3;1;0;1;0;0;0;0;876007,9927;5835728,643;14,54652811;52,54144518;0