OBJECTID;UIDENTSTLAE;ULAND;UREGBEZ;UKREIS;UGEMEINDE;UJAHR;UMONAT;USTUNDE;UWOCHENTAG;UKATEGORIE;UART;UTYP1;ULICHTVERH;IstRad;IstPKW;IstFuss;IstKrad;IstGkfz;IstSonstige;LINREFX;LINREFY;XGCSWGS84;YGCSWGS84;STRZUSTAND
3676;1,22012E+19;12;0;54;0;2020;12;16;4;3;4;2;2;1;0;0;0;1;0;775645,6003;5813554,312;13,05251509;52,4026625;0
3677;1,2201E+19;12;0;61;20;2020;10;7;7;2;6;6;1;0;0;1;0;0;1;817873,9787;5799065,639;13,65758338;52,2499597;1
3678;1,22011E+19;12;0;67;120;2020;11;15;6;3;2;2;0;0;1;0;0;0;1;887525,7469;5791837,074;14,66495964;52,14072211;0
3679;1,22009E+19;12;0;66;196;2020;9;11;3;3;3;6;0;1;1;0;0;0;0;849226,5492;5755735,59;14,0708644;51,84294068;0
3680;1,22012E+19;12;0;64;136;2020;12;18;2;3;5;3;2;0;1;0;0;1;0;822121,4107;5827115,418;13,74651692;52,49880931;0
3681;1,22009E+19;12;0;69;460;2020;9;18;1;2;9;1;0;0;1;0;0;0;0;751537,9735;5823374,941;12,70632795;52,5023762;0
3682;1,22011E+19;12;0;71;160;2020;11;22;7;3;5;3;2;0;1;0;0;0;0;891682,3387;5771813,597;14,70247212;51,95866077;0
3683;1,2201E+19;12;0;72;312;2020;10;14;6;3;4;6;0;0;1;0;0;0;0;792039,2942;5779415,856;13,2633335;52,08809721;0
3684;1,22009E+19;12;0;60;20;2020;9;7;5;3;5;3;0;0;1;0;0;0;1;809440,1767;5844381,506;13,57643369;52,66087709;0
3685;1,2201E+19;12;0;65;193;2020;10;15;1;3;2;6;0;0;1;0;1;0;0;796164,7364;5867168,863;13,40132669;52,87253834;0
3686;1,22009E+19;12;0;69;656;2020;9;15;7;2;4;2;0;1;0;0;0;0;1;765384,217;5814035,589;12,90242185;52,41204935;0
3687;1,22009E+19;12;0;62;124;2020;9;15;7;3;5;3;0;1;1;0;0;0;0;813516,165;5711072,105;13,51416428;51,46379266;0
3688;1,22012E+19;12;0;71;244;2020;12;12;2;3;8;1;0;0;1;0;0;0;0;865155,1741;5742317,256;14,28701156;51,71262898;0
3689;1,2201E+19;12;0;71;32;2020;10;18;7;3;5;3;2;0;1;0;0;0;0;851818,609;5755930,481;14,10853907;51,84306028;0
3690;1,2201E+19;12;0;60;20;2020;10;9;7;2;8;7;0;0;1;0;0;0;0;808352,2317;5846702,295;13,56256971;52,68229405;1
3691;1,22011E+19;12;0;67;493;2020;11;13;1;3;5;2;0;0;1;0;1;0;0;854376,048;5783933,401;14,1743874;52,09219773;0
3692;1,2201E+19;12;0;61;433;2020;10;8;6;3;2;6;0;0;1;0;0;0;0;804076,9214;5811297,69;13,46714831;52,36739084;0
3693;1,22011E+19;12;0;67;24;2020;11;13;4;3;5;3;0;0;1;0;1;0;0;845225,265;5805722,969;14,06352233;52,29311797;0
3694;1,12001E+19;11;0;3;3;2020;1;6;4;3;5;2;2;0;1;0;0;0;0;799987,5251;5830197,245;13,4242441;52,53905061;0
3695;1,22012E+19;12;0;69;448;2020;12;22;4;3;7;7;2;0;1;0;0;0;0;754446,2621;5780021,939;12,71632541;52,11209049;0
3696;1,2201E+19;12;0;60;5;2020;10;15;5;3;0;1;0;1;0;0;0;0;0;811808,2525;5837681,832;13,60501297;52,5994863;1
3697;1,22009E+19;12;0;62;453;2020;9;11;7;2;5;3;0;1;0;0;0;0;1;812338,7187;5725830,028;13,51034733;51,59673162;0
3698;1,12001E+19;11;0;12;12;2020;1;11;5;3;5;3;0;1;1;0;0;0;0;792115,943;5837984,848;13,31537724;52,61314013;1
3699;1,22009E+19;12;0;60;20;2020;9;7;5;3;5;3;0;1;1;0;0;0;0;811198,0895;5846154,625;13,60401433;52,6757605;0
3700;1,22011E+19;12;0;63;273;2020;11;12;1;3;8;7;0;0;0;0;1;0;0;772330,8299;5838567,817;13,02438808;52,62864462;0
3701;1,2201E+19;12;0;66;304;2020;10;12;5;3;1;6;0;0;1;0;0;0;0;851980,4398;5715182,994;14,06988108;51,47802456;0
3702;1,22011E+19;12;0;72;426;2020;11;10;3;3;7;1;0;0;0;0;1;0;0;788246,0389;5794307,167;13,22075303;52,2236058;0
3703;1,22009E+19;12;0;60;20;2020;9;8;6;3;2;6;0;0;1;0;0;0;0;810755,92;5846284,637;13,59761817;52,67717908;0
3704;1,22012E+19;12;0;60;20;2020;12;9;6;3;5;3;0;0;1;0;0;0;0;809206,7652;5846756,712;13,57522116;52,68229502;1
3705;1,2201E+19;12;0;65;144;2020;10;13;5;3;2;6;0;0;1;0;0;0;0;789339,7894;5844263,467;13,27999141;52,67091252;0
3706;1,2201E+19;12;0;67;493;2020;10;16;5;2;5;3;0;0;1;0;0;0;0;853538,0909;5791563,369;14,17012812;52,16105351;0
3707;1,22011E+19;12;0;54;0;2020;11;21;5;3;0;1;2;1;0;0;0;0;0;774003,4256;5814684,825;13,02936221;52,41362528;1
3708;1,2201E+19;12;0;60;5;2020;10;17;4;3;2;6;1;0;1;0;0;0;0;810998,2837;5832049,963;13,58781061;52,54948175;1
3709;1,22012E+19;12;0;72;297;2020;12;17;2;3;2;6;2;0;1;0;0;1;0;773005,1219;5765721,589;12,97528948;51,97498295;0
3710;1,12001E+19;11;0;3;3;2020;1;16;5;2;0;7;0;1;0;0;0;0;0;798320,8847;5834768,94;13,40385303;52,5809442;0
3711;1,22009E+19;12;0;52;0;2020;9;17;7;3;5;3;0;1;1;0;0;0;0;866397,086;5747216,892;14,31006295;51,75568535;0
3712;1,22012E+19;12;0;52;0;2020;12;13;5;3;5;3;0;1;0;0;0;0;0;867633,7404;5747455,564;14,32815413;51,75701252;0
3713;1,2201E+19;12;0;68;320;2020;10;14;4;3;6;7;0;0;1;1;0;0;0;755923,8055;5871524,619;12,80828459;52,93224822;0
3714;1,22011E+19;12;0;62;196;2020;11;12;4;3;8;1;0;0;1;0;0;0;0;821351,683;5706895,636;13,62280487;51,42196966;0
3715;1,22012E+19;12;0;60;198;2020;12;23;6;3;7;7;2;0;1;0;0;0;0;812142,4559;5868362,923;13,63908977;52,87421367;2
3716;1,2201E+19;12;0;69;454;2020;10;16;2;3;8;1;0;0;0;0;0;0;1;781997,8277;5808103,272;13,14106032;52,35054942;0
3717;1,22011E+19;12;0;72;240;2020;11;15;1;2;5;3;0;0;1;0;1;0;0;794102,1511;5803796,626;13,31450822;52,30558602;0
3718;1,22009E+19;12;0;69;304;2020;9;12;4;3;2;6;0;0;1;0;1;0;0;788333,2101;5815250,799;13,23996585;52,4113397;0
3719;1,22012E+19;12;0;60;52;2020;12;16;3;3;2;6;1;0;1;0;0;0;0;817591,6941;5864864,709;13,71637345;52,83968631;0
3720;1,22009E+19;12;0;63;88;2020;9;14;2;3;3;2;0;0;1;0;0;0;1;742721,6614;5845083,402;12,59262482;52,7011479;0
3721;1,2201E+19;12;0;68;320;2020;10;15;3;3;5;3;0;1;1;0;0;0;0;757696,457;5873762,676;12,83637615;52,95147475;0
3722;1,22011E+19;12;0;72;477;2020;11;7;2;3;5;3;0;0;1;0;0;0;0;802792,3708;5792868,804;13,4317935;52,20291412;0
3723;1,2201E+19;12;0;63;273;2020;10;15;1;3;5;3;0;0;1;0;1;0;0;770449,387;5840789,617;12,99847813;52,64951006;0
3724;1,2201E+19;12;0;67;124;2020;10;16;2;3;3;6;1;1;0;0;0;0;0;822924,7719;5819098,072;13,75055451;52,4265049;0
3725;1,12001E+19;11;0;4;4;2020;1;17;3;3;2;6;2;0;1;0;0;0;0;791223,0602;5829667,258;13,29492109;52,53905409;0
3726;1,22009E+19;12;0;60;5;2020;9;6;2;2;3;6;1;0;1;0;1;1;0;812136,0385;5838090,805;13,61022249;52,60296303;0
3727;1,22009E+19;12;0;73;8;2020;9;20;7;1;9;1;2;0;1;0;0;0;0;824290,3851;5890328,73;13,84093208;53,06379503;0
3728;1,22012E+19;12;0;64;428;2020;12;14;6;3;8;1;0;0;1;0;0;0;0;823766,5954;5824591,73;13,76821678;52,47522604;1
3729;1,2201E+19;12;0;54;0;2020;10;5;1;3;0;1;2;1;0;0;0;0;0;777943,8239;5812659,676;13,08546824;52,39347814;0
3730;1,22011E+19;12;0;61;260;2020;11;14;2;3;2;6;0;0;1;0;0;1;0;821284,2204;5807609,593;13,71550829;52,32453551;0
3731;1,22012E+19;12;0;60;20;2020;12;15;3;3;5;3;0;0;1;0;0;0;1;807899,0964;5847781,862;13,55689703;52,69222608;0
3732;1,2201E+19;12;0;70;296;2020;10;22;7;3;8;6;2;0;1;0;0;0;1;694560,3212;5882819,499;11,90343965;53,05939701;0
3733;1,22011E+19;12;0;61;433;2020;11;16;5;3;2;6;1;0;1;0;0;0;0;809321,3792;5806167,922;13,53921311;52,31848373;0
3734;1,22009E+19;12;0;68;320;2020;9;17;3;2;5;2;0;1;1;0;0;0;0;755553,754;5868914,232;12,80073746;52,90900987;0
3735;1,22012E+19;12;0;60;181;2020;12;19;1;2;5;3;2;1;0;0;0;0;1;806953,266;5843013,615;13,53850758;52,65003104;1
3736;1,22011E+19;12;0;62;240;2020;11;23;6;2;9;1;2;0;1;0;0;0;0;815521,9695;5713873,494;13,5454478;51,48778895;0
3737;1,2201E+19;12;0;71;294;2020;10;14;6;3;8;1;0;0;1;0;0;0;0;886246,3629;5736643,151;14,58459523;51,64774565;0
3738;1,22009E+19;12;0;64;222;2020;9;21;5;2;9;1;2;0;1;0;0;0;0;833668,591;5853379,07;13,942477;52,72711018;0
3739;1,2201E+19;12;0;54;0;2020;10;17;6;3;2;6;0;0;1;0;0;0;0;776931,6613;5812421,626;13,07043467;52,39185607;1
3740;1,22011E+19;12;0;54;0;2020;11;20;5;3;0;1;2;1;0;0;0;0;0;774676,4735;5812504,842;13,03744505;52,39373786;0
3741;1,22009E+19;12;0;72;120;2020;9;15;6;2;5;3;0;0;1;0;1;0;0;795115,8285;5808564,851;13,33351555;52,34778854;0
3742;1,22009E+19;12;0;64;172;2020;9;23;7;2;8;1;2;0;1;0;0;0;0;871449,5576;5839875,396;14,48426281;52,5816796;0
3743;1,22009E+19;12;0;60;198;2020;9;8;7;3;9;1;0;0;1;0;0;0;0;813671,4235;5863575,66;13,65712852;52,83043168;0
3744;1,22012E+19;12;0;61;329;2020;12;9;7;3;8;1;0;0;1;0;0;0;0;840841,782;5770697,08;13,96440586;51,98213449;1
3745;1,2201E+19;12;0;54;0;2020;10;6;6;3;0;4;1;1;0;1;0;0;0;774791,3169;5812620,235;13,03922321;52,39471509;0
3746;1,2201E+19;12;0;51;0;2020;10;13;6;3;5;3;0;1;1;0;0;0;0;741771,5465;5814529,727;12,55632086;52,42742518;1
3747;1,22011E+19;12;0;51;0;2020;11;18;6;2;8;1;2;0;1;0;0;0;0;739240,612;5804636,265;12,51210819;52,33975967;0
3748;1,2201E+19;12;0;65;36;2020;10;11;6;3;5;3;0;1;1;0;0;0;0;788965,029;5846611,513;13,27652397;52,69216226;1
3749;1,22011E+19;12;0;68;306;2020;11;7;3;3;7;7;0;0;0;0;1;0;1;744943,3113;5868539,756;12,64300642;52,9105896;1
3750;1,12001E+19;11;0;1;1;2020;1;8;5;3;2;6;0;0;1;0;0;0;0;797171,9247;5826753,41;13,37977451;52,50972329;0
3751;1,22009E+19;12;0;71;160;2020;9;12;2;3;4;1;0;1;1;0;0;0;0;890754,4094;5775951,305;14,69374085;51,99633143;0
3752;1,22009E+19;12;0;73;97;2020;9;15;7;2;7;7;0;0;0;0;1;0;0;847418,6835;5910608,477;14,20665904;53,23082495;0
3753;1,22012E+19;12;0;54;0;2020;12;17;7;3;0;1;2;1;0;0;0;0;0;776693,1814;5812112,734;13,06668398;52,38920652;1
3754;1,2201E+19;12;0;65;165;2020;10;16;2;3;2;6;0;0;1;0;0;0;1;765738,9672;5849252,302;12,93584585;52,72773649;1
3755;1,22011E+19;12;0;68;426;2020;11;6;3;3;5;3;1;0;1;0;0;0;0;744065,9548;5864707,205;12,62711087;52,8766047;0
3756;1,22012E+19;12;0;72;240;2020;12;17;3;2;6;2;2;0;1;1;0;0;0;787237,745;5800928,878;13,21166142;52,28350448;0
3757;1,2201E+19;12;0;60;52;2020;10;10;7;2;5;3;0;0;1;0;1;0;0;823943,0774;5863953,823;13,80943199;52,82774806;1
3758;1,22011E+19;12;0;68;468;2020;11;16;6;3;3;6;1;1;1;0;0;0;0;738964,1688;5897530,655;12,57575489;53,17338585;0
3759;1,22009E+19;12;0;64;29;2020;9;13;3;3;6;4;0;0;1;1;0;0;0;824048,608;5832939,087;13,78048137;52,54984215;0
3760;1,22012E+19;12;0;65;356;2020;12;11;2;2;5;2;0;0;1;0;1;0;0;790537,7313;5878393,657;13,32800686;52,97622267;0
3761;1,22011E+19;12;0;69;616;2020;11;14;6;3;2;2;0;1;1;0;0;0;0;790313,605;5813583,053;13,26755471;52,39534107;0
3762;1,2201E+19;12;0;61;433;2020;10;17;6;3;5;3;0;0;1;0;0;0;0;809007,6306;5809373,61;13,5375698;52,34739053;0
3763;1,22009E+19;12;0;64;44;2020;9;15;5;3;5;7;0;0;1;0;0;0;0;839480,3015;5861049,258;14,03614184;52,79218473;0
3764;1,2201E+19;12;0;64;380;2020;10;12;7;3;5;3;0;0;1;0;1;0;0;823641,1662;5830403,524;13,77202402;52,52736844;0
3765;1,22011E+19;12;0;64;428;2020;11;11;6;3;5;3;0;1;1;0;0;0;0;829102,6462;5826198,33;13,8480851;52,48642957;0
3766;1,22009E+19;12;0;63;244;2020;9;6;6;3;1;5;1;0;1;0;0;0;0;729738,108;5824333,057;12,38641428;52,5205926;1
3767;1,22009E+19;12;0;62;453;2020;9;16;7;3;1;5;0;1;1;0;0;0;0;815877,5572;5725217,178;13,56072556;51,58926664;0
3768;1,22009E+19;12;0;73;532;2020;9;15;7;2;5;3;0;0;1;0;0;0;0;852971,546;5892487,196;14,26954465;53,06496338;0
3769;1,22012E+19;12;0;72;17;2020;12;10;7;3;6;2;0;0;1;1;0;0;0;800318,8166;5810455,722;13,41136399;52,36191494;0
3770;1,2201E+19;12;0;67;473;2020;10;12;7;3;2;2;0;0;1;0;1;0;0;853810,0993;5824367,868;14,20853859;52,45459694;0
3771;1,2201E+19;12;0;67;120;2020;10;15;7;3;0;7;0;0;0;0;1;0;0;885429,5648;5792109,468;14,63478642;52,14462415;1
3772;1,22011E+19;12;0;66;304;2020;11;20;7;3;5;3;2;0;1;0;1;0;0;851488,5601;5717451,601;14,06508264;51,49864917;0
3773;1,2201E+19;12;0;60;198;2020;10;14;6;3;5;3;0;0;1;0;0;0;0;815711,2503;5865684,942;13,68934373;52,8481397;1
3774;1,22011E+19;12;0;61;433;2020;11;12;3;3;1;6;0;0;1;0;0;1;0;804168,7085;5811325,848;13,46851781;52,36759231;0
3775;1,12001E+19;11;0;4;4;2020;1;14;1;2;2;6;0;0;1;0;0;0;0;793319,9606;5829675,824;13,32575802;52,53800624;0
3776;1,22012E+19;12;0;66;112;2020;12;16;4;3;4;6;2;0;1;0;0;0;0;847261,1921;5726614,903;14,01345013;51,58333822;0
3777;1,2201E+19;12;0;72;240;2020;10;17;4;3;9;1;0;0;1;0;0;0;0;791987,5394;5802545,439;13,28249672;52,29549636;0
3778;1,22009E+19;12;0;60;100;2020;9;16;7;3;2;2;0;0;0;0;1;0;0;816075,7237;5874003,211;13,7028129;52,92245249;0
3779;1,12001E+19;11;0;12;12;2020;1;13;5;3;5;3;0;0;1;0;0;0;0;793276,0149;5836659,131;13,33128678;52,60063121;1
3780;1,22011E+19;12;0;63;252;2020;11;10;7;3;2;2;0;0;1;0;0;0;0;723279,858;5831573,156;12,29626227;52,58825781;0
3781;1,2201E+19;12;0;73;572;2020;10;22;5;3;8;1;2;0;1;0;0;0;1;804851,1903;5903064,665;13,56388255;53,18935571;1
3782;1,22011E+19;12;0;61;329;2020;11;15;3;2;8;1;0;0;1;0;0;0;0;837677,3722;5772994,083;13,92076085;52,00464137;1
3783;1,22009E+19;12;0;64;365;2020;9;14;6;2;9;1;0;0;1;0;0;0;0;852765,8836;5844971,565;14,21511412;52,63973712;0
3784;1,22012E+19;12;0;63;36;2020;12;18;5;2;6;7;2;0;1;1;0;0;0;768821,0198;5834825,799;12,96961698;52,59683324;1
3785;1,22009E+19;12;0;63;208;2020;9;10;4;3;0;7;0;1;0;0;0;0;1;762737,9263;5835994,014;12,88094346;52,61028503;1
3786;1,2201E+19;12;0;54;0;2020;10;15;4;3;0;5;0;0;1;0;0;0;1;775497,2742;5807457,301;13,04533295;52,34805955;0
3787;1,22011E+19;12;0;66;8;2020;11;18;5;3;8;2;2;0;1;0;0;0;0;852324,7582;5738911,253;14,09861131;51,69032427;0
3788;1,2201E+19;12;0;65;136;2020;10;14;4;3;6;2;0;0;1;1;0;0;0;784833,0455;5840268,792;13,21007611;52,63748337;1
3789;1,22012E+19;12;0;61;540;2020;12;11;2;3;2;6;0;0;1;0;0;0;0;813717,8071;5806239,806;13,60357232;52,31663478;0
3790;1,12001E+19;11;0;1;1;2020;1;17;4;3;0;5;2;1;1;0;0;0;0;800034,9887;5828061,909;13,42301478;52,51988474;1
3791;1,22009E+19;12;0;60;52;2020;9;7;3;3;5;3;0;1;1;0;0;0;0;825545,4502;5864190,728;13,83336571;52,82890548;0
3792;1,22009E+19;12;0;60;181;2020;9;0;7;2;9;1;2;0;1;0;0;0;0;808365,635;5841711,771;13,55810306;52,63756404;0
3793;1,22012E+19;12;0;54;0;2020;12;13;4;3;3;2;0;1;1;0;0;0;0;775708,2172;5812761,627;13,05278076;52,3955223;0
3794;1,2201E+19;12;0;54;0;2020;10;13;3;3;2;6;0;0;1;0;1;0;0;776569,9259;5812187,067;13,06493873;52,38993536;0
3795;1,22011E+19;12;0;65;136;2020;11;7;4;3;2;6;0;0;1;0;0;0;0;784085,3593;5841391,416;13,20002277;52,64794031;0
3796;1,22012E+19;12;0;67;144;2020;12;7;6;3;5;2;1;1;0;0;0;0;1;844731,2266;5812422,524;14,06316838;52,35342506;1
3797;1,22009E+19;12;0;67;493;2020;9;12;1;3;5;3;0;1;1;0;0;0;0;852488,2905;5780546,35;14,14344767;52,06307267;0
3798;1,2201E+19;12;0;61;332;2020;10;15;2;3;8;1;0;1;0;0;0;0;0;811309,6119;5799813,794;13,56242357;52,2604151;0
3799;1,22011E+19;12;0;65;256;2020;11;12;1;3;8;1;0;0;0;0;1;0;0;795258,039;5854189,038;13,37617215;52,75669282;0
3800;1,22009E+19;12;0;69;270;2020;9;14;4;2;5;3;0;0;1;0;0;0;1;734229,833;5822427,388;12,45115292;52,50158007;0
3801;1,22012E+19;12;0;67;426;2020;12;17;3;2;1;5;2;0;1;0;0;0;0;847065,4126;5797005,041;14,08144497;52,21388943;0
3802;1,22009E+19;12;0;61;435;2020;9;16;2;2;7;7;0;0;0;0;0;0;1;828291,2805;5771402,368;13,78298214;51,99600629;0
3803;1,2201E+19;12;0;63;208;2020;10;6;2;3;4;6;1;0;1;0;0;0;1;760684,1565;5834954,254;12,84986259;52,60194771;1
3804;1,22011E+19;12;0;61;260;2020;11;15;2;2;2;6;1;0;1;0;0;1;0;821483,4594;5807637,029;13,71844799;52,32466474;0
3805;1,2201E+19;12;0;65;256;2020;10;0;1;3;2;6;2;0;1;0;0;0;0;782037,5062;5849193,919;13,17651426;52,71896596;1
3806;1,2201E+19;12;0;68;320;2020;10;21;2;2;9;1;2;0;1;0;0;0;0;762913,3087;5871256,191;12,91181375;52,92646567;1
3807;1,12001E+19;11;0;1;1;2020;1;7;3;3;1;5;1;1;1;0;0;0;0;795973,3359;5831518,403;13,36640787;52,55308856;0
3808;1,22009E+19;12;0;65;198;2020;9;12;2;3;2;6;0;0;1;0;0;1;1;784778,863;5859309,702;13,22577567;52,80822281;0
3809;1,22009E+19;12;0;64;29;2020;9;0;7;3;0;7;2;1;0;0;0;0;0;824388,339;5832743,453;13,78528314;52,54788734;0
3810;1,22012E+19;12;0;69;17;2020;12;5;4;3;9;1;2;0;1;0;0;1;0;764346,4714;5789669,158;12,86807827;52,19398725;1
3811;1,2201E+19;12;0;71;32;2020;10;13;1;3;0;7;0;1;0;0;0;0;0;854930,0357;5756271,819;14,15387181;51,84414959;1
3812;1,22011E+19;12;0;65;136;2020;11;8;2;3;0;7;0;1;0;0;0;0;0;783992,9488;5841451,303;13,19871205;52,64852561;1
3813;1,22012E+19;12;0;67;144;2020;12;11;3;3;4;6;0;0;1;0;0;1;0;846846,9732;5814242,959;14,09599011;52,36839355;0
3814;1,22011E+19;12;0;73;572;2020;11;15;5;2;8;1;0;0;1;0;0;0;0;797439,3625;5899763,403;13,4502232;53,16396302;0
3815;1,22009E+19;12;0;54;0;2020;9;7;2;3;0;1;0;1;0;0;0;0;0;777098,2224;5814072,011;13,07424133;52,40657185;0
3816;1,22012E+19;12;0;61;450;2020;12;8;7;2;0;1;0;1;0;0;0;0;0;854994,0642;5775852,349;14,1749812;52,0194432;1
3817;1,22011E+19;12;0;60;5;2020;11;8;6;3;0;7;2;0;0;1;0;0;1;812789,8402;5834499,92;13,61645545;52,57040995;0
3818;1,2201E+19;12;0;67;201;2020;10;7;6;3;5;3;0;0;1;0;0;0;0;828039,9997;5818346,398;13,82478048;52,4167288;1
3819;1,22009E+19;12;0;67;336;2020;9;7;5;3;6;4;0;0;1;1;0;0;0;869458,2169;5801457,598;14,41262511;52,23919976;0
3820;1,2201E+19;12;0;62;224;2020;10;12;6;3;8;7;0;0;1;0;0;0;0;792780,1018;5737105,58;13,23820342;51,7083396;0
3821;1,22011E+19;12;0;64;380;2020;11;17;5;2;8;1;2;0;1;0;0;0;0;826360,192;5831450,408;13,81299009;52,5351262;1
3822;1,22009E+19;12;0;63;36;2020;9;13;6;3;5;3;0;0;1;0;0;0;0;771328,6997;5832870,419;13,00494787;52,57805172;0
3823;1,22009E+19;12;0;72;17;2020;9;15;6;2;2;6;0;0;1;0;1;1;0;801898,7308;5804303,153;13,42897306;52,30589871;0
3824;1,22009E+19;12;0;64;512;2020;9;20;7;3;7;7;2;0;0;0;1;0;0;846984,3001;5853824,528;14,13933917;52,7227295;0
3825;1,22012E+19;12;0;60;20;2020;12;13;7;3;5;3;0;1;1;0;0;0;0;810344,85;5846778,149;13,59202242;52,68183687;1
3826;1,2201E+19;12;0;64;448;2020;10;9;6;3;5;3;0;0;1;0;0;1;0;865157,9195;5833355,17;14,3846506;52,52757878;1
3827;1,2201E+19;12;0;60;269;2020;10;7;6;3;5;3;0;1;1;0;0;0;0;802071,93;5857875,174;13,48022916;52,78596558;1
3828;1,22011E+19;12;0;61;433;2020;11;17;6;3;2;6;2;0;1;0;0;0;0;810353,5235;5806343,494;13,55446964;52,31947504;0
3829;1,2201E+19;12;0;54;0;2020;10;17;5;3;6;4;1;1;0;1;0;0;0;775131,5599;5813541,942;13,04496802;52,4028101;0
3830;1,22012E+19;12;0;61;450;2020;12;12;3;2;8;1;0;0;1;0;0;0;0;858243,8845;5778448,695;14,2248603;52,04060294;0
3831;1,2201E+19;12;0;73;384;2020;10;14;4;3;5;3;0;1;1;0;0;0;0;788073,8025;5904697,319;13,31498472;53,21333556;0
3832;1,22009E+19;12;0;67;24;2020;9;21;7;1;8;1;2;0;1;0;0;0;0;844339,678;5806427,151;14,05130722;52,29997956;0
3833;1,12001E+19;11;0;3;3;2020;1;12;3;3;1;5;0;1;1;0;0;0;0;798188,6638;5835349,635;13,40242993;52,58622174;1
3834;1,22011E+19;12;0;63;80;2020;11;10;5;3;2;6;0;0;1;0;0;0;0;780956,2975;5830883,283;13,14497542;52,55534843;0
3835;1,22009E+19;12;0;68;468;2020;9;13;1;3;2;6;0;0;1;0;0;0;0;732784,8733;5889884,92;12,47792755;53,10752096;0
3836;1,2201E+19;12;0;69;665;2020;10;20;4;3;7;7;2;0;1;0;0;0;0;738350,1477;5781268,62;12,48259163;52,13044828;1
3837;1,22011E+19;12;0;68;117;2020;11;18;3;2;6;6;2;1;0;1;0;0;0;754735,9912;5857644,667;12,77979823;52,80830965;1
3838;1,22009E+19;12;0;61;433;2020;9;15;5;3;2;6;0;0;1;0;1;0;0;807839,795;5814401,58;13,52509109;52,39310946;0
3839;1,22012E+19;12;0;65;136;2020;12;14;5;2;0;7;0;1;0;0;0;0;0;785087,9526;5840241,122;13,2138089;52,63710152;0
3840;1,22009E+19;12;0;60;12;2020;9;22;4;3;7;7;2;0;1;0;0;0;0;822954,7442;5879599,328;13,81034559;52,96849309;0
3841;1,2201E+19;12;0;65;256;2020;10;12;4;3;3;6;0;0;1;0;0;0;1;786087,759;5853506,099;13,24007101;52,75550061;0
3842;1,22011E+19;12;0;61;260;2020;11;19;4;2;6;4;2;0;1;1;0;0;0;820201,6953;5804659,797;13,69687338;52,29873681;0
3843;1,2201E+19;12;0;60;280;2020;10;19;3;2;8;1;2;0;1;0;0;0;0;823325,9625;5844571,913;13,78122125;52,65448766;0
3844;1,22012E+19;12;0;72;477;2020;12;12;1;3;2;6;0;0;1;0;0;0;0;804267,6705;5794229,614;13,45453826;52,21429984;0
3845;1,12001E+19;11;0;7;7;2020;1;16;3;3;6;2;1;0;0;1;0;0;1;797710,9623;5818790,6;13,38058644;52,43805153;1
3846;1,22009E+19;12;0;68;320;2020;9;10;3;3;5;3;0;1;1;0;0;0;0;758824,083;5865363,107;12,84643181;52,87559434;0
3847;1,22009E+19;12;0;67;144;2020;9;20;7;2;0;7;2;1;0;0;0;0;0;844672,1599;5812518,065;14,06240254;52,35431777;0
3848;1,22012E+19;12;0;68;353;2020;12;14;4;2;8;1;0;0;1;0;0;0;0;759802,0172;5894388,957;12,88426252;53,13545258;2
3849;1,2201E+19;12;0;69;474;2020;10;14;2;1;5;3;0;0;1;0;0;0;0;750143,7725;5779289,417;12,65308676;52,10748008;1
3850;1,22012E+19;12;0;67;24;2020;12;14;4;3;5;3;0;1;1;0;0;0;0;845270,641;5805282,689;14,06373427;52,2891466;0
3851;1,2201E+19;12;0;61;260;2020;10;7;4;3;5;2;0;1;0;0;0;0;1;819957,9519;5812544,112;13,70081156;52,36952397;0
3852;1,22009E+19;12;0;68;320;2020;9;14;7;2;5;3;0;0;1;0;1;0;0;755322,519;5869094,421;12,7974482;52,910736;0
3853;1,12001E+19;11;0;10;10;2020;1;12;4;3;1;5;0;0;1;0;0;0;1;807986,6474;5828789,724;13,54051453;52,52197488;1
3854;1,22011E+19;12;0;66;320;2020;11;10;6;2;5;2;0;0;1;0;0;0;0;846313,635;5741439,819;14,01449361;51,71670979;0
3855;1,22009E+19;12;0;69;485;2020;9;17;7;3;8;1;0;0;1;0;0;0;0;750058,945;5773236,568;12,64741524;52,05320873;1
3856;1,2201E+19;12;0;64;317;2020;10;11;5;3;2;6;0;1;1;0;0;0;0;845488,1015;5827935,193;14,09025313;52,49186397;0
3857;1,22011E+19;12;0;64;44;2020;11;14;3;3;1;5;0;0;1;0;0;0;0;840529,4188;5859479,425;14,05000761;52,77746676;0
3858;1,22009E+19;12;0;65;256;2020;9;13;6;3;2;2;0;0;1;0;0;0;0;791308,0749;5855088,135;13,31860874;52,7668952;0