OBJECTID;UIDENTSTLAE;ULAND;UREGBEZ;UKREIS;UGEMEINDE;UJAHR;UMONAT;USTUNDE;UWOCHENTAG;UKATEGORIE;UART;UTYP1;ULICHTVERH;IstRad;IstPKW;IstFuss;IstKrad;IstGkfz;IstSonstige;LINREFX;LINREFY;XGCSWGS84;YGCSWGS84;STRZUSTAND
3859;1,22012E+19;12;0;61;316;2020;12;10;5;3;5;3;0;0;1;0;0;0;0;837745,7283;5765995,218;13,91487186;51,94190495;0
3860;1,22009E+19;12;0;61;217;2020;9;7;4;3;5;2;1;0;1;0;0;0;1;827272,326;5801709,503;13,79733659;52,26814164;0
3861;1,2201E+19;12;0;64;370;2020;10;17;4;3;2;6;1;1;0;0;0;0;1;835039,6201;5840011,291;13,94912465;52,60653762;0
3862;1,22011E+19;12;0;72;477;2020;11;12;4;3;6;3;0;0;0;1;0;0;1;803253,542;5794633,683;13,44010145;52,2184805;0
3863;1,2201E+19;12;0;54;0;2020;10;16;3;3;8;1;0;0;0;0;1;0;0;780447,2123;5810478,717;13,12033832;52,37264528;0
3864;1,22012E+19;12;0;67;144;2020;12;8;2;3;8;7;0;0;1;0;0;0;0;842824,7253;5813831,063;14,03672247;52,36723394;1
3865;1,12001E+19;11;0;1;1;2020;1;18;3;3;0;1;2;0;1;0;1;0;0;797119,5843;5826744,285;13,37899741;52,50967;1
3866;1,22009E+19;12;0;64;44;2020;9;23;3;2;9;1;2;0;0;0;0;0;1;837017,2198;5858214,726;13,99683879;52,76834249;0
3867;1,22009E+19;12;0;72;477;2020;9;17;6;3;1;3;0;1;1;0;0;0;0;805905,3855;5788606,505;13,47336429;52,16299245;0
3868;1,22012E+19;12;0;61;444;2020;12;9;4;3;5;3;0;0;1;0;0;0;0;812861,8351;5808638,175;13,59328564;52,33861608;2
3869;1,2201E+19;12;0;67;36;2020;10;11;3;3;2;2;0;0;1;0;0;0;0;857301,2467;5792550,394;14,22595188;52,16747016;0
3870;1,22009E+19;12;0;65;225;2020;9;15;5;3;5;3;0;1;1;0;0;0;0;795888,1461;5845175,558;13,37737087;52,67555544;0
3871;1,22011E+19;12;0;51;0;2020;11;15;3;3;2;6;0;0;1;0;0;1;0;740052,1025;5814145,871;12,5308056;52,42473805;0
3872;1,22012E+19;12;0;69;696;2020;12;6;5;3;5;3;2;0;1;0;0;0;0;724467,263;5796352,691;12,29011137;52,27165258;0
3873;1,2201E+19;12;0;65;144;2020;10;16;2;3;3;2;0;1;1;0;0;0;0;789381,622;5845470,141;13,28166781;52,68170781;0
3874;1,22011E+19;12;0;60;280;2020;11;14;7;3;5;3;0;1;1;0;0;0;0;816341,574;5840488,088;13,67440663;52,62201258;0
3875;1,22009E+19;12;0;52;0;2020;9;8;4;2;4;6;0;0;1;0;0;0;0;864198,2469;5750300,235;14,2815724;51,78472362;0
3876;1,22012E+19;12;0;72;240;2020;12;17;2;3;9;1;2;0;1;0;0;0;0;792277,8063;5803873,261;13,28789291;52,30724645;0
3877;1,22009E+19;12;0;60;52;2020;9;16;2;2;6;4;0;0;1;1;0;0;0;824556,667;5864918,124;13,81946477;52,8360173;0
3878;1,22011E+19;12;0;67;292;2020;11;11;2;2;4;6;0;0;1;0;0;1;1;886372,245;5788758,614;14,64469348;52,11398589;0
3879;1,2201E+19;12;0;73;572;2020;10;4;7;3;7;7;2;0;1;0;0;0;0;792146,2732;5897452,229;13,36917577;53,14617664;0
3880;1,22009E+19;12;0;65;144;2020;9;6;5;3;8;1;1;0;0;0;1;0;0;789050,7867;5844189,613;13,27566462;52,67040453;0
3881;1,2201E+19;12;0;66;292;2020;10;17;1;1;4;6;1;0;0;0;1;0;1;843186,0936;5713954,317;13,94252905;51,47241733;0
3882;1,12001E+19;11;0;4;4;2020;1;17;2;3;3;6;2;0;1;0;0;1;0;790764,2708;5826359,639;13,2852835;52,50964634;0
3883;1,22009E+19;12;0;54;0;2020;9;11;1;3;2;6;0;0;1;0;0;0;0;778295,9647;5811891,302;13,08999202;52,386409;0
3884;1,22009E+19;12;0;72;120;2020;9;14;6;3;0;2;0;1;0;0;1;0;0;793855,5826;5809073,844;13,3155122;52,35302801;0
3885;1,22012E+19;12;0;72;17;2020;12;17;3;2;8;1;2;0;1;0;0;0;0;801841,0716;5806419,217;13,43002707;52,32489794;0
3886;1,2201E+19;12;0;60;269;2020;10;16;1;3;6;6;0;1;0;1;0;0;0;802813,434;5852694,31;13,48640617;52,73911849;0
3887;1,22011E+19;12;0;52;0;2020;11;13;1;3;2;6;0;0;1;0;0;0;0;867538,049;5749033,902;14,32844173;51,77120524;1
3888;1,22011E+19;12;0;69;616;2020;11;8;2;3;5;3;0;1;1;0;0;0;0;788722,4835;5813519,259;13,24418039;52,39561014;0
3889;1,22011E+19;12;0;64;44;2020;11;9;5;3;5;3;0;0;1;0;0;0;0;840275,7457;5859623,477;14,04641116;52,77891651;0
3890;1,22009E+19;12;0;69;616;2020;9;17;6;3;4;2;0;0;1;0;0;0;0;790318,876;5813962,85;13,26796106;52,39874331;0
3891;1,12001E+19;11;0;10;10;2020;1;6;6;2;0;1;2;0;0;0;1;0;0;808088,4889;5827457,435;13,54077723;52,5099775;2
3892;1,22012E+19;12;0;61;433;2020;12;16;6;2;2;6;1;0;0;0;0;1;1;810301,7652;5806788,369;13,55412284;52,32349127;0
3893;1,2201E+19;12;0;68;181;2020;10;12;6;3;1;7;0;0;1;0;0;0;1;731490,0986;5892194,598;12,46028729;53,1288085;0
3894;1,22009E+19;12;0;69;656;2020;9;19;6;3;8;1;1;0;1;0;0;0;0;764190,3241;5815533,218;12,8860924;52,42606009;0
3895;1,22009E+19;12;0;65;100;2020;9;14;5;2;6;3;0;0;1;1;0;0;0;777766,4545;5881201,926;13,14072525;53,00816777;0
3896;1,2201E+19;12;0;64;44;2020;10;14;6;3;9;1;0;0;0;0;1;0;0;845296,7955;5871642,751;14,13325662;52,88334857;0
3897;1,22011E+19;12;0;63;56;2020;11;5;4;3;4;2;2;0;1;0;0;0;1;778788,445;5827976,918;13,11064343;52,53040129;1
3898;1,22009E+19;12;0;61;433;2020;9;3;6;3;5;2;2;0;1;0;0;0;0;804044,0028;5811287,659;13,46665722;52,36731919;0
3899;1,22009E+19;12;0;54;0;2020;9;7;6;3;6;7;0;1;0;1;0;0;0;775883,6818;5812724,542;13,05532246;52,39510137;0
3900;1,22012E+19;12;0;67;481;2020;12;22;7;3;8;1;2;0;1;0;0;0;0;832756,3977;5802433,908;13,87812593;52,27134258;2
3901;1,2201E+19;12;0;68;324;2020;10;15;6;3;5;3;0;1;1;0;0;0;0;731074,1226;5862142,578;12,43260643;52,85932622;0
3902;1,2201E+19;12;0;53;0;2020;10;10;6;2;9;6;0;0;1;0;0;1;0;878961,8848;5806630,14;14,55695599;52,27903248;1
3903;1,22011E+19;12;0;64;340;2020;11;7;6;3;4;6;1;0;1;0;0;1;0;854155,1205;5836536,587;14,22653816;52,5633184;0
3904;1,2201E+19;12;0;61;332;2020;10;8;5;3;9;1;0;0;1;0;0;0;0;812836,2964;5801658,42;13,58642976;52,27608065;1
3905;1,22012E+19;12;0;71;372;2020;12;18;3;3;5;3;2;1;1;0;0;0;0;872364,804;5726692,865;14,3742986;51,56802782;0
3906;1,2201E+19;12;0;60;181;2020;10;18;4;3;5;3;1;0;1;0;1;0;0;805793,5665;5840853,689;13,51941917;52,6313284;1
3907;1,22009E+19;12;0;66;176;2020;9;7;6;3;8;1;0;0;1;0;0;0;0;834935,0366;5718223,09;13,82820529;51,51560581;0
3908;1,12001E+19;11;0;4;4;2020;1;19;1;3;5;3;2;0;1;0;0;1;0;790519,1768;5825545,669;13,28097194;52,50247963;0
3909;1,22011E+19;12;0;61;332;2020;11;12;5;3;2;6;0;0;1;0;0;0;0;812948,6173;5790189,382;13,57746684;52,17323304;0
3910;1,22009E+19;12;0;69;448;2020;9;17;7;3;9;1;0;0;1;0;0;0;0;754473,6626;5780067,195;12,7167585;52,11248392;1
3911;1,2201E+19;12;0;70;149;2020;10;15;4;3;2;2;0;0;1;0;0;0;1;720054,1332;5880654,232;12,2817652;53,03008091;1
3912;1,22011E+19;12;0;61;260;2020;11;8;2;2;2;6;0;0;1;0;0;0;1;821833,7462;5807641,235;13,72357427;52,32449728;0
3913;1,22009E+19;12;0;60;52;2020;9;12;5;3;2;6;0;0;1;0;0;0;0;822851,3813;5864727,264;13,79405052;52,83533127;0
3914;1,22012E+19;12;0;61;316;2020;12;7;4;3;2;6;0;0;1;0;0;0;0;834676,1792;5766437,495;13,87080912;51,94772052;0
3915;1,22009E+19;12;0;69;304;2020;9;12;3;2;2;6;0;0;1;0;1;0;0;784608,7758;5813724,409;13,18405999;52,39960266;0
3916;1,2201E+19;12;0;66;176;2020;10;12;3;3;5;3;0;0;1;0;0;1;0;829192,3059;5712169,468;13,740088;51,464733;0
3917;1,22011E+19;12;0;67;481;2020;11;12;4;3;4;6;0;0;1;0;0;0;0;836331,2726;5800706,077;13,92860319;52,25369277;0
3918;1,2201E+19;12;0;69;402;2020;10;17;2;2;3;6;0;0;1;0;0;1;0;756368,7306;5781750,989;12,74564134;52,12671527;0
3919;1,22012E+19;12;0;64;428;2020;12;18;1;3;1;7;2;0;1;0;0;0;0;833406,6437;5825686,469;13,91072511;52,47923399;0
3920;1,12001E+19;11;0;4;4;2020;1;15;6;3;2;6;0;0;1;0;0;1;0;792209,9302;5823675,634;13,3041698;52,48481229;0
3921;1,22009E+19;12;0;63;80;2020;9;9;2;3;2;6;0;0;1;0;0;0;0;779742,2696;5831369,277;13,12752503;52,56033121;0
3922;1,22009E+19;12;0;66;41;2020;9;15;6;3;5;3;0;0;1;0;1;0;0;839723,908;5734836,068;13,91303484;51,66157824;0
3923;1,22012E+19;12;0;65;225;2020;12;11;3;3;5;3;0;0;1;0;0;0;0;796181,7603;5840762,402;13,37773986;52,63583704;1
3924;1,2201E+19;12;0;61;540;2020;10;8;2;3;5;3;0;0;1;0;0;0;0;814055,8802;5806474,884;13,6087352;52,31854824;0
3925;1,22011E+19;12;0;60;5;2020;11;13;3;3;0;3;0;0;1;0;1;0;0;812664,4696;5838485,401;13,61837253;52,60619533;0
3926;1,22012E+19;12;0;67;120;2020;12;17;5;3;2;2;2;0;1;0;0;0;0;885405,526;5791940,221;14,6342451;52,1431266;2
3927;1,2201E+19;12;0;61;192;2020;10;13;7;2;8;1;0;0;1;0;0;0;0;816766,6467;5790163,549;13,63309215;52,17082459;0
3928;1,22011E+19;12;0;60;176;2020;11;23;6;3;8;1;2;0;1;0;0;0;0;840189,6796;5872902,656;14,05897494;52,89788205;0
3929;1,22009E+19;12;0;69;656;2020;9;19;3;3;4;2;1;1;1;0;0;0;0;766720,4293;5809511,795;12,91842032;52,37082458;0
3930;1,22012E+19;12;0;73;157;2020;12;9;2;3;9;1;0;0;1;0;0;0;0;824144,4122;5900180,504;13,84869992;53,15212719;0
3931;1,22009E+19;12;0;68;306;2020;9;7;2;3;2;6;0;0;1;0;0;0;0;746987,1523;5866451,184;12,67174998;52,89091768;1
3932;1,22011E+19;12;0;69;590;2020;11;19;7;3;8;1;2;0;1;0;0;0;0;764508,9502;5802413,191;12,88042652;52,30822328;0
3933;1,2201E+19;12;0;65;165;2020;10;1;7;3;0;7;2;0;0;0;0;0;1;770824,133;5859224,219;13,01920305;52,81464087;0
3934;1,22009E+19;12;0;72;120;2020;9;16;4;3;5;3;0;1;1;0;0;0;0;793785,1814;5810726,15;13,31592719;52,36787847;0
3935;1,2201E+19;12;0;64;222;2020;10;11;1;3;4;6;0;0;1;0;1;0;0;837239,5754;5853432,318;13,99520922;52,72537445;0
3936;1,22009E+19;12;0;70;244;2020;9;10;1;3;5;3;0;0;1;0;0;0;0;674527,4603;5893277,191;11,61053008;53,16022281;0
3937;1,22009E+19;12;0;66;304;2020;9;19;6;2;9;1;1;0;1;0;0;0;0;843147,2282;5716375,911;13,94432276;51,4941342;0
3938;1,22012E+19;12;0;72;169;2020;12;7;2;2;2;2;2;0;1;0;0;0;1;781280,589;5770609,943;13,09947097;52,014697;1
3939;1,2201E+19;12;0;61;217;2020;10;9;7;2;3;2;0;0;1;0;0;0;0;820271,819;5794991,522;13,68873396;52,21206442;0
3940;1,2201E+19;12;0;69;17;2020;10;13;7;2;8;6;0;0;0;0;1;0;0;776732,255;5792991,586;13,05154875;52,21770992;1
3941;1,22011E+19;12;0;69;590;2020;11;12;1;3;2;6;0;0;1;0;0;0;1;767165,4484;5800579,966;12,91784619;52,29049487;1
3942;1,22011E+19;12;0;60;24;2020;11;10;4;3;5;3;0;0;1;0;0;0;0;813252,045;5856339,186;13,64399755;52,76583552;0
3943;1,12001E+19;11;0;2;2;2020;1;22;4;3;5;3;2;0;1;0;0;0;0;802148,0354;5827738,762;13,45376921;52,51582173;0
3944;1,22012E+19;12;0;60;280;2020;12;17;5;3;0;1;2;1;0;0;0;0;0;820554,5815;5841542,133;13,73745195;52,62898712;0
3945;1,22011E+19;12;0;62;232;2020;11;11;3;3;6;6;0;0;1;1;0;0;0;821236,21;5702929,868;13,61756085;51,38649133;0
3946;1,22012E+19;12;0;52;0;2020;12;17;5;3;2;1;2;0;1;0;0;0;0;866479,8996;5747245,602;14,31128782;51,75588826;1
3947;1,2201E+19;12;0;64;380;2020;10;15;1;3;0;1;0;0;0;0;1;0;0;826381,351;5831710,589;13,81355642;52,53744434;1
3948;1,22011E+19;12;0;63;357;2020;11;16;6;2;2;6;2;1;1;0;0;0;0;769190,6331;5826074,951;12,96796261;52,51816844;0
3949;1,22009E+19;12;0;67;144;2020;9;19;4;2;2;6;2;0;1;0;1;0;0;847326,9608;5811952,366;14,10064351;52,34757807;0
3950;1,22012E+19;12;0;61;433;2020;12;17;2;3;2;6;2;0;1;0;0;0;0;813160,3176;5806110,506;13,59529987;52,31579413;1
3951;1,22009E+19;12;0;67;144;2020;9;8;2;3;5;2;0;1;1;0;0;0;0;845028,9956;5812327,005;14,06742518;52,35238252;0
3952;1,22011E+19;12;0;63;56;2020;11;22;1;3;3;6;2;0;1;0;0;0;1;779346,8986;5827853,791;13,11875108;52,5290113;1
3953;1,2201E+19;12;0;64;512;2020;10;3;7;2;9;7;2;0;1;0;0;0;0;844032,0566;5850091,661;14,09189861;52,69118793;1
3954;1,22009E+19;12;0;63;208;2020;9;7;4;3;2;6;0;0;1;0;0;0;0;763293,8869;5834375,675;12,88784769;52,59550057;0
3955;1,2201E+19;12;0;60;269;2020;10;13;1;3;7;7;0;0;1;0;0;0;0;809322,1372;5855828,951;13,58545945;52,7635265;0
3956;1,12001E+19;11;0;4;4;2020;1;15;7;3;5;7;0;0;1;0;0;0;0;792127,1536;5826660,657;13,3055724;52,51161677;0
3957;1,22009E+19;12;0;60;269;2020;9;19;1;3;2;6;1;0;1;0;0;0;0;800922,1459;5852992,507;13,45875131;52,74284634;0
3958;1,22009E+19;12;0;61;308;2020;9;19;6;3;0;3;1;0;1;0;1;0;0;864186,6541;5773227,311;14,30558664;51,98999152;0
3959;1,22012E+19;12;0;64;472;2020;12;17;3;2;6;2;2;0;1;1;0;0;0;831667,472;5836102,325;13,89559803;52,57359174;1
3960;1,2201E+19;12;0;63;244;2020;10;17;7;3;2;6;0;0;1;0;1;0;0;726658,2218;5825197,276;12,34168946;52,52963811;0
3961;1,2201E+19;12;0;69;397;2020;10;19;7;2;9;6;2;0;1;0;0;0;0;776202,5351;5802253,573;13,05138884;52,30103818;1
3962;1,22011E+19;12;0;60;5;2020;11;7;2;3;0;7;2;0;0;0;0;0;1;811507,9667;5837251,92;13,60018927;52,59580593;0
3963;1,22011E+19;12;0;54;0;2020;11;12;4;3;5;3;0;0;1;0;0;0;0;777115,988;5812418,059;13,07313359;52,39173086;0
3964;1,22009E+19;12;0;61;329;2020;9;18;6;3;2;2;1;0;0;0;1;0;1;848476,5071;5775765,535;14,08028967;52,02279401;0
3965;1,12001E+19;11;0;4;4;2020;1;18;5;3;3;6;0;0;1;0;0;0;1;790590,2974;5826406,083;13,28276782;52,51015542;0
3966;1,22012E+19;12;0;65;225;2020;12;9;6;3;2;6;0;0;1;0;0;0;0;795219,2825;5841034,238;13,36380176;52,63879785;0
3967;1,2201E+19;12;0;72;426;2020;10;17;5;2;8;1;0;0;1;0;0;0;0;788122,1623;5799332,025;13,22322763;52,26872431;1
3968;1,22009E+19;12;0;61;316;2020;9;12;6;3;0;7;0;1;0;0;0;0;0;835920,3311;5766193,216;13,88860669;51,94478288;0
3969;1,22009E+19;12;0;69;656;2020;9;13;4;3;2;6;0;0;1;0;0;0;0;766160,2807;5808019,455;12,90902855;52,35771137;0
3970;1,22011E+19;12;0;66;196;2020;11;5;2;3;8;7;2;0;0;0;0;0;1;836631,6943;5758431,505;13,89134031;51,87482174;0
3971;1,2201E+19;12;0;68;181;2020;10;17;6;3;2;2;1;0;1;0;0;0;0;729946,597;5900940,845;12,44354519;53,20795594;1
3972;1,22011E+19;12;0;61;433;2020;11;22;4;3;2;6;2;0;1;0;0;0;1;807629,6291;5814488,181;13,52209169;52,39400366;1
3973;1,22009E+19;12;0;61;540;2020;9;5;6;3;5;3;2;1;1;0;0;0;0;815826,952;5805613,172;13,63382531;52,309811;0
3974;1,22009E+19;12;0;62;461;2020;9;17;6;2;4;1;0;0;1;0;1;0;0;795630,293;5748926,886;13,2893887;51,81283785;0
3975;1,22012E+19;12;0;70;316;2020;12;7;7;3;0;1;2;1;0;0;0;0;0;715394,9877;5893877,136;12,22126126;53,15065339;2
3976;1,2201E+19;12;0;71;301;2020;10;7;5;3;4;6;1;0;1;0;0;0;0;877398,3868;5742424,766;14,46354068;51,70549733;0
3977;1,2201E+19;12;0;65;165;2020;10;20;6;3;9;1;2;0;0;0;0;0;1;769889,3787;5849891,011;12,9976804;52,73141058;1
3978;1,22011E+19;12;0;65;84;2020;11;16;6;3;2;7;2;0;1;0;0;0;0;774973,168;5897476,79;13,11311186;53,15553255;1
3979;1,2201E+19;12;0;60;269;2020;10;15;5;3;2;6;0;0;1;0;0;0;1;801136,493;5842905,501;13,45268943;52,65232049;0
3980;1,22012E+19;12;0;73;532;2020;12;16;3;3;5;2;2;0;1;0;0;0;0;854333,294;5891555,906;14,28875596;53,05572703;0
3981;1,2201E+19;12;0;64;428;2020;10;16;4;3;2;6;0;0;1;0;0;0;0;823194,9033;5824381,689;13,75962536;52,47368278;1
3982;1,22009E+19;12;0;62;224;2020;9;12;6;2;9;1;0;0;0;0;1;0;0;788392,5169;5729677,747;13,16874187;51,64400098;0
3983;1,12001E+19;11;0;3;3;2020;1;13;6;3;5;2;0;1;1;0;0;0;0;797167,5465;5838892,976;13,39058326;52,61854174;1
3984;1,22011E+19;12;0;65;198;2020;11;10;5;3;5;2;0;0;1;0;0;0;0;788056,4666;5869221,986;13,28301792;52,89534281;0
3985;1,22012E+19;12;0;65;310;2020;12;18;7;2;8;1;2;0;1;0;0;0;0;771080,3951;5891164,104;13,04970974;53,1009228;1
3986;1,22009E+19;12;0;69;656;2020;9;17;7;3;9;1;1;0;1;0;0;0;0;761093,6739;5808593,794;12,83524589;52,36529897;1
3987;1,2201E+19;12;0;60;52;2020;10;11;3;3;3;6;0;0;1;0;0;0;1;825505,897;5864198,147;13,83278813;52,82899581;0
3988;1,22011E+19;12;0;62;500;2020;11;16;2;2;8;1;2;0;1;0;0;0;0;795374,4511;5729669,439;13,26936123;51,64030481;0
3989;1,22009E+19;12;0;65;36;2020;9;7;5;3;2;6;0;0;1;0;0;0;0;788342,6942;5847458,973;13,26808389;52,70009117;0
3990;1,22012E+19;12;0;63;202;2020;12;17;3;1;9;1;2;0;1;0;0;0;0;745124,4144;5841747,131;12,62562864;52,67013324;0
3991;1,22009E+19;12;0;66;196;2020;9;15;3;3;8;1;0;0;1;0;0;0;0;844813,4474;5753454,476;14,00477933;51,8252495;0
3992;1,2201E+19;12;0;60;52;2020;10;11;3;3;8;6;0;1;1;0;0;0;0;824900,322;5864449,252;13,82408168;52,83161028;0
3993;1,22011E+19;12;0;62;24;2020;11;8;3;3;0;3;0;1;1;0;0;0;0;804853,1078;5716326,222;13,3943636;51,51562736;0
3994;1,2201E+19;12;0;69;616;2020;10;10;2;3;5;3;0;1;0;0;0;0;1;789150,9042;5811899,538;13,24906219;52,38086234;0
3995;1,22012E+19;12;0;69;485;2020;12;5;7;3;8;1;2;0;0;0;0;1;0;744785,3435;5768080,202;12,56696804;52,00929197;1
3996;1,12001E+19;11;0;9;9;2020;1;12;5;3;2;6;0;0;1;0;0;0;1;806703,7493;5818241,336;13,51196554;52,42816033;0
3997;1,22009E+19;12;0;61;260;2020;9;9;2;1;2;6;0;0;1;0;0;1;0;820924,501;5807528,688;13,71017087;52,3240209;0
3998;1,22009E+19;12;0;71;372;2020;9;11;6;3;0;7;0;1;0;0;0;0;0;872833,69;5725232,115;14,37948623;51,5546417;0
3999;1,22012E+19;12;0;69;20;2020;12;21;1;2;9;1;2;0;1;0;0;0;0;748906,3259;5781231,126;12,63647392;52,12546043;0
4000;1,2201E+19;12;0;60;269;2020;10;13;2;3;5;3;0;0;1;0;0;0;0;800088,3523;5845832,99;13,43990572;52,67913998;0
4001;1,22011E+19;12;0;65;251;2020;11;17;3;3;1;7;1;0;1;0;0;1;0;777550,3141;5847650,087;13,10895088;52,70744197;0
4002;1,22012E+19;12;0;52;0;2020;12;21;4;3;3;6;0;0;1;0;0;0;0;869648,5367;5748682,191;14,35852108;51,7666685;0
4003;1,2201E+19;12;0;71;372;2020;10;5;7;3;4;1;2;0;1;0;0;0;0;871641,0445;5726278,805;14,36346452;51,56479809;1
4004;1,22011E+19;12;0;65;100;2020;11;8;6;3;8;7;0;0;1;0;0;0;0;779991,9907;5881788,669;13,17431446;53,01226983;0
4005;1,22009E+19;12;0;52;0;2020;9;15;3;3;5;2;0;1;0;0;1;0;0;868273,4607;5747589,731;14,33752435;51,75779377;0
4006;1,22012E+19;12;0;65;225;2020;12;15;2;3;2;6;1;0;1;0;0;0;0;796214,7731;5851277,191;13,38767984;52,73006938;0
4007;1,22011E+19;12;0;64;482;2020;11;0;7;3;9;1;2;0;1;0;0;0;0;860866,5639;5831194,61;14,31932506;52,51109539;1
4008;1,2201E+19;12;0;54;0;2020;10;8;6;3;3;2;0;1;1;0;0;0;0;775714,1778;5813939,297;13,05383754;52,40608045;0
4009;1,22009E+19;12;0;69;656;2020;9;13;4;3;4;2;0;0;1;0;0;0;1;766231,5545;5809465,299;12,91121949;52,37064519;0
4010;1,2201E+19;12;0;61;433;2020;10;11;7;2;2;6;0;0;1;0;0;0;0;809382,5807;5806175,148;13,54011481;52,31851402;0
4011;1,22009E+19;12;0;54;0;2020;9;15;6;3;3;2;0;0;1;0;0;0;1;773879,1271;5811637,818;13,02504786;52,38636151;0
4012;1,22009E+19;12;0;61;329;2020;9;10;7;3;5;2;0;0;1;0;0;0;0;848473,757;5775762,601;14,08024677;52,02276946;0
4013;1,22009E+19;12;0;71;244;2020;9;14;6;3;2;6;0;0;1;0;0;0;0;853073,016;5747708,823;14,11830748;51,76864169;0
4014;1,22012E+19;12;0;70;125;2020;12;18;2;3;2;6;2;0;1;0;0;0;1;706156,6228;5892245,016;12,08227388;53,1396576;0
4015;1,2201E+19;12;0;60;280;2020;10;13;7;3;3;2;0;0;1;0;1;0;0;819150,2887;5848790,344;13,72378659;52,69475377;0
4016;1,2201E+19;12;0;60;52;2020;10;6;7;2;8;1;1;0;1;0;0;0;0;824829,03;5866551,213;13,82511875;52,85048217;1
4017;1,22011E+19;12;0;70;325;2020;11;17;1;2;9;1;2;0;0;0;0;0;1;702334,3259;5899035,242;12,02950844;53,20207537;1
4018;1,2201E+19;12;0;61;20;2020;10;12;6;3;5;2;0;1;1;0;0;0;0;816464,5896;5798151,02;13,63614983;52,24257545;0
4019;1,22011E+19;12;0;72;477;2020;11;11;3;3;5;2;0;0;1;0;0;0;0;800161,2455;5795209,894;13,39548143;52,22533822;0
4020;1,12001E+19;11;0;4;4;2020;1;5;3;3;2;6;2;0;1;0;0;0;0;791154,8865;5829495,492;13,29376824;52,53755066;0
4021;1,22012E+19;12;0;72;17;2020;12;10;4;3;5;3;0;0;1;0;0;0;0;799670,9164;5806969,523;13,39876874;52,3310194;0
4022;1,2201E+19;12;0;70;296;2020;10;13;5;3;5;2;0;0;1;0;0;0;0;690462,0844;5886159,738;11,84434171;53,0908623;1
4023;1,22009E+19;12;0;52;0;2020;9;13;6;3;1;5;0;1;1;0;0;0;0;868791,4329;5747729,448;14,34514443;51,75870404;0
4024;1,12001E+19;11;0;5;5;2020;1;15;5;3;2;6;0;0;1;0;0;0;0;781786,9022;5824489,172;13,15177549;52,49758644;1
4025;1,22009E+19;12;0;69;397;2020;9;17;4;3;0;1;0;0;0;0;1;0;0;774878,1507;5802192,516;13,03196499;52,30115464;0
4026;1,22011E+19;12;0;60;280;2020;11;11;1;3;2;2;0;0;1;0;1;0;0;827365,1129;5845422,656;13,84156399;52,65968744;0
4027;1,2201E+19;12;0;62;469;2020;10;14;5;3;9;7;0;0;1;0;0;0;0;821458,1505;5737588,331;13,65237463;51,69698215;0
4028;1,22011E+19;12;0;69;397;2020;11;17;3;3;5;3;2;0;1;0;0;0;0;774915,3512;5802195,165;13,03251135;52,30115978;0
4029;1,22009E+19;12;0;64;336;2020;9;13;6;3;3;2;0;1;1;0;0;0;0;817291,7621;5829491,273;13,6778755;52,52292666;0
4030;1,22012E+19;12;0;67;72;2020;12;13;6;3;5;2;0;0;1;0;0;0;0;859183,0159;5810818,813;14,27275752;52,32980046;0
4031;1,2201E+19;12;0;65;84;2020;10;12;5;3;0;7;0;1;0;0;0;0;0;776890,1887;5900377,199;13,14421425;53,18054408;0
4032;1,2201E+19;12;0;69;89;2020;10;1;4;1;2;6;2;0;0;0;0;1;0;728451,1126;5795873,054;12,34807251;52,26570757;0
4033;1,22011E+19;12;0;61;433;2020;11;6;5;3;9;1;2;0;1;0;0;0;0;802470,7818;5810799,271;13,44318083;52,36381168;2
4034;1,2201E+19;12;0;60;269;2020;10;11;4;3;5;3;0;1;1;0;0;0;0;801527,4033;5853935,564;13,46855604;52,75096144;1
4035;1,22012E+19;12;0;54;0;2020;12;7;2;3;4;2;2;1;1;0;0;0;0;775751,201;5814207,31;13,05460115;52,4084653;1
4036;1,12001E+19;11;0;7;7;2020;1;14;4;2;2;6;0;0;1;0;0;0;0;796528,5854;5822533,066;13,36656709;52,47224193;0
4037;1,22009E+19;12;0;60;5;2020;9;12;6;3;5;3;0;1;1;0;0;0;0;811326,8056;5831979,831;13,59257427;52,54866564;0
4038;1,22012E+19;12;0;68;426;2020;12;18;5;2;8;1;2;0;1;0;0;0;0;747578,824;5864594,94;12,67911438;52,87399324;1
4039;1,2201E+19;12;0;72;120;2020;10;7;3;3;3;6;0;0;1;0;0;1;0;791656,1784;5808794,431;13,28306782;52,35169675;0
4040;1,22011E+19;12;0;60;280;2020;11;13;4;3;2;6;0;0;0;0;1;0;1;823232,8358;5844491,706;13,7797708;52,65382458;0
4041;1,22012E+19;12;0;64;340;2020;12;7;6;3;6;4;2;0;1;1;0;0;0;854479,658;5840285,539;14,23531383;52,59666998;0