OBJECTID;UIDENTSTLAE;ULAND;UREGBEZ;UKREIS;UGEMEINDE;UJAHR;UMONAT;USTUNDE;UWOCHENTAG;UKATEGORIE;UART;UTYP1;ULICHTVERH;IstRad;IstPKW;IstFuss;IstKrad;IstGkfz;IstSonstige;LINREFX;LINREFY;XGCSWGS84;YGCSWGS84;STRZUSTAND
4042;1,2201E+19;12;0;63;208;2020;10;15;2;3;2;6;0;0;1;0;0;0;0;766064,8633;5844226,493;12,93659575;52,68250175;0
4043;1,22011E+19;12;0;69;604;2020;11;11;1;3;1;5;0;1;1;0;0;0;0;785631,2722;5807125,927;13,1934317;52,33990657;0
4044;1,2201E+19;12;0;66;176;2020;10;15;5;2;4;6;0;0;1;0;0;0;0;829184,405;5711640,751;13,73948275;51,45999976;0
4045;1,22009E+19;12;0;60;20;2020;9;8;6;3;2;6;0;0;1;0;0;0;0;810781,6771;5847273,43;13,59893048;52,68602485;0
4046;1,12001E+19;11;0;7;7;2020;1;7;6;3;5;3;2;1;1;0;0;0;0;796302,5404;5815089,353;13,35664989;52,40563733;1
4047;1,22009E+19;12;0;51;0;2020;9;20;4;3;7;7;2;0;0;0;1;0;0;732427,6884;5812242,229;12,41755959;52,41094698;0
4048;1,22011E+19;12;0;67;124;2020;11;7;2;3;6;4;0;0;1;1;0;0;0;823073,5411;5818828,379;13,75247444;52,42400081;1
4049;1,2201E+19;12;0;69;454;2020;10;10;5;3;3;2;0;0;1;0;0;0;0;783388,5743;5806722,428;13,16026042;52,33745115;0
4050;1,22011E+19;12;0;67;144;2020;11;18;4;3;4;6;2;1;0;0;0;0;0;844687,1187;5812641,56;14,06274802;52,35541431;0
4051;1,22009E+19;12;0;73;452;2020;9;10;6;3;6;4;0;0;0;1;0;1;0;823424,5224;5918095,303;13,85614037;53,31302552;0
4052;1,22012E+19;12;0;54;0;2020;12;14;6;3;3;7;0;1;0;0;0;0;0;775789,6008;5812737,062;13,05395359;52,39526103;0
4053;1,2201E+19;12;0;67;144;2020;10;10;5;3;5;2;0;1;0;0;0;0;1;845209,1059;5811960,677;14,06968291;52,3489887;0
4054;1,2201E+19;12;0;53;0;2020;10;7;5;3;8;1;0;0;1;0;0;0;0;875670,2746;5810879,629;14,51366753;52,31931776;1
4055;1,22011E+19;12;0;72;312;2020;11;15;5;3;8;1;0;0;1;0;0;0;0;786143,685;5787194,802;13,18405578;52,16092733;0
4056;1,2201E+19;12;0;66;188;2020;10;19;4;3;5;3;2;0;1;0;0;0;0;830228,8439;5703307,183;13,7467048;51,38471538;1
4057;1,22012E+19;12;0;68;320;2020;12;12;3;2;0;1;0;1;0;0;0;0;0;754993,4857;5870306,724;12,79351763;52,92176633;0
4058;1,12001E+19;11;0;4;4;2020;1;11;6;3;2;6;0;0;1;0;0;0;0;790730,6163;5826868,431;13,2852335;52,51422561;0
4059;1,22009E+19;12;0;64;380;2020;9;20;6;3;0;7;2;1;0;0;0;0;0;824933,0665;5830700,382;13,79129068;52,52925954;0
4060;1,22012E+19;12;0;69;19;2020;12;15;5;2;9;1;0;0;0;0;1;0;0;746924,9177;5823847,102;12,63885672;52,50872;1
4061;1,2201E+19;12;0;65;356;2020;10;15;4;3;4;6;0;1;0;0;0;0;0;789748,8378;5877620,374;13,31559967;52,9697177;0
4062;1,22011E+19;12;0;63;56;2020;11;10;4;1;4;6;0;0;1;0;0;1;0;779806,1691;5824612,956;13,12277825;52,4997156;0
4063;1,22012E+19;12;0;62;128;2020;12;7;6;3;8;1;0;0;0;0;1;0;0;793875,5697;5723742,947;13,24279386;51,58794757;2
4064;1,2201E+19;12;0;65;198;2020;10;6;3;3;5;2;1;0;1;0;0;0;0;779446,1378;5869026,165;13,15519845;52,89812898;0
4065;1,22011E+19;12;0;64;472;2020;11;14;2;3;2;6;0;0;1;0;0;0;1;831286,7595;5836423,97;13,89032209;52,57670465;0
4066;1,22009E+19;12;0;69;345;2020;9;16;4;2;8;7;0;0;0;0;0;1;0;757511,3013;5783573,31;12,7636753;52,14253304;0
4067;1,22012E+19;12;0;71;76;2020;12;10;3;3;5;3;0;1;1;0;0;0;0;888805,8358;5747819,438;14,63385447;51,74598953;0
4068;1,22009E+19;12;0;64;266;2020;9;20;3;3;9;1;2;0;1;0;0;0;0;881058,5817;5840209,492;14,62578495;52,57802765;0
4069;1,2201E+19;12;0;65;356;2020;10;9;3;3;0;7;0;1;0;0;0;0;0;791370,249;5879445,782;13,34131671;52,985202;0
4070;1,22011E+19;12;0;65;256;2020;11;7;3;3;5;3;2;1;1;0;0;0;0;789235,9272;5854732,328;13,28766954;52,76481844;0
4071;1,2201E+19;12;0;64;227;2020;10;6;2;3;5;3;2;0;1;0;0;1;0;815416,9347;5825024,697;13,64610301;52,48399118;1
4072;1,22012E+19;12;0;60;192;2020;12;13;7;1;9;7;0;0;1;0;0;0;0;811771,5831;5849911,374;13,61602564;52,70909434;1
4073;1,2201E+19;12;0;61;17;2020;10;6;2;2;2;6;2;0;0;0;0;1;1;827930,4408;5763773,091;13,77046612;51,92786258;0
4074;1,12001E+19;11;0;3;3;2020;1;17;5;3;2;6;1;0;1;0;0;0;0;798242,5456;5834740,87;13,40267503;52,58073554;0
4075;1,22009E+19;12;0;67;469;2020;9;8;2;2;2;6;0;0;1;0;0;1;0;838475,8785;5807400,749;13,96661939;52,31234149;0
4076;1,22009E+19;12;0;64;393;2020;9;13;6;3;2;2;0;0;1;0;0;0;0;840053,5561;5840175,459;14,0230507;52,60489539;0
4077;1,22012E+19;12;0;67;201;2020;12;7;7;3;8;6;2;0;1;0;0;0;0;828352,1671;5819869,618;13,83084893;52,43018719;0
4078;1,2201E+19;12;0;65;136;2020;10;12;2;3;2;6;0;0;1;0;0;0;0;784120,6493;5841372,464;13,20052668;52,64775192;0
4079;1,22011E+19;12;0;69;616;2020;11;16;2;3;6;4;0;0;0;1;1;0;0;791169,4968;5813685,51;13,28018714;52,39580533;0
4080;1,22012E+19;12;0;61;540;2020;12;16;3;3;2;6;1;0;1;0;0;0;0;813473,5089;5805949,468;13,59972964;52,31417237;0
4081;1,2201E+19;12;0;65;193;2020;10;20;7;2;8;1;2;0;1;0;0;0;0;792101,1182;5867140,766;13,34110211;52,87450642;1
4082;1,22011E+19;12;0;68;320;2020;11;6;6;2;5;3;1;0;1;0;1;0;0;758826,4066;5872962,818;12,85251812;52,94375707;1
4083;1,22009E+19;12;0;67;458;2020;9;18;3;2;5;3;0;0;1;0;0;0;0;882827,8928;5797577,426;14,60311088;52,19535739;0
4084;1,22012E+19;12;0;54;0;2020;12;18;1;2;4;2;2;0;1;0;0;0;0;774925,5842;5818835,007;13,04629912;52,45038123;0
4085;1,22011E+19;12;0;61;435;2020;11;4;6;3;2;6;2;0;1;0;0;1;0;827354,8812;5767449,796;13,76562263;51,96114419;0
4086;1,2201E+19;12;0;62;461;2020;10;9;6;2;8;6;0;0;1;0;0;0;0;795015,1478;5749032,817;13,28058043;51,81411246;1
4087;1,22009E+19;12;0;66;196;2020;9;15;4;2;2;6;0;0;1;0;0;0;0;836294,7757;5758691,975;13,88671759;51,87735824;0
4088;1,2201E+19;12;0;54;0;2020;10;7;6;3;8;1;1;0;1;0;0;0;0;769100,4736;5822609,147;12,96383584;52,48712936;1
4089;1,22011E+19;12;0;65;256;2020;11;10;6;3;2;2;0;0;1;0;0;0;0;782171,0219;5852435,75;13,18127061;52,74796234;0
4090;1,22009E+19;12;0;51;0;2020;9;9;6;3;2;6;0;0;1;0;0;0;0;741349,3241;5811311,59;12,54780229;52,39873507;1
4091;1,22009E+19;12;0;52;0;2020;9;9;7;3;7;7;0;1;0;0;0;0;1;868191,2588;5745618,968;14,33425394;51,74020479;0
4092;1,22009E+19;12;0;65;256;2020;9;6;6;2;3;6;1;1;0;0;0;0;1;796664,8253;5859291,986;13,4015771;52,80166182;0
4093;1,22012E+19;12;0;63;189;2020;12;8;7;2;8;1;0;0;1;0;0;0;0;723312,1842;5826836,426;12,29354896;52,54573137;2
4094;1,2201E+19;12;0;63;357;2020;10;18;6;2;2;6;1;0;1;0;0;0;0;764968,134;5832154,625;12,91073126;52,57476648;0
4095;1,2201E+19;12;0;63;208;2020;10;11;6;2;5;3;0;0;0;0;0;1;1;764177,3554;5838382,915;12,90406072;52,63101362;1
4096;1,22011E+19;12;0;67;201;2020;11;15;7;3;5;3;0;1;1;0;0;0;0;833512,6909;5823603,916;13,91019938;52,4605154;0
4097;1,2201E+19;12;0;60;20;2020;10;14;6;3;2;2;0;0;1;0;0;0;0;812037,456;5841137,387;13,6116455;52,63031974;0
4098;1,22011E+19;12;0;60;45;2020;11;7;3;3;7;7;0;0;1;0;0;0;0;830190,4395;5874303,985;13,91230377;52,91666295;1
4099;1,22012E+19;12;0;73;8;2020;12;16;4;2;4;7;1;0;1;0;0;0;1;834323,27;5883123,563;13,98262973;52,9930935;0
4100;1,2201E+19;12;0;54;0;2020;10;18;4;3;5;3;0;1;1;0;0;0;0;773698,08;5811416,884;13,02221386;52,38447061;0
4101;1,22009E+19;12;0;70;266;2020;9;17;6;1;8;1;0;0;1;0;0;0;0;713128,6972;5912425,187;12,19982839;53,31803527;0
4102;1,12001E+19;11;0;4;4;2020;1;16;4;3;3;6;2;0;1;0;0;1;0;792914,251;5823111,335;13,31401653;52,47937611;0
4103;1,22011E+19;12;0;61;433;2020;11;11;7;2;5;2;0;1;0;0;1;0;0;805034,44;5810094,912;13,48007578;52,35607863;0
4104;1,22009E+19;12;0;61;332;2020;9;18;7;2;3;1;1;0;1;0;0;0;0;813099,945;5798679,077;13,58751956;52,24923066;1
4105;1,2201E+19;12;0;60;280;2020;10;16;5;3;9;1;0;0;0;0;0;0;1;818158,9066;5846370,238;13,70683004;52,67365361;0
4106;1,22011E+19;12;0;62;140;2020;11;10;3;2;9;1;0;0;1;0;0;0;0;826309,9112;5728864,502;13,71420209;51,61601053;0
4107;1,22009E+19;12;0;67;120;2020;9;9;6;3;5;2;0;1;1;0;0;0;0;885436,9968;5792151,529;14,63494216;52,1449953;0
4108;1,22012E+19;12;0;69;665;2020;12;11;5;3;5;3;0;0;1;0;0;0;1;737836,494;5785143,657;12,47781306;52,16544474;0
4109;1,22009E+19;12;0;54;0;2020;9;15;4;3;2;6;0;0;1;0;0;0;0;774256,8626;5812089,615;13,03095399;52,39022432;0
4110;1,2201E+19;12;0;61;433;2020;10;15;4;3;2;6;0;0;1;0;0;0;0;810341,9232;5812344,352;13,55984138;52,37326116;0
4111;1,22011E+19;12;0;62;24;2020;11;12;5;3;2;2;0;0;1;0;0;0;0;804706,2734;5715220,978;13,39129912;51,5057977;0
4112;1,2201E+19;12;0;72;169;2020;10;11;3;3;5;3;0;1;1;0;0;0;0;779439,4638;5767203,512;13,06993522;51,98507696;0
4113;1,22012E+19;12;0;60;100;2020;12;9;2;3;1;7;0;0;1;0;0;0;1;823585,228;5883701,135;13,82380131;53,00485569;0
4114;1,12001E+19;11;0;7;7;2020;1;5;3;3;5;2;2;0;1;0;0;0;0;797882,9324;5820434,632;13,38457459;52,45269491;1
4115;1,22009E+19;12;0;60;20;2020;9;19;3;3;5;3;2;1;0;0;0;0;0;809801,4435;5845971,37;13,58325156;52,67491799;0
4116;1,22009E+19;12;0;68;280;2020;9;16;6;3;8;1;0;0;0;0;1;0;0;767756,9678;5876572,909;12,98808253;52,9717529;0
4117;1,22012E+19;12;0;51;0;2020;12;11;4;3;2;6;0;0;1;0;0;0;1;744923,0866;5812411,36;12,60102871;52,40701603;1
4118;1,2201E+19;12;0;61;332;2020;10;12;3;2;5;2;0;0;1;0;0;1;0;809421,7906;5800544,511;13,53552021;52,2680285;1
4119;1,22011E+19;12;0;69;616;2020;11;18;3;3;5;3;2;0;1;0;0;0;0;790679,843;5809381,825;13,26928161;52,35748119;0
4120;1,22012E+19;12;0;68;320;2020;12;7;6;3;2;6;0;0;1;0;0;0;0;754736,8927;5869922,368;12,78940801;52,9184404;2
4121;1,22009E+19;12;0;61;332;2020;9;15;7;2;8;1;0;0;1;0;0;0;0;810645,9055;5803956,247;13,5565439;52,29791518;1
4122;1,2201E+19;12;0;62;372;2020;10;15;2;3;4;6;0;0;1;0;0;0;0;817229,2326;5712013,94;13,56829006;51,47016696;0
4123;1,22011E+19;12;0;61;433;2020;11;22;7;3;2;6;2;0;1;0;0;0;0;806200,1314;5813367,561;13,50012528;52,38476087;1
4124;1,22009E+19;12;0;62;177;2020;9;4;4;3;4;6;2;0;0;0;0;1;0;823826,1862;5721224,601;13,67140758;51,54897766;0
4125;1,22012E+19;12;0;70;125;2020;12;15;3;3;8;1;0;0;0;0;0;1;0;698430,4908;5888189,84;11,96442414;53,10618562;0
4126;1,22009E+19;12;0;73;572;2020;9;17;2;3;5;2;0;0;1;0;0;0;1;792695,1567;5897352,588;13,37726741;53,14498251;0
4127;1,2201E+19;12;0;54;0;2020;10;20;2;3;4;2;2;1;1;0;0;0;0;775723,8818;5815497,803;13,0552637;52,42005194;1
4128;1,22011E+19;12;0;60;52;2020;11;7;2;2;5;3;1;0;1;0;0;0;0;821010,8499;5865136,754;13,76722631;52,84009855;1
4129;1,2201E+19;12;0;61;260;2020;10;13;7;3;2;6;0;0;1;0;0;0;0;822992,1748;5802979,574;13,73604507;52,28204998;0
4130;1,2201E+19;12;0;72;312;2020;10;22;1;2;9;1;2;0;1;0;0;0;0;789678,7294;5775942,844;13,22602823;52,05819672;0
4131;1,12001E+19;11;0;4;4;2020;1;6;3;3;2;6;2;0;1;0;0;0;0;791221,506;5829708,595;13,29493447;52,5394255;0
4132;1,22009E+19;12;0;69;656;2020;9;17;1;3;2;6;0;0;1;0;0;0;0;765979,8409;5814547,592;12,91156516;52,41635258;0
4133;1,22009E+19;12;0;72;477;2020;9;1;5;3;7;7;2;0;1;0;0;0;0;806551,4019;5796013,413;13,48947708;52,22902307;1
4134;1,22012E+19;12;0;65;356;2020;12;11;4;3;0;7;0;1;0;0;0;0;0;790098,5874;5878789,803;13,32184043;52,98001135;0
4135;1,2201E+19;12;0;60;52;2020;10;14;1;1;4;6;0;0;0;0;1;0;0;819948,0104;5860303,892;13,74677113;52,79743363;0
4136;1,22011E+19;12;0;69;656;2020;11;14;1;3;5;3;0;1;1;0;0;0;0;767691,5934;5810254,118;12,93324375;52,37700923;0
4137;1,22012E+19;12;0;68;324;2020;12;7;3;2;1;5;2;0;1;0;0;0;0;730997,9472;5862260,199;12,43156042;52,86041437;1
4138;1,22011E+19;12;0;60;5;2020;11;10;5;3;6;3;0;0;1;1;0;0;0;811330,7588;5831979,012;13,59263161;52,54865604;0
4139;1,22009E+19;12;0;51;0;2020;9;9;2;3;5;3;0;0;1;0;1;0;0;739249,559;5808823,405;12,51522315;52,37732904;0
4140;1,22012E+19;12;0;60;181;2020;12;6;7;3;5;3;2;0;1;0;1;0;0;806044,9238;5842367,639;13,52452401;52,64475477;2
4141;1,2201E+19;12;0;67;124;2020;10;20;6;2;6;2;2;0;1;1;0;0;0;822945,9078;5819138,525;13,75090333;52,42685486;1
4142;1,22009E+19;12;0;72;426;2020;9;20;5;2;9;1;2;0;0;0;1;0;0;790218,7788;5798549,03;13,25319489;52,26060232;0
4143;1,22009E+19;12;0;69;20;2020;9;14;4;3;5;3;0;0;1;0;0;0;0;748554,4907;5781551,661;12,63157897;52,12849475;0
4144;1,22012E+19;12;0;60;20;2020;12;9;3;3;5;3;0;1;1;0;0;0;0;809046,4744;5845883,624;13,57203891;52,67456242;0
4145;1,22009E+19;12;0;54;0;2020;9;7;2;3;6;7;0;1;0;1;0;0;0;776304,2217;5812165,795;13,0610266;52,38987868;0
4146;1,2201E+19;12;0;72;17;2020;10;9;2;3;9;1;0;0;1;0;0;0;0;803282,6537;5806121,437;13,45084728;52,32143461;1
4147;1,22011E+19;12;0;63;36;2020;11;22;2;3;2;6;2;1;1;0;0;0;0;765246,4327;5833002,267;12,91550664;52,58223346;0
4148;1,2201E+19;12;0;60;20;2020;10;3;1;3;0;1;2;1;0;0;0;0;0;808448,307;5845420,587;13,56278698;52,6707535;0
4149;1,2201E+19;12;0;70;302;2020;10;14;2;2;8;1;0;0;1;0;0;0;0;703669,179;5874547,393;12,03394926;52,98174789;0
4150;1,12001E+19;11;0;7;7;2020;1;10;3;2;5;3;0;0;1;0;0;0;0;797936,838;5820057,136;13,38502877;52,44928169;0
4151;1,22009E+19;12;0;64;136;2020;9;20;2;3;5;2;2;0;1;0;1;0;0;822081,1368;5828953,477;13,7477038;52,51530083;0
4152;1,22009E+19;12;0;63;273;2020;9;19;5;3;5;3;2;0;1;0;0;0;0;770449,387;5840789,617;12,99847813;52,64951006;0
4153;1,22012E+19;12;0;69;17;2020;12;15;5;3;8;1;0;0;1;0;0;0;0;776524,8182;5791091,62;13,04696887;52,20077477;1
4154;1,2201E+19;12;0;54;0;2020;10;13;1;2;3;2;0;1;1;0;0;0;0;775025,6073;5818031,658;13,04710584;52,44312661;0
4155;1,22011E+19;12;0;60;280;2020;11;12;2;3;0;1;0;1;0;0;0;0;0;820471,5447;5841603,309;13,73628863;52,62958421;0
4156;1,22012E+19;12;0;64;29;2020;12;9;3;3;5;3;0;1;1;0;0;0;0;819804,1393;5834932,859;13,72001898;52,57021375;0
4157;1,2201E+19;12;0;69;656;2020;10;16;6;3;2;6;0;0;1;0;0;0;0;765855,5762;5809381,931;12,90564385;52,37007989;1
4158;1,22011E+19;12;0;71;57;2020;11;18;5;2;2;6;2;0;1;0;0;0;0;859738,0098;5743542,839;14,21019402;51,72710009;0
4159;1,22009E+19;12;0;63;189;2020;9;14;2;2;2;6;0;0;0;0;1;0;0;723438,5932;5826538,075;12,29520922;52,54300175;0
4160;1,22012E+19;12;0;72;340;2020;12;14;7;1;5;3;0;1;1;0;0;0;0;803902,7177;5803154,544;13,4572403;52,29449885;0
4161;1,22011E+19;12;0;52;0;2020;11;10;6;3;2;2;0;0;1;0;0;1;0;868135,0263;5745741,223;14,3335723;51,74133618;0
4162;1,2201E+19;12;0;60;269;2020;10;13;6;3;4;2;0;0;1;0;0;0;0;799678,7866;5849883,386;13,43755312;52,71566997;0
4163;1,22009E+19;12;0;66;196;2020;9;21;4;2;7;7;2;0;1;0;0;0;1;843978,2;5753784,552;13,99303359;51,82872044;0
4164;1,2201E+19;12;0;54;0;2020;10;17;6;3;2;6;2;0;1;0;0;0;0;775218,8568;5813049,321;13,04584321;52,39834844;1
4165;1,22011E+19;12;0;54;0;2020;11;15;5;3;8;1;0;0;1;0;0;0;0;768819,727;5820683,026;12,95815822;52,46999278;0
4166;1,22009E+19;12;0;66;296;2020;9;16;6;2;5;3;0;1;1;0;0;0;0;838114,7216;5713378,517;13,86922683;51,47030962;0
4167;1,22009E+19;12;0;67;440;2020;9;23;7;3;9;1;2;0;1;0;0;0;0;819061,7144;5827140,404;13,70162137;52,50083046;0
4168;1,22009E+19;12;0;54;0;2020;9;16;5;3;3;2;0;1;1;0;0;0;0;776844,634;5813625,902;13,07015417;52,40269959;0
4169;1,22012E+19;12;0;71;401;2020;12;10;7;3;0;1;0;1;0;0;0;0;0;867680,736;5765776,876;14,34828611;51,92099714;2
4170;1,2201E+19;12;0;61;260;2020;10;7;6;3;5;2;1;1;1;0;0;0;0;815649,2129;5804724,828;13,6303944;52,30195257;0
4171;1,2201E+19;12;0;66;176;2020;10;13;6;2;8;1;0;0;0;0;1;0;0;833594,698;5716116,493;13,80696593;51,49752308;1
4172;1,22011E+19;12;0;54;0;2020;11;10;6;1;3;2;0;1;0;0;0;0;1;779045,045;5808903,324;13,09848522;52,35923372;1
4173;1,2201E+19;12;0;72;17;2020;10;8;5;2;9;1;0;0;1;0;0;0;0;802672,8444;5808934,455;13,44445894;52,34698522;1
4174;1,22011E+19;12;0;54;0;2020;11;15;2;3;0;2;0;1;1;0;0;0;0;774844,958;5812673,708;13,04005343;52,39516772;0
4175;1,22012E+19;12;0;72;17;2020;12;12;3;3;2;6;0;0;1;0;0;1;0;803335,0925;5804581,11;13,4502266;52,30759918;0
4176;1,2201E+19;12;0;61;316;2020;10;15;4;3;0;1;0;1;0;0;0;0;0;835829,9477;5766220,509;13,88732316;51,9450819;0
4177;1,22009E+19;12;0;61;316;2020;9;18;5;3;5;3;0;1;1;0;0;0;0;836156,7496;5765098,32;13,89096438;51,93483182;0
4178;1,12001E+19;11;0;11;11;2020;1;9;4;3;5;3;0;1;1;0;0;0;0;805652,1458;5827389,902;13,50492813;52,51074273;0
4179;1,22011E+19;12;0;65;144;2020;11;14;6;3;5;3;0;1;1;0;0;0;0;789377,6996;5845414,772;13,28156133;52,68121353;0
4180;1,2201E+19;12;0;65;144;2020;10;16;5;3;5;3;0;1;1;0;0;0;0;789329,313;5844348,782;13,27991179;52,67168294;0
4181;1,22011E+19;12;0;53;0;2020;11;21;3;3;7;7;2;0;1;0;0;0;0;877794,1199;5807847,584;14,54128237;52,2907297;1
4182;1,22009E+19;12;0;69;590;2020;9;19;5;3;2;6;0;0;0;0;0;1;1;766361,2792;5801051,646;12,90645596;52,29511587;0
4183;1,22012E+19;12;0;67;124;2020;12;7;5;3;3;6;0;0;1;0;0;0;0;825635,3566;5815160,9;13,78645111;52,38962584;0
4184;1,22009E+19;12;0;71;76;2020;9;16;4;3;5;3;0;1;1;0;0;0;0;887961,6988;5745610,93;14,61922687;51,72681208;0
4185;1,2201E+19;12;0;67;201;2020;10;9;4;2;9;7;0;0;1;0;0;0;0;828476,3453;5815109,946;13,82800015;52,38747375;0
4186;1,22011E+19;12;0;54;0;2020;11;15;4;2;0;7;0;1;0;0;0;0;1;776544,5542;5812233,279;13,06460497;52,39036259;0
4187;1,2201E+19;12;0;51;0;2020;10;15;3;3;3;6;0;0;1;0;0;0;1;743939,5347;5812046,711;12,58633298;52,40418332;0
4188;1,22012E+19;12;0;70;325;2020;12;16;2;3;9;1;2;0;0;0;1;0;0;702169,2124;5901084,468;12,02833798;53,22053314;1
4189;1,12001E+19;11;0;9;9;2020;1;7;3;3;5;3;1;1;1;0;0;0;0;803111,5605;5824551,75;13,46502433;52,48672236;1
4190;1,22009E+19;12;0;65;198;2020;9;7;3;3;5;3;0;1;1;0;0;0;0;780202,7409;5869195,769;13,16656239;52,89925603;0
4191;1,22009E+19;12;0;61;260;2020;9;10;5;2;6;2;0;0;0;1;0;1;0;815556,0445;5804342,976;13,62867494;52,29858424;0
4192;1,22012E+19;12;0;60;52;2020;12;8;4;2;0;1;0;0;0;0;1;0;0;822983,0054;5864699,927;13,79597052;52,83500755;2
4193;1,2201E+19;12;0;72;477;2020;10;17;2;3;0;1;0;0;0;0;0;0;1;806564,5243;5788851,711;13,48319251;52,16482484;1
4194;1,22009E+19;12;0;73;532;2020;9;13;4;2;9;6;0;1;1;0;0;1;0;852952,2325;5895401,773;14,27245294;53,09106529;0
4195;1,22011E+19;12;0;61;20;2020;11;10;3;3;5;3;0;0;1;0;0;0;0;818739,8396;5797135,032;13,66840495;52,23215959;0
4196;1,22012E+19;12;0;72;340;2020;12;12;5;2;2;6;0;0;0;0;0;1;0;805638,5594;5805508,983;13,48475105;52,31463931;0
4197;1,2201E+19;12;0;66;196;2020;10;11;1;3;2;6;0;0;1;0;0;0;0;838983,8332;5754873,357;13,92189408;51,8415245;0
4198;1,22011E+19;12;0;64;428;2020;11;21;7;3;0;1;2;1;0;0;0;0;0;824158,576;5824534,267;13,77391201;52,47447876;0
4199;1,22009E+19;12;0;64;336;2020;9;11;4;2;5;3;0;1;1;0;0;0;0;817733,0292;5830336,736;13,68516534;52,53024516;0
4200;1,22012E+19;12;0;54;0;2020;12;13;2;3;3;2;0;1;1;0;0;0;0;775073,9791;5812872,125;13,04357371;52,39683215;0
4201;1,22009E+19;12;0;64;317;2020;9;15;2;3;5;2;0;0;1;0;1;0;0;846754,566;5830780,799;14,11179489;52,5165419;0
4202;1,22011E+19;12;0;65;36;2020;11;5;2;3;5;3;2;1;1;0;0;0;0;788642,5113;5847713,046;13,27273123;52,70220926;1
4203;1,2201E+19;12;0;60;52;2020;10;14;7;2;1;6;0;0;1;0;0;0;0;818242,4279;5864864,86;13,72600147;52,83930394;0
4204;1,22009E+19;12;0;60;52;2020;9;15;4;2;9;1;0;0;1;0;0;0;0;827463,739;5863928,698;13,86147245;52,82539719;0
4205;1,2201E+19;12;0;60;100;2020;10;11;1;1;4;6;0;0;1;0;1;0;0;818803,086;5878675,856;13,74783222;52,96270259;0
4206;1,12001E+19;11;0;4;4;2020;1;18;1;3;2;6;2;0;1;0;0;0;0;790506,4651;5827523,263;13,28251145;52,52021565;0
4207;1,22009E+19;12;0;60;45;2020;9;14;1;2;4;6;0;0;0;0;1;0;0;832814,7568;5867555,464;13,94429017;52,85460471;0
4208;1,22009E+19;12;0;62;140;2020;9;15;5;2;5;3;0;1;1;0;0;0;0;825159,974;5731653,06;13,70023667;51,64166451;0
4209;1,22012E+19;12;0;69;590;2020;12;20;3;1;9;1;2;0;1;0;0;0;0;769292,2562;5810143,12;12,9566128;52,37522953;1
4210;1,2201E+19;12;0;65;165;2020;10;13;1;2;3;6;0;0;1;0;1;1;0;772156,6484;5856967,498;13,03704727;52,79373343;0
4211;1,22011E+19;12;0;60;185;2020;11;13;1;3;8;1;0;0;1;0;0;0;0;838726,3867;5875896,597;14,04042559;52,92561534;1
4212;1,22011E+19;12;0;61;433;2020;11;13;2;3;3;6;0;0;1;0;0;0;0;807874,235;5814133,03;13,52534895;52,39068327;0
4213;1,22011E+19;12;0;65;84;2020;11;16;5;2;9;1;1;0;1;0;0;0;0;781938,4477;5903107,411;13,22195719;53,20237065;0
4214;1,22009E+19;12;0;71;57;2020;9;13;5;3;9;1;0;0;1;0;0;0;0;862593,6896;5735648,397;14,24317155;51,65457776;0
4215;1,12001E+19;11;0;5;5;2020;1;16;5;3;3;6;2;0;0;0;1;0;1;784056,7082;5826570,292;13,18689744;52,5150694;0
4216;1,22012E+19;12;0;60;280;2020;12;10;6;3;2;6;0;0;1;0;0;0;0;821126,8184;5842503,369;13,7468115;52,63726101;0
4217;1,2201E+19;12;0;70;416;2020;10;18;6;3;7;7;2;0;1;0;0;0;0;687148,1505;5879784,931;11,7912115;53,03479691;0
4218;1,22009E+19;12;0;60;198;2020;9;9;5;3;2;6;0;0;1;0;0;0;0;816727,8336;5864951,225;13,70367588;52,84096963;0
4219;1,22009E+19;12;0;60;5;2020;9;16;4;2;2;6;0;0;1;0;1;0;0;806036,6805;5837723,298;13,52010367;52,60313688;0
4220;1,2201E+19;12;0;64;428;2020;10;6;6;3;2;6;1;0;1;0;0;0;1;824793,6778;5826988,56;13,78562097;52,49608921;1
4221;1,22011E+19;12;0;54;0;2020;11;10;4;3;3;2;0;1;1;0;0;0;0;775099,4916;5812852,442;13,04393156;52,39664282;0
4222;1,22009E+19;12;0;61;260;2020;9;7;6;2;1;5;0;0;1;0;0;0;0;817085,7548;5808301,762;13,65476148;52,33317799;0
4223;1,22009E+19;12;0;60;128;2020;9;15;5;2;5;3;0;0;1;0;1;0;0;833277,454;5867896,752;13,95148474;52,85737537;0
4224;1,22012E+19;12;0;65;165;2020;12;6;7;3;5;3;2;0;1;0;0;1;0;768595,006;5848110,259;12,97710278;52,71608453;2