OBJECTID;UIDENTSTLAE;ULAND;UREGBEZ;UKREIS;UGEMEINDE;UJAHR;UMONAT;USTUNDE;UWOCHENTAG;UKATEGORIE;UART;UTYP1;ULICHTVERH;IstRad;IstPKW;IstFuss;IstKrad;IstGkfz;IstSonstige;LINREFX;LINREFY;XGCSWGS84;YGCSWGS84;STRZUSTAND
4225;1,2201E+19;12;0;61;217;2020;10;12;5;3;5;3;0;0;1;0;0;0;0;825837,803;5796660,23;13,77152141;52,22375458;0
4226;1,2201E+19;12;0;65;332;2020;10;7;6;3;3;2;1;1;0;0;0;0;1;784928,544;5847285,266;13,21754679;52,70034019;1
4227;1,22011E+19;12;0;64;227;2020;11;17;6;3;5;2;2;0;1;0;0;0;0;814763,532;5830469,576;13,64166097;52,53315812;0
4228;1,2201E+19;12;0;73;8;2020;10;12;5;3;5;3;0;1;1;0;0;0;0;834834,8088;5885457,957;13,99263931;53,01367953;0
4229;1,22012E+19;12;0;71;341;2020;12;7;3;3;7;7;1;0;1;0;0;0;0;862482,0621;5759063,769;14,26596426;51,86429964;1
4230;1,2201E+19;12;0;60;20;2020;10;16;4;3;5;3;0;0;1;0;0;0;0;802278,9411;5852825,357;13,47863427;52,74059187;1
4231;1,22009E+19;12;0;64;53;2020;9;10;5;3;3;6;0;1;0;0;0;0;1;826741,7722;5849494,941;13,83641768;52,69654227;0
4232;1,12001E+19;11;0;6;6;2020;1;16;6;2;6;2;2;0;1;1;0;0;0;789697,6317;5817950,679;13,26230773;52,43482496;1
4233;1,22011E+19;12;0;52;0;2020;11;11;5;3;1;6;0;0;1;0;0;0;0;869456,699;5747254,154;14,35423656;51,75401114;0
4234;1,22009E+19;12;0;71;76;2020;9;22;7;3;1;5;2;0;1;0;0;0;0;889685,9842;5746059,26;14,64457231;51,7296292;0
4235;1,2201E+19;12;0;69;20;2020;10;17;3;3;8;1;2;0;1;0;0;0;0;741144,581;5783909,854;12,52521183;52,15293817;1
4236;1,22011E+19;12;0;61;192;2020;11;6;2;3;5;3;2;0;1;0;0;0;0;817640,1651;5788674,104;13,64443026;52,15697572;1
4237;1,22009E+19;12;0;64;380;2020;9;6;5;3;2;6;0;0;1;0;0;0;0;824257,5515;5830180,257;13,78086046;52,525002;0
4238;1,22012E+19;12;0;60;52;2020;12;16;4;3;2;6;2;0;1;0;1;0;0;824621,0898;5865550,112;13,82104608;52,84163977;0
4239;1,22009E+19;12;0;69;656;2020;9;7;3;3;5;3;0;0;1;0;0;0;0;760021,626;5812170,889;12,82231048;52,39789634;0
4240;1,22009E+19;12;0;60;5;2020;9;17;4;3;1;6;0;0;1;0;0;0;0;806028,3064;5837718,395;13,51997587;52,60309765;0
4241;1,2201E+19;12;0;73;452;2020;10;11;6;2;5;2;0;1;1;0;0;0;0;821766,504;5917333,772;13,83057095;53,30721367;0
4242;1,22011E+19;12;0;65;251;2020;11;4;5;3;2;6;2;0;1;0;0;0;1;780547,4322;5847629,945;13,15317784;52,70571723;0
4243;1,22009E+19;12;0;69;665;2020;9;14;6;3;2;6;0;0;1;0;0;0;0;737848,7253;5785139,422;12,47798859;52,16540147;0
4244;1,22009E+19;12;0;65;96;2020;9;19;5;3;5;3;1;1;1;0;0;0;0;792103,484;5840963,448;13,31782584;52,63984842;0
4245;1,22012E+19;12;0;64;136;2020;12;9;7;3;9;1;0;0;1;0;0;0;0;822302,9568;5831053,128;13,75299604;52,53398106;2
4246;1,2201E+19;12;0;65;256;2020;10;13;6;3;3;2;0;0;1;0;0;0;0;793912,1488;5856561,567;13,35841415;52,77869294;0
4247;1,2201E+19;12;0;64;190;2020;10;13;6;3;4;1;0;0;1;0;0;0;0;863385,4461;5836786,074;14,36239001;52,55947195;1
4248;1,22011E+19;12;0;66;124;2020;11;19;6;3;7;7;2;0;0;0;1;0;0;841159,999;5706854,892;13,90662824;51,41003944;0
4249;1,2201E+19;12;0;69;632;2020;10;12;5;3;8;1;0;0;1;0;0;0;0;756623,548;5770409,114;12,74082889;52,02484203;1
4250;1,22012E+19;12;0;62;24;2020;12;19;3;2;9;1;2;0;1;0;0;0;0;804732,9738;5712739,47;13,3895412;51,4835358;0
4251;1,2201E+19;12;0;73;85;2020;10;7;4;3;8;1;0;0;0;0;0;1;0;838248,5715;5930874,041;14,09143886;53,41818839;0
4252;1,22009E+19;12;0;65;356;2020;9;12;5;2;0;7;0;1;0;0;0;0;0;791466,0711;5879350,256;13,34265392;52,98429367;0
4253;1,12001E+19;11;0;9;9;2020;1;18;2;3;5;3;2;0;1;0;0;0;0;804104,3833;5824364,861;13,47943026;52,48449525;0
4254;1,22011E+19;12;0;54;0;2020;11;8;5;3;5;3;0;1;1;0;0;0;0;779127,5523;5821505,988;13,11020511;52,4722028;0
4255;1,2201E+19;12;0;67;124;2020;10;7;4;3;2;6;0;0;1;0;0;0;1;825323,3386;5818748,567;13,78536693;52,42195306;0
4256;1,22011E+19;12;0;63;208;2020;11;16;2;3;2;6;2;1;1;0;0;0;0;762846,3656;5835827,205;12,88240871;52,60873641;0
4257;1,22009E+19;12;0;61;260;2020;9;10;5;2;5;3;0;1;1;0;0;0;0;814210,6507;5804009,023;13,60869832;52,29636223;0
4258;1,22012E+19;12;0;63;148;2020;12;11;4;3;5;2;0;0;1;0;0;0;0;765296,744;5823196,9;12,90841775;52,49426299;0
4259;1,22009E+19;12;0;67;120;2020;9;6;4;3;5;3;1;1;1;0;0;0;0;885094,3705;5792908,893;14,63081677;52,15201039;0
4260;1,2201E+19;12;0;51;0;2020;10;7;3;3;5;2;0;1;0;0;1;0;0;737959,8487;5812897,699;12,49920642;52,41445166;1
4261;1,22011E+19;12;0;62;124;2020;11;3;4;2;9;1;2;0;0;0;0;1;0;814457,7827;5711214,742;13,52780353;51,46454918;0
4262;1,2201E+19;12;0;64;136;2020;10;15;3;3;2;2;0;0;1;0;0;0;0;820315,4371;5827235,708;13,72011963;52,50094996;0
4263;1,22012E+19;12;0;69;18;2020;12;6;1;3;8;1;2;0;1;0;0;0;0;740080,3675;5821489,639;12,53650266;52,49062235;2
4264;1,12001E+19;11;0;9;9;2020;1;12;2;3;5;3;0;1;1;0;0;0;0;804103,5957;5824364,164;13,47941806;52,48448944;0
4265;1,22009E+19;12;0;72;2;2020;9;7;2;3;8;7;0;0;0;0;0;1;0;800857,9324;5789795,277;13,40084456;52,17642124;0
4266;1,22009E+19;12;0;65;256;2020;9;15;5;3;1;5;0;0;1;0;0;0;0;786449,3598;5853656,796;13,24554582;52,75666018;0
4267;1,22012E+19;12;0;60;12;2020;12;23;3;3;7;7;2;0;1;0;0;0;0;823407,4587;5877749,557;13,81521719;52,95165072;0
4268;1,2201E+19;12;0;69;249;2020;10;15;2;3;2;6;0;0;1;0;0;0;0;751713,0727;5813205,651;12,70123399;52,41106216;1
4269;1,22011E+19;12;0;67;72;2020;11;7;3;1;2;6;0;0;0;0;0;1;0;858100,5346;5811111,026;14,2572505;52,33312339;0
4270;1,22012E+19;12;0;73;452;2020;12;21;5;2;5;3;2;1;1;0;0;0;0;823502,0869;5918118,998;13,85732454;53,31319041;0
4271;1,2201E+19;12;0;68;117;2020;10;17;1;3;2;6;0;0;1;0;1;0;0;754353,0451;5862124,737;12,7776187;52,84867724;1
4272;1,22011E+19;12;0;62;140;2020;11;11;6;3;5;3;0;0;1;0;1;0;0;826244,335;5730173,926;13,71447672;51,62778238;0
4273;1,22009E+19;12;0;72;17;2020;9;13;3;3;5;2;0;0;1;0;1;0;0;801026,4726;5806636,316;13,4183043;52,32729109;0
4274;1,22012E+19;12;0;61;316;2020;12;7;2;3;5;3;1;1;1;0;0;0;0;835900,7106;5765064,609;13,88722086;51,93468429;0
4275;1,22009E+19;12;0;65;100;2020;9;12;2;3;6;4;0;0;1;1;0;0;0;778698,7387;5880489,291;13,15396873;53,0012943;0
4276;1,22011E+19;12;0;69;616;2020;11;14;1;3;5;3;0;1;1;0;0;0;0;791446,327;5813546,399;13,28412321;52,39441094;0
4277;1,2201E+19;12;0;67;440;2020;10;13;7;3;2;6;0;0;1;0;0;0;0;818781,5044;5823822,225;13,69433412;52,4712633;0
4278;1,22009E+19;12;0;64;29;2020;9;11;4;2;5;2;0;0;1;0;1;0;0;824156,6695;5833872,272;13,78298057;52,55813807;0
4279;1,2201E+19;12;0;64;539;2020;10;7;1;3;8;1;1;0;1;0;0;0;0;863177,1823;5817274,567;14,33809597;52,38496229;0
4280;1,12001E+19;11;0;10;10;2020;1;12;6;2;5;2;0;0;1;0;0;0;0;809494,243;5827393,043;13,56136496;52,50860475;0
4281;1,22009E+19;12;0;67;120;2020;9;12;1;3;5;3;0;0;1;0;0;0;0;883741,8018;5792901,088;14,61113364;52,1528811;0
4282;1,22009E+19;12;0;54;0;2020;9;7;4;3;0;7;0;0;0;0;0;0;1;778303,7443;5810329,76;13,08881022;52,37240197;0
4283;1,22012E+19;12;0;65;100;2020;12;7;3;3;8;1;1;0;0;0;0;0;1;778641,2093;5894387,438;13,16513684;53,12592998;1
4284;1,2201E+19;12;0;63;80;2020;10;14;7;3;3;2;0;1;1;0;0;0;0;778890,441;5831699,637;13,1152695;52,5637305;0
4285;1,2201E+19;12;0;72;17;2020;10;11;7;3;8;1;0;0;1;0;0;0;0;802611,6458;5808997,359;13,44361987;52,3475828;1
4286;1,22011E+19;12;0;65;256;2020;11;16;2;2;5;2;2;1;1;0;0;0;0;787102,3713;5852493,076;13,25417703;52,74588105;0
4287;1,22011E+19;12;0;73;8;2020;11;9;4;2;5;2;0;1;1;0;0;0;0;836411,643;5885851,63;14,01646278;53,01621718;0
4288;1,22009E+19;12;0;54;0;2020;9;14;4;3;3;6;0;0;1;0;1;0;0;773432,4247;5814986,825;13,02123456;52,41661921;0
4289;1,12001E+19;11;0;1;1;2020;1;10;5;3;3;6;0;0;1;0;0;1;0;796268,0308;5830274,135;13,36963169;52,54177478;0
4290;1,22012E+19;12;0;69;485;2020;12;8;5;3;9;7;0;0;0;0;0;0;1;752762,5426;5767866,206;12,68279701;52,00379817;1
4291;1,2201E+19;12;0;63;80;2020;10;15;5;3;4;2;0;1;1;0;0;0;0;776595,2072;5832904,967;13,08250046;52,57571;1
4292;1,22009E+19;12;0;69;270;2020;9;10;4;3;7;7;0;0;1;0;0;0;1;737238,839;5823578,873;12,49621941;52,51061262;0
4293;1,12001E+19;11;0;5;5;2020;1;0;1;3;5;2;2;1;1;0;0;0;0;783509,2175;5826705,609;13,17896627;52,51656757;0
4294;1,22009E+19;12;0;67;180;2020;9;7;4;3;1;7;0;0;1;0;0;0;0;877374,3883;5801612,655;14,52819263;52,23522364;0
4295;1,22011E+19;12;0;73;572;2020;11;9;2;3;6;4;0;0;1;1;0;0;0;801425,84;5894843,407;13,50504263;53,11763276;0
4296;1,2201E+19;12;0;68;280;2020;10;16;6;3;6;7;0;1;0;1;0;0;0;767712,551;5876405,821;12,9872846;52,97027668;1
4297;1,22011E+19;12;0;52;0;2020;11;18;4;3;2;6;2;0;1;0;0;0;0;867364,5601;5745085,087;14,32176961;51,73596719;0
4298;1,22009E+19;12;0;52;0;2020;9;8;6;3;4;2;0;1;1;0;0;0;0;867556,6223;5747942,307;14,32755593;51,76142063;0
4299;1,22012E+19;12;0;72;2;2020;12;10;6;3;5;3;0;0;1;0;0;0;0;800029,3554;5787012,854;13,38630515;52,15192958;1
4300;1,2201E+19;12;0;64;380;2020;10;1;5;2;7;7;2;0;1;0;0;0;0;825755,8143;5828544,86;13,80126574;52,50945819;0
4301;1,2201E+19;12;0;69;306;2020;10;17;5;3;4;6;2;0;1;0;0;0;0;755739,557;5804387,287;12,7535815;52,3300857;0
4302;1,22011E+19;12;0;72;17;2020;11;7;5;2;9;1;0;0;1;0;0;0;0;802690,8819;5808911,149;13,44470194;52,34676637;2
4303;1,2201E+19;12;0;70;424;2020;10;17;5;3;5;3;0;0;1;0;0;1;0;682483,4981;5875021,355;11,71903566;52,99363474;0
4304;1,22012E+19;12;0;60;181;2020;12;16;3;3;5;2;2;1;1;0;0;0;0;807244,2278;5843538,005;13,54328305;52,65456585;1
4305;1,2201E+19;12;0;67;201;2020;10;5;4;3;5;3;2;0;1;0;1;0;0;828659,5017;5820415,049;13,83588913;52,43488879;1
4306;1,12002E+19;11;0;1;1;2020;2;0;7;3;5;2;2;0;1;0;0;0;0;799577,585;5828291,2;13,41650018;52,52219145;0
4307;1,22009E+19;12;0;51;0;2020;9;6;4;3;0;1;0;1;0;0;0;0;0;741204,5708;5811130,662;12,54554857;52,39717537;0
4308;1,12001E+19;11;0;1;1;2020;1;22;5;3;0;1;2;0;0;0;1;0;0;795879,5083;5832054,846;13,36550618;52,55794822;1
4309;1,22011E+19;12;0;65;256;2020;11;9;5;3;6;2;0;0;1;1;0;0;0;786157,2983;5853535,721;13,2411244;52,75572938;0
4310;1,22012E+19;12;0;68;320;2020;12;14;7;3;9;1;0;0;0;0;1;0;0;758006,2265;5869275,579;12,83741001;52,91107964;1
4311;1,2201E+19;12;0;67;440;2020;10;0;3;3;0;7;2;1;0;0;0;0;0;820185,0024;5824163,777;13,7152538;52,47350281;0
4312;1,22011E+19;12;0;71;301;2020;11;14;2;3;5;3;0;1;1;0;0;0;0;878682,7241;5744776,532;14,48459563;51,72568174;0
4313;1,22009E+19;12;0;68;353;2020;9;16;5;3;4;6;0;0;1;0;0;0;0;757535,5212;5888363,478;12,84562917;53,08250959;0
4314;1,22012E+19;12;0;61;332;2020;12;14;3;3;9;7;0;0;1;0;0;0;0;812279,5934;5800357,721;13,57709307;52,26474027;0
4315;1,22009E+19;12;0;73;8;2020;9;13;3;3;0;1;0;1;0;0;0;0;0;836928,5461;5886087,148;14,02438395;53,01800138;0
4316;1,2201E+19;12;0;64;472;2020;10;12;3;2;5;3;0;0;1;0;0;0;0;829496,0352;5832951,252;13,86054414;52,54668402;1
4317;1,22011E+19;12;0;73;572;2020;11;7;3;2;8;1;1;0;0;0;0;0;1;805010,5059;5887637,007;13,55160269;53,05102057;1
4318;1,2201E+19;12;0;61;260;2020;10;5;2;2;2;6;2;0;0;0;0;1;0;819574,0023;5806887,184;13,68981283;52,31906029;0
4319;1,22012E+19;12;0;63;36;2020;12;8;7;3;8;1;0;0;1;0;0;0;0;769061,8534;5834010,024;12,97250125;52,5893979;2
4320;1,12001E+19;11;0;7;7;2020;1;11;5;3;2;6;0;0;1;0;0;0;0;796007,5869;5824799,517;13,36093162;52,49284138;0
4321;1,22009E+19;12;0;61;320;2020;9;16;2;2;5;3;0;1;0;0;0;0;1;822721,323;5755116,172;13,68687;51,8533303;0
4322;1,22009E+19;12;0;66;168;2020;9;10;4;2;7;7;0;0;1;0;0;1;0;833835,1496;5706486,129;13,80133566;51,41109171;0
4323;1,22012E+19;12;0;70;316;2020;12;15;1;3;8;1;0;0;1;0;0;0;0;717211,5027;5900551,205;12,25291307;53,2098137;0
4324;1,2201E+19;12;0;67;144;2020;10;11;2;2;5;3;0;0;1;0;0;0;0;847409,534;5812500,249;14,10241729;52,35243198;0
4325;1,22011E+19;12;0;65;136;2020;11;14;3;2;3;2;0;1;0;0;0;0;1;785443,874;5840151,953;13,21897712;52,63611508;0
4326;1,22012E+19;12;0;64;44;2020;12;17;4;3;5;2;2;1;1;0;0;0;0;839909,8335;5859844,705;14,04123694;52,78112789;0
4327;1,2201E+19;12;0;73;189;2020;10;7;7;3;9;1;0;0;1;0;0;0;0;856230,9824;5913739,872;14,34160497;53,25302027;1
4328;1,22011E+19;12;0;70;316;2020;11;12;6;2;5;3;0;1;0;0;0;0;1;710058,8343;5887515,785;12,13742651;53,09568586;0
4329;1,22009E+19;12;0;60;20;2020;9;6;3;3;5;3;1;1;1;0;0;0;0;809271,4185;5846992,667;13,57639598;52,6843726;0
4330;1,22012E+19;12;0;65;136;2020;12;14;2;3;5;3;0;1;1;0;0;0;0;784427,2795;5841717,094;13,20534365;52,65068119;0
4331;1,22011E+19;12;0;69;454;2020;11;15;6;3;2;2;0;0;1;0;0;0;0;783518,7842;5806505,498;13,16198356;52,33543876;1
4332;1,2201E+19;12;0;61;433;2020;10;17;6;2;5;3;0;0;1;0;0;0;0;806479,8288;5807668,473;13,49902091;52,33352559;0
4333;1,22009E+19;12;0;65;225;2020;9;12;4;3;2;6;0;0;1;0;0;0;1;792176,5056;5841128,476;13,31904789;52,64128851;0
4334;1,2201E+19;12;0;60;20;2020;10;8;7;3;4;2;0;0;1;0;0;0;0;810442,9315;5846802,779;13,59349182;52,68200144;1
4335;1,22011E+19;12;0;64;512;2020;11;13;6;3;5;2;0;0;1;0;0;0;0;845515,544;5854339,493;14,11822074;52,72827967;0
4336;1,2201E+19;12;0;71;337;2020;10;13;3;2;8;1;0;0;0;0;1;0;0;890177,3076;5764486,312;14,67237961;51,89416094;0
4337;1,22011E+19;12;0;63;208;2020;11;7;3;2;8;1;0;0;0;0;0;0;1;755448,5207;5830524,596;12,76931006;52,56469667;2
4338;1,2201E+19;12;0;72;298;2020;10;17;2;1;8;1;0;0;0;0;1;0;0;787542,3972;5761853,717;13,18314078;51,9329728;0
4339;1,22012E+19;12;0;70;296;2020;12;10;1;2;5;3;0;0;1;0;0;0;0;690412,0568;5886005,872;11,84350447;53,08949869;1
4340;1,12001E+19;11;0;6;6;2020;1;22;6;3;1;7;2;1;1;0;0;0;0;791476,1743;5819079,501;13,28938045;52,44400008;0
4341;1,22009E+19;12;0;54;0;2020;9;20;2;3;5;3;2;1;1;0;0;0;0;775396,052;5812810,031;13,0482443;52,39611344;0
4342;1,22009E+19;12;0;61;448;2020;9;15;4;3;2;2;0;0;1;0;0;0;1;817592,8774;5788376,039;13,64346275;52,15433189;0
4343;1,22012E+19;12;0;61;332;2020;12;14;2;3;5;3;0;1;1;0;0;0;0;812985,425;5791289,477;13,57901783;52,18307119;0
4344;1,2201E+19;12;0;52;0;2020;10;16;2;3;5;2;0;1;1;0;0;0;0;867274,163;5747399,617;14,32290793;51,75674733;1
4345;1,22011E+19;12;0;60;20;2020;11;22;3;2;2;6;2;1;1;0;0;0;0;809528,3102;5844618,395;13,57795486;52,66294964;0
4346;1,22012E+19;12;0;72;477;2020;12;10;4;2;4;6;0;0;1;0;0;0;0;804445,0374;5794296,957;13,45718697;52,21480556;0
4347;1,2201E+19;12;0;66;304;2020;10;1;7;3;7;7;2;0;1;0;0;0;0;849563,2059;5722516,573;14,04247403;51,5452085;1
4348;1,22011E+19;12;0;64;408;2020;11;10;6;2;5;3;0;1;1;0;0;0;0;832536,1322;5831461,938;13,90372202;52,53149719;0
4349;1,22009E+19;12;0;66;292;2020;9;7;3;3;1;6;0;1;1;0;0;0;0;842772,6961;5713220,997;13,93588845;51,46609836;0
4350;1,22012E+19;12;0;64;136;2020;12;11;2;3;5;3;0;0;1;0;0;0;0;822171,8428;5829107,741;13,74918524;52,51662937;0
4351;1,22009E+19;12;0;54;0;2020;9;19;1;3;9;1;2;0;1;0;0;0;0;773970,9782;5811749,342;13,02648528;52,38731576;1
4352;1,22011E+19;12;0;63;189;2020;11;22;7;3;1;5;2;0;1;0;1;0;0;728289,7989;5818243,584;12,36093193;52,4665498;0
4353;1,2201E+19;12;0;72;298;2020;10;8;6;3;5;2;0;0;0;0;0;0;1;792822,1687;5758964;13,25726742;51,90431185;1
4354;1,22009E+19;12;0;65;193;2020;9;9;4;3;3;6;0;1;1;0;0;0;0;795748,5623;5866542,621;13,39459335;52,86715398;0
4355;1,2201E+19;12;0;65;225;2020;10;16;1;3;5;3;0;0;1;0;1;0;0;795037,8292;5846659,994;13,36616037;52,68932495;0
4356;1,22009E+19;12;0;72;477;2020;9;11;7;3;4;1;0;0;1;0;0;0;0;801742,5848;5795249,05;13,41859864;52,2248257;0
4357;1,22009E+19;12;0;62;293;2020;9;23;4;2;9;1;2;1;0;0;0;0;0;833091,5257;5726740,423;13,80979214;51,59301029;0
4358;1,22012E+19;12;0;71;372;2020;12;15;2;3;8;1;0;0;0;0;0;0;1;872633,2813;5727240,294;14,37873514;51,57275123;0
4359;1,2201E+19;12;0;71;57;2020;10;9;7;3;4;3;0;0;1;0;0;0;0;861341,4743;5735653,435;14,22515071;51,65542846;0
4360;1,2201E+19;12;0;61;260;2020;10;21;7;2;4;6;2;0;1;0;0;0;0;817144,7066;5805807,258;13,65327323;52,31079121;1
4361;1,22011E+19;12;0;67;469;2020;11;19;1;3;2;6;2;0;1;0;0;0;1;823782,939;5809469,034;13,75383562;52,33972784;0
4362;1,2201E+19;12;0;51;0;2020;10;22;6;3;0;1;2;1;0;0;0;0;0;740582,8498;5813600,365;12,53820358;52,41960998;0
4363;1,22011E+19;12;0;64;227;2020;11;8;4;2;5;3;0;0;1;0;0;0;0;815011,7081;5826924,943;13,64195176;52,50125262;0
4364;1,12001E+19;11;0;2;2;2020;1;18;4;3;2;6;2;0;1;0;0;0;0;797146,8341;5825586,831;13,37836475;52,49927984;0
4365;1,22012E+19;12;0;65;225;2020;12;8;5;2;3;6;0;0;1;0;0;1;0;794001,106;5845828,68;13,35012453;52,68243641;0
4366;1,2201E+19;12;0;52;0;2020;10;10;5;1;5;2;0;1;1;0;0;0;0;867498,269;5745185,762;14,32380377;51,73678093;0
4367;1,22009E+19;12;0;60;20;2020;9;8;4;3;2;6;0;0;1;0;0;1;0;808899,7675;5841517,072;13,56578905;52,63551569;0
4368;1,12001E+19;11;0;7;7;2020;1;20;5;3;5;3;2;0;1;0;0;0;0;798153,95;5819054,333;13,3873192;52,4401743;1
4369;1,22009E+19;12;0;68;117;2020;9;14;4;3;0;7;0;0;0;0;1;0;0;753665,9463;5858247,694;12,76442613;52,8142231;0
4370;1,22011E+19;12;0;72;240;2020;11;13;1;3;3;6;0;1;1;0;0;0;0;784578,9986;5801096,187;13,17293099;52,28638699;0
4371;1,2201E+19;12;0;61;332;2020;10;15;5;3;7;7;0;0;0;0;1;0;1;812302,952;5800460,063;13,5775289;52,26564419;1
4372;1,22011E+19;12;0;69;397;2020;11;21;3;3;3;6;2;0;1;0;0;1;0;772569,0815;5802338,328;12,9983029;52,3036125;0
4373;1,22009E+19;12;0;60;5;2020;9;15;6;3;2;6;0;0;1;0;0;0;0;810300,0776;5835003,97;13,58030892;52,57635185;0
4374;1,22012E+19;12;0;53;0;2020;12;9;6;2;2;6;0;0;0;0;0;1;0;874156,3905;5810857,132;14,4915343;52,32014935;1
4375;1,2201E+19;12;0;65;332;2020;10;21;5;3;9;7;2;0;1;0;0;0;0;784597,403;5845729,661;13,21131497;52,68656732;0
4376;1,2201E+19;12;0;67;124;2020;10;7;5;3;8;6;1;1;0;0;0;0;1;823018,4358;5819462,697;13,75227938;52,42971642;1
4377;1,22011E+19;12;0;54;0;2020;11;18;5;3;3;2;2;1;1;0;0;0;0;776853,6114;5813597,167;13,07026205;52,40243737;1
4378;1,2201E+19;12;0;60;161;2020;10;1;4;3;8;1;2;0;1;0;0;0;0;819516,4189;5859887,629;13,73998556;52,7939599;1
4379;1,22012E+19;12;0;63;273;2020;12;9;2;3;2;1;0;0;1;0;0;1;0;770854,1965;5843512,44;13,00668304;52,67372637;0
4380;1,12001E+19;11;0;7;7;2020;1;6;6;3;6;2;2;0;1;1;0;0;0;797789,6512;5818931,35;13,38186602;52,43927037;1
4381;1,22009E+19;12;0;67;40;2020;9;21;4;3;3;6;2;0;1;0;0;1;0;853029,8778;5811933,513;14,18400466;52,34377095;0
4382;1,22012E+19;12;0;66;320;2020;12;16;5;2;5;3;1;0;1;0;0;0;0;852660,544;5743773,912;14,10836626;51,73366209;0
4383;1,2201E+19;12;0;65;256;2020;10;12;4;3;3;2;0;1;1;0;0;0;0;786306,2449;5853377,914;13,24318762;52,75423577;0
4384;1,22011E+19;12;0;54;0;2020;11;14;4;3;3;2;0;1;1;0;0;0;0;775392,9823;5812797,624;13,0481891;52,39600371;0
4385;1,22012E+19;12;0;60;269;2020;12;22;6;2;3;6;2;0;1;0;0;0;0;806511,9124;5854103,396;13,5423311;52,74966363;1
4386;1,22009E+19;12;0;64;472;2020;9;10;7;3;2;6;0;0;1;0;0;0;0;829822,1613;5833939,712;13,86631782;52,55534103;1
4387;1,2201E+19;12;0;69;604;2020;10;17;2;3;9;1;1;0;1;0;0;0;0;781972,3075;5808295,886;13,14084831;52,35228969;0
4388;1,22011E+19;12;0;65;256;2020;11;13;2;3;8;1;0;0;0;0;0;0;1;792800,4696;5849884,358;13,33602324;52,71944193;1
4389;1,22009E+19;12;0;63;260;2020;9;14;4;3;0;1;0;1;0;0;0;0;0;725058,3358;5850108,404;12,33512613;52,75387392;0
4390;1,22012E+19;12;0;73;452;2020;12;7;3;3;0;3;2;1;0;0;0;0;1;823516,4582;5918123,388;13,85754395;53,31322096;0
4391;1,22009E+19;12;0;65;256;2020;9;12;3;3;1;5;0;0;1;0;0;0;1;786387,5447;5853298,98;13,24432001;52,75348506;0
4392;1,2201E+19;12;0;68;477;2020;10;16;3;2;8;1;1;0;1;0;0;0;0;738171,8626;5864564,791;12,53959805;52,87796749;0
4393;1,22011E+19;12;0;68;188;2020;11;15;3;2;8;1;0;0;1;0;0;0;0;766032,8197;5869536,067;12,95669942;52,90950401;0
4394;1,2201E+19;12;0;67;144;2020;10;18;2;3;0;7;1;1;0;0;0;0;0;844850,96;5812392,505;14,06488868;52,353081;0
4395;1,2201E+19;12;0;67;469;2020;10;6;2;3;2;6;1;0;1;0;0;0;1;833802,4968;5808613,865;13,89952117;52,326067;0
4396;1,12001E+19;11;0;10;10;2020;1;18;4;3;5;2;2;0;1;0;0;0;0;808900,4403;5833405,518;13,55823167;52,56282336;1
4397;1,22009E+19;12;0;60;52;2020;9;21;2;2;3;1;2;1;0;0;0;0;1;824317,2986;5864771,353;13,81577822;52,83484656;0
4398;1,22009E+19;12;0;60;36;2020;9;13;4;3;5;3;0;0;1;0;0;0;0;824076,0716;5869740,835;13,81714811;52,8795077;0
4399;1,22012E+19;12;0;69;656;2020;12;9;6;3;8;7;0;0;1;0;0;0;0;766714,1617;5815019,015;12,92271262;52,4202235;0
4400;1,2201E+19;12;0;72;240;2020;10;12;1;2;1;5;0;0;1;0;1;0;0;794054,2244;5802269,913;13,31247507;52,29192466;0
4401;1,22011E+19;12;0;54;0;2020;11;12;2;3;0;3;0;1;1;0;0;0;0;775785,8014;5815139,804;13,05587684;52,41681029;1
4402;1,22012E+19;12;0;52;0;2020;12;17;3;3;6;4;2;1;0;1;0;0;1;868474,8061;5747691,27;14,34053641;51,75857047;0
4403;1,2201E+19;12;0;65;256;2020;10;1;7;3;0;7;2;1;0;0;0;0;0;784690,4402;5852998,808;13,21898263;52,75169009;0
4404;1,22011E+19;12;0;63;228;2020;11;13;5;3;0;7;0;0;0;0;0;0;1;751172,5865;5841826,684;12,71494539;52,66807931;0
4405;1,22009E+19;12;0;68;117;2020;9;12;3;3;2;6;0;0;1;0;0;0;1;754109,756;5859265,95;12,7717886;52,82314821;0
4406;1,22012E+19;12;0;73;532;2020;12;17;1;2;8;1;2;0;1;0;0;0;0;855622,8926;5890012,582;14,30621266;53,04105752;1
4407;1,22011E+19;12;0;62;500;2020;11;20;6;2;6;4;2;0;1;1;0;0;0;802470,645;5720035,079;13,36331257;51,55015939;0
4408;1,2201E+19;12;0;62;140;2020;10;8;6;3;6;4;0;0;1;1;0;0;0;825374,4372;5731340,859;13,70303546;51,63874287;0