OBJECTID;UIDENTSTLAE;ULAND;UREGBEZ;UKREIS;UGEMEINDE;UJAHR;UMONAT;USTUNDE;UWOCHENTAG;UKATEGORIE;UART;UTYP1;ULICHTVERH;IstRad;IstPKW;IstFuss;IstKrad;IstGkfz;IstSonstige;LINREFX;LINREFY;XGCSWGS84;YGCSWGS84;STRZUSTAND
4409;1,22009E+19;12;0;72;477;2020;9;13;3;3;8;1;0;0;1;0;0;0;0;809266,5607;5795393,561;13,52854049;52,22195058;0
4410;1,2201E+19;12;0;63;36;2020;10;18;6;3;1;5;2;0;1;0;1;0;0;770547,7344;5833356,889;12,99384804;52,58280337;1
4411;1,22011E+19;12;0;72;169;2020;11;18;5;3;2;6;2;0;1;0;0;0;0;780533,8393;5767861,847;13,08636891;51,99042971;1
4412;1,22009E+19;12;0;66;296;2020;9;16;6;3;5;2;0;0;1;0;0;0;0;839503,4375;5715973,969;13,89164076;51,4927314;0
4413;1,22009E+19;12;0;60;5;2020;9;9;7;3;3;2;0;0;1;0;1;0;0;805253,1468;5837064,392;13,50796255;52,59767209;0
4414;1,22009E+19;12;0;60;52;2020;9;5;4;2;4;2;1;1;0;0;0;0;1;822981,8652;5864712,497;13,79596608;52,83512084;0
4415;1,22012E+19;12;0;61;308;2020;12;9;7;3;8;1;0;0;1;0;0;0;0;866404,4916;5768975,745;14,33321275;51,95047428;2
4416;1,2201E+19;12;0;63;273;2020;10;7;6;3;8;7;0;1;0;0;0;0;0;768872,9678;5842816,625;12,9768848;52,66847215;0
4417;1,2201E+19;12;0;54;0;2020;10;11;6;3;1;6;0;0;1;0;0;0;1;775009,5284;5818060,698;13,04689378;52,44339513;1
4418;1,22011E+19;12;0;68;117;2020;11;15;7;1;8;1;0;0;1;0;0;0;0;757660,9716;5861518,81;12,82615039;52,84167064;0
4419;1,2201E+19;12;0;68;452;2020;10;15;6;3;7;7;0;0;1;0;0;0;0;745804,353;5873190,598;12,65930609;52,95192027;0
4420;1,22011E+19;12;0;53;0;2020;11;6;3;3;2;6;2;0;1;0;0;0;0;876071,8769;5811201,383;14,51989153;52,32192234;0
4421;1,22012E+19;12;0;60;181;2020;12;5;4;3;5;3;2;1;1;0;0;0;0;806257,8497;5842517,372;13,52780005;52,64597658;1
4422;1,2201E+19;12;0;69;17;2020;10;13;4;3;4;6;0;1;0;0;0;0;0;771309,0026;5794758,157;12,97377402;52,23625047;0
4423;1,22009E+19;12;0;53;0;2020;9;16;4;3;2;2;0;0;1;0;0;0;0;873005,4103;5816456,301;14,48093715;52,37104073;0
4424;1,12001E+19;11;0;3;3;2020;1;7;4;2;5;3;2;1;0;0;0;0;1;800847,9871;5830332,43;13,43701537;52,53978795;1
4425;1,22011E+19;12;0;72;240;2020;11;14;6;3;5;3;0;1;1;0;0;0;0;791388,0276;5803035,531;13,27415416;52,30020838;0
4426;1,2201E+19;12;0;60;20;2020;10;18;5;3;5;3;2;1;1;0;0;0;0;804452,7901;5845881,649;13,50430833;52,67714314;0
4427;1,22011E+19;12;0;64;227;2020;11;7;3;3;0;3;1;1;0;0;0;0;1;814054,924;5830578,218;13,63135127;52,53454036;0
4428;1,22009E+19;12;0;65;332;2020;9;7;6;3;6;4;0;1;1;1;0;0;0;782004,51;5844828,504;13,17228662;52,67984276;0
4429;1,22012E+19;12;0;61;433;2020;12;14;5;3;2;6;0;0;1;0;0;0;1;810326,4361;5806589,952;13,55430072;52,32169911;0
4430;1,22009E+19;12;0;66;196;2020;9;8;4;3;0;7;0;0;0;0;0;1;1;843497,4669;5753957,1;13,98625511;51,83056153;0
4431;1,2201E+19;12;0;60;20;2020;10;15;4;2;8;1;0;0;1;0;0;0;0;809426,6971;5844343,266;13,57619916;52,6605421;0
4432;1,22011E+19;12;0;65;251;2020;11;6;5;3;6;4;2;0;1;1;0;0;0;777038,3222;5849135,48;13,10264379;52,72102335;0
4433;1,2201E+19;12;0;69;616;2020;10;15;3;3;5;3;0;0;1;0;0;0;0;791192,4768;5813674,311;13,28051419;52,39569271;0
4434;1,22009E+19;12;0;66;304;2020;9;14;6;3;5;3;0;0;1;0;0;0;0;845348,7735;5717602,395;13,97711558;51,50378142;1
4435;1,22009E+19;12;0;62;224;2020;9;14;7;2;2;2;0;0;1;0;0;0;0;790869,7568;5739845,532;13,21291742;51,73390206;0
4436;1,22009E+19;12;0;67;201;2020;9;7;4;2;3;6;0;0;1;0;0;0;0;831223,1922;5816727,724;13,8698149;52,40031231;0
4437;1,22012E+19;12;0;72;240;2020;12;19;7;3;2;6;2;0;1;0;0;0;0;791143,9764;5803771,803;13,27122145;52,30693877;0
4438;1,2201E+19;12;0;64;227;2020;10;14;7;3;9;1;0;0;0;0;1;0;0;815271,5001;5825475,056;13,64439435;52,48811068;0
4439;1,2201E+19;12;0;64;512;2020;10;15;7;3;7;7;0;0;0;0;1;0;1;846159,5833;5854050,15;14,12741481;52,72527753;1
4440;1,22011E+19;12;0;61;260;2020;11;18;7;3;2;6;2;0;1;0;0;0;0;819404,352;5806806,761;13,6872559;52,31843833;0
4441;1,2201E+19;12;0;73;532;2020;10;5;6;3;5;3;2;0;1;0;0;0;0;853682,0287;5892489,622;14,28010502;53,06451577;0
4442;1,22011E+19;12;0;51;0;2020;11;8;3;3;2;6;0;0;1;0;0;0;1;747285,0271;5813027,786;12,63613542;52,41148487;0
4443;1,12001E+19;11;0;1;1;2020;1;17;1;3;5;3;2;1;1;0;0;0;0;795877,1448;5832069,085;13,36548411;52,55807714;0
4444;1,22012E+19;12;0;69;17;2020;12;15;4;3;5;3;0;1;1;0;0;0;0;765160,5558;5799612,78;12,88775852;52,28279009;1
4445;1,2201E+19;12;0;72;477;2020;10;6;4;3;5;3;1;0;1;0;0;0;0;804401,8503;5793238,528;13,45560567;52,20534225;0
4446;1,22009E+19;12;0;65;225;2020;9;14;4;3;6;4;0;0;1;1;0;0;0;793406,8966;5842849,712;13,33870909;52,65605447;0
4447;1,12001E+19;11;0;12;12;2020;1;14;5;3;2;6;0;0;1;0;0;0;0;794473,9187;5834325,969;13,34684894;52,57906894;1
4448;1,22011E+19;12;0;53;0;2020;11;16;1;2;8;7;2;0;1;0;0;0;0;872918,5198;5811444,842;14,47410702;52,32625055;1
4449;1,2201E+19;12;0;71;301;2020;10;11;5;2;1;6;0;0;1;0;0;1;0;876359,3738;5745013,128;14,45136583;51,72936216;0
4450;1,22011E+19;12;0;66;196;2020;11;9;3;3;5;3;0;0;1;0;0;0;0;841969,7185;5757077,644;13,96725148;51,85945012;0
4451;1,22009E+19;12;0;64;512;2020;9;23;6;3;8;7;2;0;1;0;0;0;0;850270,596;5854408,454;14,18841985;52,7258417;0
4452;1,22012E+19;12;0;65;256;2020;12;14;6;3;2;6;0;0;1;0;0;0;1;785086,4094;5858576,596;13,22968678;52,80148798;1
4453;1,22009E+19;12;0;72;426;2020;9;7;4;3;1;2;0;0;1;0;0;0;0;788149,4572;5794154,505;13,21921299;52,2222875;0
4454;1,2201E+19;12;0;69;616;2020;10;7;4;3;0;7;0;0;0;1;0;0;1;792584,0834;5812987,348;13,30030862;52,38879249;1
4455;1,22011E+19;12;0;66;320;2020;11;19;5;3;5;3;2;1;1;0;0;0;0;850330,912;5749861,02;14,08089591;51,7896378;0
4456;1,2201E+19;12;0;64;428;2020;10;19;4;3;6;2;2;0;1;1;0;0;0;824994,122;5826578,664;13,78816338;52,49229773;0
4457;1,22012E+19;12;0;61;433;2020;12;6;2;3;2;6;2;0;1;0;0;0;1;810172,5448;5811482,91;13,55656513;52,36563682;0
4458;1,12001E+19;11;0;4;4;2020;1;10;4;3;5;3;0;0;1;0;0;1;0;791137,5948;5829407,026;13,2934365;52,53676681;0
4459;1,22009E+19;12;0;73;8;2020;9;10;3;2;6;2;0;0;1;1;0;0;0;835123,1277;5885461,752;13,99692445;53,01353327;0
4460;1,22009E+19;12;0;70;173;2020;9;15;4;3;8;1;0;0;0;0;1;0;0;686808,5764;5890216,512;11,7922122;53,12857706;0
4461;1,22012E+19;12;0;69;604;2020;12;7;4;2;8;7;1;0;1;0;0;0;0;784025,6871;5808126,282;13,17077305;52,34970964;1
4462;1,2201E+19;12;0;54;0;2020;10;13;3;3;2;6;0;0;1;0;0;0;0;776574,4665;5812176,149;13,06499627;52,38983516;0
4463;1,22011E+19;12;0;65;144;2020;11;15;4;3;5;3;0;1;1;0;0;0;0;791893,8098;5844343,394;13,31772568;52,67026048;0
4464;1,22012E+19;12;0;67;336;2020;12;22;6;3;7;7;2;0;1;0;0;0;0;871652,5557;5799752,532;14,44274362;52,22246385;1
4465;1,2201E+19;12;0;54;0;2020;10;20;2;3;4;2;2;0;1;0;0;0;0;775661,9697;5813561,757;13,05276123;52,40272103;0
4466;1,22011E+19;12;0;65;144;2020;11;12;1;3;8;6;0;1;0;0;0;0;0;788237,9588;5848231,824;13,26721525;52,70707547;0
4467;1,22009E+19;12;0;69;17;2020;9;18;4;3;3;6;0;1;0;0;0;0;0;770404,996;5790927,106;12,95750742;52,20233375;0
4468;1,22012E+19;12;0;67;124;2020;12;20;3;3;9;1;2;0;1;0;0;0;0;823121,4505;5817440,757;13,75183691;52,41154029;0
4469;1,22009E+19;12;0;66;112;2020;9;16;2;3;9;1;0;0;1;0;0;0;0;852390,7562;5726561,089;14,08714046;51,57967506;0
4470;1,2201E+19;12;0;63;357;2020;10;10;2;2;8;1;0;0;1;0;0;0;0;765116,7407;5831929,617;12,9127391;52,57267598;0
4471;1,22011E+19;12;0;51;0;2020;11;6;2;2;3;6;2;1;0;0;0;0;0;742197,0119;5811462,851;12,5603465;52,39971804;0
4472;1,2201E+19;12;0;70;316;2020;10;20;1;3;9;1;2;0;1;0;0;0;0;718834,9876;5899154,603;12,27622567;53,19661438;1
4473;1,2201E+19;12;0;68;306;2020;10;11;2;2;8;1;0;0;0;0;0;0;1;749321,5944;5872651,503;12,71113393;52,94546215;1
4474;1,12001E+19;11;0;9;9;2020;1;8;3;3;5;3;0;1;1;0;0;0;0;804104,6469;5824365,095;13,47943434;52,4844972;1
4475;1,22009E+19;12;0;65;144;2020;9;16;2;3;0;7;0;1;0;0;0;0;0;789917,4384;5843084,968;13,28747414;52,66003909;0
4476;1,22009E+19;12;0;72;426;2020;9;16;3;3;2;6;0;1;1;0;0;0;0;791634,9372;5793151,533;13,26923249;52,21146198;0
4477;1,22012E+19;12;0;73;393;2020;12;4;5;3;8;7;2;0;1;0;0;0;0;860275,8782;5918000,176;14,40678588;53,28841838;1
4478;1,2201E+19;12;0;71;244;2020;10;14;1;2;5;3;0;1;1;0;0;0;0;862910,2723;5746268,963;14,25877182;51,7494661;0
4479;1,22011E+19;12;0;65;332;2020;11;7;2;3;8;1;0;0;1;0;0;0;0;783964,5788;5847844,963;13,20380294;52,70586438;1
4480;1,22012E+19;12;0;67;36;2020;12;13;3;2;3;6;0;1;0;0;0;0;1;860082,919;5793228,02;14,26717011;52,17173069;0
4481;1,2201E+19;12;0;54;0;2020;10;14;6;3;2;6;0;0;1;0;0;0;0;776994,3907;5813870,572;13,07255223;52,40481797;1
4482;1,22011E+19;12;0;62;410;2020;11;22;5;2;8;7;2;0;1;0;0;0;0;810277,549;5712654,972;13,46907526;51,47976577;1
4483;1,22009E+19;12;0;63;273;2020;9;13;2;2;8;6;0;0;1;0;0;0;1;776567,4283;5838503,255;13,08676874;52,625925;0
4484;1,22012E+19;12;0;69;632;2020;12;10;7;3;4;6;0;0;1;0;0;0;0;765012,9459;5778845,883;12,86936966;52,09658078;1
4485;1,22011E+19;12;0;60;24;2020;11;9;6;3;5;3;0;1;1;0;0;0;0;814329,9956;5855749,218;13,65935535;52,75992364;0
4486;1,2201E+19;12;0;64;136;2020;10;14;6;3;5;3;0;0;1;0;1;0;0;821962,305;5827044,189;13,74411236;52,49826502;0
4487;1,22009E+19;12;0;72;426;2020;9;11;3;3;4;1;0;0;0;0;1;0;1;782370,8358;5792391,8;13,13337089;52,20947203;0
4488;1,2201E+19;12;0;61;192;2020;10;11;6;3;2;2;0;0;1;0;0;0;0;821728,3215;5791890,5;13,70703638;52,18343055;0
4489;1,22011E+19;12;0;62;224;2020;11;7;5;3;0;7;0;0;0;0;1;0;1;793538,5312;5735703,269;13,24796994;51,69536946;1
4490;1,22009E+19;12;0;61;316;2020;9;13;6;3;0;1;0;0;0;0;1;0;0;835920,4301;5766193,186;13,8886081;51,94478256;1
4491;1,22009E+19;12;0;72;17;2020;9;16;6;2;2;6;0;0;1;0;0;0;1;799288,2254;5804213,203;13,39071846;52,30652038;0
4492;1,22009E+19;12;0;72;298;2020;9;16;3;3;2;6;0;1;1;0;0;0;0;790537,0645;5760470,206;13,22541243;51,91901312;0
4493;1,22012E+19;12;0;60;269;2020;12;11;7;3;8;1;0;0;1;0;0;0;0;803540,7237;5859165,959;13,5031375;52,79671017;2
4494;1,2201E+19;12;0;60;100;2020;10;7;6;3;5;3;0;1;1;0;0;0;0;819049,2519;5880285,247;13,75306952;52,97697414;0
4495;1,2201E+19;12;0;71;189;2020;10;7;6;3;5;3;0;0;1;0;0;0;0;892552,9012;5727482,259;14,66505901;51,56141585;1
4496;1,22011E+19;12;0;51;0;2020;11;13;6;3;5;3;0;0;1;0;0;0;0;741184,8481;5813611,887;12,54704696;52,41944834;0
4497;1,2201E+19;12;0;54;0;2020;10;10;5;3;2;6;0;0;1;0;0;0;0;775433,9675;5812803,988;13,04879517;52,39604018;1
4498;1,22012E+19;12;0;69;474;2020;12;10;3;3;8;1;0;0;1;0;0;0;0;752926,5854;5777835,424;12,69255705;52,09316968;0
4499;1,2201E+19;12;0;60;269;2020;10;15;4;3;8;1;0;0;1;0;0;0;0;806507,2722;5853918,226;13,54208965;52,74800684;1
4500;1,22009E+19;12;0;69;616;2020;9;7;3;3;5;3;1;1;1;0;0;0;0;792467,0247;5813044,366;13,29864313;52,38936617;0
4501;1,12001E+19;11;0;7;7;2020;1;16;3;3;2;2;2;0;1;0;0;0;0;796051,7141;5822750,978;13,35976037;52,474454;1
4502;1,22011E+19;12;0;63;273;2020;11;15;5;3;9;7;0;0;1;0;0;0;0;770028,2224;5839734,832;12,99140519;52,64026031;0
4503;1,2201E+19;12;0;72;297;2020;10;14;4;2;5;3;0;1;1;0;0;0;0;760173,5934;5764714,593;12,78813595;51,97210206;0
4504;1,22011E+19;12;0;65;136;2020;11;19;3;3;0;7;2;1;0;0;0;0;0;784488,6343;5840927,761;13,20556797;52,64357209;1
4505;1,22009E+19;12;0;69;590;2020;9;18;5;3;5;3;1;1;0;0;0;0;0;772626,8037;5807271,228;13,00314489;52,3478247;0
4506;1,22012E+19;12;0;64;380;2020;12;22;5;2;9;1;2;0;1;0;0;0;0;825300,6251;5830785,121;13,79677278;52,52979951;1
4507;1,22009E+19;12;0;73;532;2020;9;11;4;3;5;3;0;0;1;0;0;1;0;844535,1897;5899043,134;14,1511843;53,12916004;0
4508;1,2201E+19;12;0;67;144;2020;10;15;4;3;2;6;0;0;1;0;0;0;0;840933,5548;5814151,71;14,0093789;52,37128457;0
4509;1,22011E+19;12;0;61;329;2020;11;7;4;2;6;4;1;0;1;1;0;0;0;842492,5304;5778716,133;13,99636616;52,0529452;0
4510;1,2201E+19;12;0;73;384;2020;10;10;3;2;6;4;0;1;0;1;0;0;0;788347,5272;5904123,833;13,31855415;53,20804675;0
4511;1,22012E+19;12;0;63;273;2020;12;20;1;3;8;1;2;0;1;0;0;0;0;770104,9889;5839811,689;12,99259977;52,64091138;0
4512;1,12001E+19;11;0;2;2;2020;1;13;3;2;0;2;0;1;1;0;0;0;0;802985,8678;5827645,633;13,46599365;52,51452225;1
4513;1,22009E+19;12;0;68;320;2020;9;16;3;3;4;6;0;1;0;0;0;0;0;755572,039;5868916,099;12,80101022;52,90901793;0
4514;1,22009E+19;12;0;54;0;2020;9;17;3;3;2;6;0;0;1;0;0;0;0;778002,0971;5811998,636;13,08577412;52,38752071;0
4515;1,22012E+19;12;0;67;120;2020;12;9;4;2;5;3;0;0;1;0;0;0;1;885439,5512;5792162,948;14,63499225;52,14509569;1
4516;1,2201E+19;12;0;63;56;2020;10;12;2;3;0;1;0;1;0;0;0;0;0;778293,3286;5827838,192;13,10324733;52,52941034;1
4517;1,22011E+19;12;0;62;500;2020;11;13;3;3;5;3;0;0;1;0;0;0;0;803551,6693;5720328,46;13,37911108;51,55220948;0
4518;1,22012E+19;12;0;61;244;2020;12;4;5;3;5;3;2;0;1;0;0;0;0;820449,315;5764110,989;13,66234489;51,9352445;0
4519;1,2201E+19;12;0;73;572;2020;10;4;1;3;8;7;2;0;1;0;0;0;0;808095,597;5887607,736;13,59745171;53,04899064;1
4520;1,22011E+19;12;0;72;477;2020;11;14;6;3;5;3;0;0;1;0;0;0;0;796267,663;5797456,873;13,3406115;52,24758888;0
4521;1,22009E+19;12;0;67;124;2020;9;7;4;3;5;2;0;1;1;0;0;0;0;823545,1318;5818514,257;13,75908193;52,4209079;0
4522;1,22012E+19;12;0;69;632;2020;12;10;2;3;2;6;0;0;1;0;0;0;1;766405,7002;5781044,625;12,89137321;52,11563512;0
4523;1,22009E+19;12;0;67;124;2020;9;12;2;3;5;2;0;1;1;0;0;0;0;823146,621;5817542,497;13,75230389;52,41243696;0
4524;1,22011E+19;12;0;70;125;2020;11;6;2;3;4;1;2;0;1;0;0;0;0;697318,1166;5894610,693;11,95178163;53,16423999;0
4525;1,2201E+19;12;0;64;336;2020;10;20;7;3;9;1;2;0;1;0;0;0;0;816513,5944;5830799,743;13,66768985;52,53510319;0
4526;1,22009E+19;12;0;72;120;2020;9;8;3;3;2;6;0;0;1;0;0;0;0;794204,1838;5812179,048;13,32333773;52,38067872;0
4527;1,2201E+19;12;0;60;269;2020;10;17;1;2;2;6;2;1;1;0;0;0;0;800175,527;5844565,329;13,44003699;52,66772979;0
4528;1,12001E+19;11;0;4;4;2020;1;12;1;3;2;6;0;0;1;0;0;0;0;790551,987;5826399,65;13,28219929;52,51011815;1
4529;1,22009E+19;12;0;60;269;2020;9;11;1;3;5;3;0;1;1;0;0;0;0;802171,8959;5859497,589;13,48320456;52,80045011;0
4530;1,22009E+19;12;0;71;301;2020;9;7;3;3;8;1;0;0;1;0;0;0;0;874967,2198;5738871,858;14,42470143;51,6753232;0
4531;1,22012E+19;12;0;60;181;2020;12;7;3;3;5;3;2;0;1;0;0;0;1;807248,4012;5843548,872;13,54335466;52,65466087;1
4532;1,2201E+19;12;0;69;604;2020;10;9;7;2;1;7;0;0;1;0;1;0;0;781934,1437;5808606,91;13,14055051;52,35509823;0
4533;1,22012E+19;12;0;67;493;2020;12;9;2;3;4;6;0;0;1;0;0;1;0;849965,4857;5795596,343;14,12226772;52,19944232;0
4534;1,12001E+19;11;0;10;10;2020;1;11;3;3;3;6;0;0;1;0;0;1;0;809639,0283;5827328,981;13,56343189;52,5079485;1
4535;1,22009E+19;12;0;64;125;2020;9;5;3;3;7;7;2;0;0;0;1;0;0;835246,4763;5861590,365;13,97414732;52,79967544;0
4536;1,22009E+19;12;0;67;469;2020;9;17;3;3;2;6;0;0;1;0;0;0;0;823677,6103;5807641,843;13,75053678;52,32341919;0
4537;1,22012E+19;12;0;61;405;2020;12;13;4;2;4;2;0;0;1;0;0;0;1;820923,751;5772170,411;13,67675184;52,0071925;0
4538;1,2201E+19;12;0;60;181;2020;10;14;3;3;5;3;0;1;1;0;0;0;0;807099,1112;5843140,536;13,5407747;52,65108597;0
4539;1,22009E+19;12;0;63;88;2020;9;16;3;3;5;3;0;0;1;0;0;0;0;742732,07;5845086,344;12,59278072;52,70116964;0
4540;1,22011E+19;12;0;69;20;2020;11;13;3;3;2;2;0;0;1;0;0;0;0;746068,2741;5783389,046;12,59666056;52,14609376;0
4541;1,22012E+19;12;0;72;312;2020;12;3;5;3;9;1;2;0;0;0;0;0;1;770489,0841;5784446,649;12,95357069;52,14416768;0
4542;1,2201E+19;12;0;67;124;2020;10;12;2;3;5;3;0;1;1;0;0;0;0;823221,8054;5818375,97;13,75421028;52,41985997;0
4543;1,22011E+19;12;0;60;52;2020;11;11;7;3;0;1;0;0;0;0;1;0;0;822009,6986;5864958,921;13,78182825;52,83790982;1
4544;1,22009E+19;12;0;71;301;2020;9;14;4;3;2;6;0;1;0;0;0;0;0;870958,6037;5738876,783;14,36698897;51,67802634;0
4545;1,22012E+19;12;0;72;120;2020;12;10;2;3;2;2;0;0;1;0;0;0;0;794403,3656;5812041,779;13,32613516;52,37934118;0
4546;1,22009E+19;12;0;60;52;2020;9;13;2;3;2;2;0;0;1;0;0;0;0;822536,22;5865432,709;13,79008539;52,84183942;0
4547;1,22011E+19;12;0;53;0;2020;11;7;2;2;6;4;0;0;1;1;0;0;0;877290,0819;5813234,788;14,53996141;52,33928298;1
4548;1,2201E+19;12;0;60;68;2020;10;15;7;3;2;6;0;0;1;0;0;0;0;824073,128;5888754,115;13,83611826;53,04982242;0
4549;1,22009E+19;12;0;69;616;2020;9;10;3;3;1;5;0;0;1;0;0;0;0;792024,5898;5815349,779;13,29416982;52,41027043;0
4550;1,2201E+19;12;0;66;296;2020;10;10;1;2;2;6;0;0;1;0;0;0;0;837307,5715;5713085,737;13,85736871;51,46816783;0
4551;1,12001E+19;11;0;2;2;2020;1;6;2;3;6;4;1;0;1;1;0;0;0;801817,6203;5826368,503;13,44767223;52,50372295;0
4552;1,22009E+19;12;0;69;604;2020;9;13;1;3;4;2;0;1;1;0;0;0;0;785175,7789;5809283,941;13,18859564;52,35949305;0
4553;1,22009E+19;12;0;67;469;2020;9;17;3;2;4;7;0;0;1;0;0;0;0;823681,559;5807641,616;13,7505943;52,32341483;0
4554;1,22012E+19;12;0;69;590;2020;12;11;3;3;2;6;0;0;1;0;0;0;0;768589,4226;5801198,698;12,93916773;52,29535058;1
4555;1,2201E+19;12;0;60;269;2020;10;8;1;2;9;1;0;0;0;0;0;0;1;804605,0744;5859144,632;13,51885426;52,79591964;1
4556;1,22011E+19;12;0;54;0;2020;11;13;1;3;0;7;0;1;0;1;0;0;0;772797,6113;5815271,852;13,01215593;52,41949221;1
4557;1,22011E+19;12;0;69;616;2020;11;6;2;3;2;6;2;0;1;0;0;0;0;788675,9693;5813673,104;13,24363123;52,39701399;0
4558;1,22011E+19;12;0;64;44;2020;11;6;5;3;5;3;1;0;1;0;1;0;0;841852,3213;5865596,248;14,0759334;52,83140456;0
4559;1,22009E+19;12;0;60;198;2020;9;5;3;3;2;6;1;0;1;0;0;1;0;815219,5735;5865878,717;13,68225454;52,85016364;0
4560;1,12001E+19;11;0;6;6;2020;1;11;6;3;5;7;0;0;1;0;0;0;0;778605,6235;5814904,392;13,0970364;52,4132711;0
4561;1,22012E+19;12;0;72;240;2020;12;7;6;3;6;4;2;0;1;1;0;0;0;789469,9768;5803832,346;13,24678847;52,30836601;1
4562;1,2201E+19;12;0;67;144;2020;10;15;6;2;0;7;0;1;0;0;0;1;0;844576,6415;5813118,953;14,06162191;52,35975891;0
4563;1,22009E+19;12;0;67;120;2020;9;16;3;3;5;3;0;1;1;0;0;0;0;885621,4583;5790603,382;14,63587067;52,13101507;0
4564;1,22009E+19;12;0;69;590;2020;9;16;3;3;3;2;0;1;1;0;0;0;0;770897,8881;5808335,787;12,97868337;52,35822887;0
4565;1,2201E+19;12;0;64;44;2020;10;19;6;3;4;6;2;0;1;0;0;0;0;842931,149;5866032,569;14,09234141;52,83462663;1
4566;1,22011E+19;12;0;63;212;2020;11;2;4;2;8;1;2;0;1;0;0;0;0;735880,8816;5832041,75;12,48226016;52,58714358;0
4567;1,22009E+19;12;0;51;0;2020;9;10;6;3;5;2;0;1;1;0;0;0;0;741409,892;5811402,025;12,54875596;52,39951985;0
4568;1,22009E+19;12;0;67;440;2020;9;18;3;3;0;7;0;1;0;0;0;0;0;818858,016;5824720,723;13,69631561;52,47926921;0
4569;1,22012E+19;12;0;67;336;2020;12;10;7;3;5;2;0;0;1;0;0;1;0;867209,3966;5806752,516;14,38559329;52,28809709;1
4570;1,2201E+19;12;0;68;324;2020;10;17;6;2;2;6;0;0;1;0;1;0;0;731967,7066;5860049,287;12,44436568;52,84015813;0
4571;1,2201E+19;12;0;64;472;2020;10;8;6;3;2;6;0;0;1;0;0;1;0;826780,7597;5831042,443;13,81876755;52,53121956;1
4572;1,22011E+19;12;0;62;500;2020;11;14;6;3;5;2;0;1;0;0;0;0;1;797669,671;5724550,85;13,29809078;51,59320111;0
4573;1,2201E+19;12;0;66;304;2020;10;23;5;3;7;7;2;0;1;0;0;0;0;848706,1675;5721657,401;14,02931195;51,53804268;1
4574;1,22012E+19;12;0;71;57;2020;12;14;3;3;4;2;0;0;1;0;0;1;0;858669,025;5732909,225;14,18386629;51,63256499;0
4575;1,2201E+19;12;0;60;269;2020;10;18;4;3;5;3;1;1;1;0;0;0;0;799906,165;5845840,172;13,43722554;52,67930516;1
4576;1,22009E+19;12;0;65;225;2020;9;14;3;3;2;6;0;0;1;0;0;0;0;792528,541;5843417,207;13,32626406;52,66161589;0
4577;1,12001E+19;11;0;7;7;2020;1;0;2;3;9;1;2;0;1;0;0;0;0;799446,9796;5821501,14;13,40847871;52,46140018;0
4578;1,22011E+19;12;0;51;0;2020;11;11;5;3;5;2;0;1;1;0;0;0;0;740561,8215;5812129,055;12,53683734;52,4064169;0
4579;1,2201E+19;12;0;67;481;2020;10;10;4;1;4;6;0;0;1;0;0;1;0;835116,9185;5799532,212;13,90971525;52,24391819;1
4580;1,22011E+19;12;0;61;540;2020;11;7;2;3;2;6;1;0;1;0;0;1;0;815654,953;5805661,409;13,63135588;52,31034208;0
4581;1,22009E+19;12;0;52;0;2020;9;18;5;3;5;2;0;0;1;0;0;0;0;866436,2144;5750375,155;14,31395619;51,78393462;0
4582;1,22012E+19;12;0;61;329;2020;12;16;4;3;4;2;2;0;1;0;0;0;0;841473,5973;5771105,989;13,97397761;51,9854095;0
4583;1,22009E+19;12;0;65;193;2020;9;22;4;2;0;7;2;1;0;0;0;0;0;797008,3044;5862052,504;13,4091647;52,82621575;0
4584;1,2201E+19;12;0;61;17;2020;10;10;3;2;2;6;0;0;1;0;0;0;0;827480,9;5766685,69;13,76672255;51,95422373;0
4585;1,22011E+19;12;0;73;532;2020;11;10;4;2;5;2;0;0;1;0;0;0;0;854130,2987;5892053,932;14,28628732;53,06031929;0
4586;1,2201E+19;12;0;65;136;2020;10;12;3;3;2;6;0;0;1;0;0;0;0;784616,9821;5835257,367;13,20257968;52,59266525;0
4587;1,22012E+19;12;0;60;280;2020;12;11;1;3;5;3;0;0;1;0;0;0;0;816332,7869;5840484,659;13,67427398;52,62198697;1
4588;1,12001E+19;11;0;1;1;2020;1;19;1;3;5;2;1;0;1;0;0;0;0;796044,9982;5831344,676;13,36730684;52,55149233;0
4589;1,22009E+19;12;0;63;189;2020;9;18;2;2;0;6;0;0;0;1;0;0;1;716963,5616;5829567,051;12,20186243;52,57280781;0
4590;1,22009E+19;12;0;65;100;2020;9;15;3;2;5;3;0;0;1;0;0;0;1;775827,9782;5887195,499;13,11703379;53,06290877;0
4591;1,22012E+19;12;0;60;181;2020;12;15;3;3;5;3;0;0;1;0;0;0;0;805794,2139;5840853,436;13,51942847;52,63132576;0