OBJECTID;UIDENTSTLAE;ULAND;UREGBEZ;UKREIS;UGEMEINDE;UJAHR;UMONAT;USTUNDE;UWOCHENTAG;UKATEGORIE;UART;UTYP1;ULICHTVERH;IstRad;IstPKW;IstFuss;IstKrad;IstGkfz;IstSonstige;LINREFX;LINREFY;XGCSWGS84;YGCSWGS84;STRZUSTAND
4592;1,2201E+19;12;0;61;540;2020;10;5;2;3;2;6;2;0;1;0;0;0;1;815605,6596;5805655,019;13,63062922;52,31031314;0
4593;1,22011E+19;12;0;60;198;2020;11;6;3;3;5;3;1;1;1;0;0;0;0;819702,476;5867411,648;13,7500982;52,86125625;0
4594;1,22012E+19;12;0;64;472;2020;12;16;5;3;5;3;2;0;1;0;1;0;0;831575,1076;5837717,171;13,89585524;52,58811259;0
4595;1,2201E+19;12;0;69;304;2020;10;12;7;3;6;4;0;0;1;1;0;0;0;787512,297;5813977,516;13,22683674;52,40035541;0
4596;1,22011E+19;12;0;60;100;2020;11;15;6;3;8;1;0;0;1;0;0;0;0;817690,1135;5881643,716;13,73423049;52,98995093;1
4597;1,22009E+19;12;0;69;656;2020;9;6;3;2;4;2;0;0;0;0;1;0;1;761171,6512;5811604,092;12,83873289;52,39226482;0
4598;1,22012E+19;12;0;71;44;2020;12;10;2;3;5;3;0;1;1;0;0;0;0;887637,0827;5733381,22;14,60099208;51,61760017;1
4599;1,22009E+19;12;0;65;165;2020;9;16;2;3;2;2;0;0;1;0;0;0;1;772920,2226;5854518,961;13,04630255;52,77139117;0
4600;1,22011E+19;12;0;68;72;2020;11;18;1;3;8;1;2;0;1;0;0;0;0;751179,4611;5868520,006;12,73552809;52,90753501;0
4601;1,2201E+19;12;0;65;198;2020;10;11;7;3;7;7;0;0;1;0;0;0;0;783041,7568;5869272,672;13,20872132;52,8984591;0
4602;1,22009E+19;12;0;54;0;2020;9;21;3;3;4;6;2;1;0;0;0;0;0;777061,6864;5811776,393;13,07180724;52,38600409;0
4603;1,2201E+19;12;0;64;227;2020;10;16;1;3;5;3;1;0;1;0;0;0;1;815401,6455;5828652,639;13,64931418;52,51650857;1
4604;1,22009E+19;12;0;65;256;2020;9;14;1;3;5;2;0;1;0;0;0;0;1;789222,8102;5854735,628;13,28747859;52,76485504;0
4605;1,22009E+19;12;0;69;485;2020;9;17;2;3;8;1;0;0;0;0;0;1;0;744961,6508;5768322,298;12,56970485;52,01138667;0
4606;1,22012E+19;12;0;65;256;2020;12;18;3;3;3;2;2;1;1;0;0;0;0;785236,4337;5852944,392;13,22700274;52,75091451;1
4607;1,2201E+19;12;0;61;20;2020;10;14;7;3;5;3;0;0;1;0;1;0;0;818739,8067;5797135,141;13,66840457;52,23216059;0
4608;1,2201E+19;12;0;54;0;2020;10;2;7;3;9;7;2;0;0;0;0;1;0;772638,3669;5810275,889;13,00575431;52,37476606;1
4609;1,22011E+19;12;0;69;345;2020;11;17;1;3;8;1;2;0;1;0;0;0;0;757792,4058;5784046,847;12,76813326;52,14665022;1
4610;1,22011E+19;12;0;60;280;2020;11;11;4;3;8;7;0;0;1;0;0;0;0;816171,7011;5841459,425;13,67283454;52,63081473;0
4611;1,22009E+19;12;0;69;397;2020;9;14;2;3;2;6;0;0;1;0;0;0;0;771573,0448;5802297,531;12,98369756;52,30373976;0
4612;1,12001E+19;11;0;4;4;2020;1;8;4;3;2;6;0;0;1;0;0;0;0;790489,327;5825306,224;13,28032454;52,50034887;0
4613;1,22012E+19;12;0;61;572;2020;12;7;5;3;4;6;0;0;1;0;0;0;1;815509,0225;5811693,763;13,63488246;52,36448213;0
4614;1,2201E+19;12;0;51;0;2020;10;6;5;3;5;3;1;1;1;0;0;0;0;742873,6212;5811896,96;12,57058669;52,40331354;0
4615;1,22009E+19;12;0;63;273;2020;9;11;2;3;8;1;0;0;0;0;0;1;0;772680,7225;5838950,071;13,02986016;52,63189703;0
4616;1,12001E+19;11;0;3;3;2020;1;16;7;3;6;2;2;0;1;1;0;0;0;798381,4425;5833466,281;13,40357185;52,5692346;0
4617;1,22009E+19;12;0;69;632;2020;9;14;3;3;5;2;0;0;1;0;0;0;1;765037,5101;5778864,51;12,86974191;52,0967361;0
4618;1,22011E+19;12;0;64;29;2020;11;16;2;3;2;6;1;0;1;0;0;0;0;817324,2848;5832751,268;13,681466;52,55211773;0
4619;1,2201E+19;12;0;63;80;2020;10;18;5;3;5;3;2;1;1;0;0;0;0;779614,1944;5831392,826;13,12566048;52,56060815;0
4620;1,22011E+19;12;0;64;268;2020;11;18;4;2;5;3;2;0;1;0;0;0;0;875673,5426;5820922,06;14,52494867;52,40918202;1
4621;1,22009E+19;12;0;73;452;2020;9;9;6;3;6;4;0;0;1;1;0;0;0;823521,4922;5918124,9;13,85762078;53,31323143;0
4622;1,22012E+19;12;0;54;0;2020;12;22;6;3;0;1;2;0;0;0;0;0;1;775661,841;5813560,459;13,05275827;52,40270945;0
4623;1,2201E+19;12;0;64;472;2020;10;20;5;3;5;2;2;1;1;0;0;0;0;832148,5498;5838004,452;13,90457664;52,59033603;0
4624;1,2201E+19;12;0;71;244;2020;10;18;5;3;9;1;2;0;1;0;0;0;0;855189,6258;5746963,101;14,14809598;51,76062611;0
4625;1,22011E+19;12;0;72;477;2020;11;4;5;3;9;1;2;0;1;0;0;0;0;806464,8787;5795180,175;13,48745967;52,22160287;2
4626;1,2201E+19;12;0;61;332;2020;10;12;4;2;2;6;0;0;1;0;0;0;0;810467,4698;5805497,597;13,55535604;52,31182968;1
4627;1,22012E+19;12;0;67;36;2020;12;7;3;3;8;1;1;0;1;0;0;0;0;859959,0226;5792557,367;14,26465538;52,16580727;1
4628;1,22011E+19;12;0;65;36;2020;11;13;1;3;0;3;0;1;1;0;0;0;0;788945,0526;5846795,366;13,27639057;52,69382113;1
4629;1,22011E+19;12;0;73;85;2020;11;9;2;3;9;1;0;0;1;0;0;0;0;838414,866;5928521,969;14,09140945;53,39702304;1
4630;1,22011E+19;12;0;72;232;2020;11;7;4;3;5;2;0;1;0;0;0;0;1;786105,908;5779289,843;13,17686091;52,09006452;0
4631;1,22009E+19;12;0;69;656;2020;9;7;2;3;4;2;0;1;1;0;0;0;0;767691,7697;5810329,526;12,93330652;52,37768549;0
4632;1,12001E+19;11;0;4;4;2020;1;15;5;3;5;3;0;0;1;0;0;0;1;793134,0819;5829626,783;13,32298198;52,53766662;0
4633;1,22012E+19;12;0;60;20;2020;12;10;6;3;5;2;0;0;1;0;0;0;0;807894,2374;5847785,605;13,55682887;52,69226238;1
4634;1,2201E+19;12;0;63;357;2020;10;3;5;2;8;7;2;0;1;0;0;0;0;768760,5879;5825665,408;12,96130921;52,51470751;0
4635;1,22009E+19;12;0;69;20;2020;9;8;2;3;5;3;0;1;1;0;0;0;0;745981,7913;5782827,821;12,59499312;52,14109637;0
4636;1,22009E+19;12;0;51;0;2020;9;16;3;2;5;2;0;1;0;0;0;0;1;741286,3386;5815351,768;12,54979193;52,43501562;0
4637;1,2201E+19;12;0;65;96;2020;10;13;6;3;5;3;0;0;1;0;0;0;0;792011,838;5840762,073;13,31629731;52,63809249;0
4638;1,22011E+19;12;0;51;0;2020;11;17;4;3;0;3;0;1;1;0;0;0;0;741384,7228;5815173,51;12,5511076;52,43337269;0
4639;1,22009E+19;12;0;61;260;2020;9;10;6;3;5;3;0;1;1;0;0;0;0;815312,1751;5804420,297;13,62518277;52,29941706;0
4640;1,22009E+19;12;0;61;433;2020;9;13;2;3;9;1;0;0;1;0;0;0;0;810193,0276;5810999,612;13,55641847;52,36129394;0
4641;1,22012E+19;12;0;65;256;2020;12;11;7;3;0;1;0;1;0;0;0;0;0;789232,5105;5854733,18;13,2876198;52,76482791;2
4642;1,2201E+19;12;0;62;469;2020;10;18;5;2;1;5;0;0;1;0;0;1;0;815810,745;5737409,444;13,57076215;51,69858274;0
4643;1,2201E+19;12;0;65;198;2020;10;0;6;3;9;7;2;0;1;0;0;0;0;784710,3054;5859473,19;13,22490372;52,8097247;0
4644;1,22011E+19;12;0;64;317;2020;11;13;6;2;9;1;0;0;1;0;0;0;0;850375,5327;5828006,617;14,16202201;52,48938927;0
4645;1,2201E+19;12;0;60;269;2020;10;17;5;3;2;6;1;0;1;0;0;0;0;799493,7918;5843300,399;13,42883752;52,65676898;1
4646;1,22012E+19;12;0;73;189;2020;12;14;3;2;5;3;0;0;1;0;0;0;0;860001,1866;5913826,038;14,39796252;53,2512501;0
4647;1,2201E+19;12;0;64;29;2020;10;7;4;3;2;2;0;0;1;0;0;0;0;819804,4821;5834932,677;13,72002384;52,57021192;0
4648;1,22009E+19;12;0;66;52;2020;9;6;2;2;3;6;0;0;1;0;0;1;0;844815,1512;5742717,163;13,99414871;51,7290737;0
4649;1,12001E+19;11;0;12;12;2020;1;22;6;3;5;7;2;0;1;0;0;0;0;795812,508;5832344,089;13,36477857;52,56057739;1
4650;1,22011E+19;12;0;65;100;2020;11;16;5;3;2;7;2;0;1;0;0;0;0;778653,8327;5880614,713;13,15340944;53,00244216;0
4651;1,22012E+19;12;0;67;357;2020;12;13;7;3;1;5;0;0;1;0;0;0;1;886876,9738;5785964,152;14,64885878;52,08863114;1
4652;1,2201E+19;12;0;67;408;2020;10;16;3;3;2;6;0;0;1;0;0;1;0;832829,2803;5807277,679;13,88397164;52,31468836;0
4653;1,22011E+19;12;0;61;260;2020;11;14;2;3;2;6;0;0;1;0;0;0;0;816128,7822;5800140,83;13,63310905;52,26059933;0
4654;1,22009E+19;12;0;67;24;2020;9;17;5;3;0;3;0;0;0;0;1;1;0;845226,043;5805853,349;14,06366719;52,29428508;0
4655;1,22012E+19;12;0;69;402;2020;12;21;3;2;2;6;2;0;1;0;0;0;0;762299,1846;5787716,413;12,83668401;52,17744742;1
4656;1,22009E+19;12;0;51;0;2020;9;16;3;3;5;2;0;1;1;0;0;0;0;741414,1627;5811436,347;12,54884335;52,39982594;0
4657;1,2201E+19;12;0;60;52;2020;10;7;3;3;5;2;0;1;1;0;0;0;0;818986,8054;5864805,985;13,73695706;52,83833659;0
4658;1,22011E+19;12;0;69;632;2020;11;13;3;3;5;3;0;0;1;0;0;0;1;760027,1883;5769450,138;12,7895994;52,01465458;0
4659;1,2201E+19;12;0;69;616;2020;10;11;2;3;5;3;0;1;1;0;0;0;0;791674,1852;5813433,793;13,28736443;52,39328012;0
4660;1,22012E+19;12;0;69;485;2020;12;6;7;3;2;6;2;0;0;0;0;1;1;744785,6329;5768080,653;12,56697257;52,00929589;1
4661;1,12001E+19;11;0;12;12;2020;1;12;5;3;3;6;0;0;1;0;1;0;0;793378,9984;5836342,536;13,33252244;52,5977376;0
4662;1,22009E+19;12;0;54;0;2020;9;18;2;3;0;1;1;1;0;0;0;0;0;775669,1275;5813628,456;13,05292108;52,40331556;0
4663;1,22009E+19;12;0;61;316;2020;9;16;2;3;1;5;0;1;1;0;0;0;0;831361,2402;5767928,878;13,82418693;51,96306507;0
4664;1,22012E+19;12;0;70;316;2020;12;23;2;2;2;6;2;0;1;0;0;1;0;717221,8267;5900559,36;12,25307296;53,20988267;2
4665;1,2201E+19;12;0;60;52;2020;10;17;2;3;0;1;0;1;0;0;0;0;0;825196,551;5864234,56;13,8282493;52,82950858;1
4666;1,22011E+19;12;0;67;357;2020;11;12;3;1;8;7;0;0;0;0;1;0;0;887934,9787;5784148,164;14,66216245;52,07164393;0
4667;1,22012E+19;12;0;66;240;2020;12;7;4;3;9;7;1;0;1;0;0;0;0;831322,7806;5704495,25;13,76347865;51,39472436;1
4668;1,2201E+19;12;0;62;341;2020;10;19;7;3;2;6;2;1;1;0;0;0;0;794970,3021;5705953,708;13,24368021;51,42786062;1
4669;1,22011E+19;12;0;65;36;2020;11;7;6;3;1;5;0;0;1;0;0;0;0;789639,3719;5846204,382;13,28611543;52,68815246;0
4670;1,22009E+19;12;0;62;293;2020;9;10;3;2;9;1;0;0;1;0;0;0;0;830362,2191;5727969,636;13,77168586;51,60563041;0
4671;1,22012E+19;12;0;64;472;2020;12;16;2;3;5;2;2;1;1;0;0;0;0;829821,21;5833982,019;13,86634587;52,55572058;0
4672;1,22009E+19;12;0;62;341;2020;9;6;1;2;7;7;1;0;0;0;1;0;0;793511,2642;5718732,428;13,23336766;51,54320779;0
4673;1,22011E+19;12;0;60;5;2020;11;11;7;3;2;6;0;0;1;0;0;0;0;810994,122;5832050,887;13,5877503;52,5494924;0
4674;1,2201E+19;12;0;54;0;2020;10;14;6;3;2;3;0;0;1;0;0;0;1;777896,5157;5812565,514;13,0846967;52,39265775;0
4675;1,22009E+19;12;0;61;316;2020;9;16;3;2;5;3;0;1;1;0;0;0;0;837400,689;5765923,057;13,90980003;51,94146771;0
4676;1,2201E+19;12;0;63;36;2020;10;18;7;3;2;6;2;0;1;0;0;0;1;774207,1273;5834952,757;13,04904362;52,59528239;0
4677;1,22009E+19;12;0;51;0;2020;9;9;7;3;1;6;0;0;1;0;0;0;0;732760,2193;5812421,611;12,42256434;52,4124155;0
4678;1,22009E+19;12;0;61;444;2020;9;19;2;3;5;3;0;1;1;0;0;0;0;812487,1998;5811355,811;13,59033212;52,36318377;0
4679;1,22012E+19;12;0;73;189;2020;12;19;2;2;8;1;2;0;1;0;0;0;0;857887,6856;5908178,138;14,36009029;53,202131;1
4680;1,2201E+19;12;0;73;572;2020;10;13;7;2;8;1;0;0;0;0;1;0;0;801396,2744;5892067,103;13,50199821;53,09276963;0
4681;1,2201E+19;12;0;73;429;2020;10;14;7;3;2;6;0;0;1;0;0;0;0;809246,9536;5919531,703;13,64545191;53,33435819;0
4682;1,22011E+19;12;0;65;100;2020;11;7;1;3;8;1;0;0;1;0;0;0;0;775917,9071;5887118,03;13,11830593;53,06216779;1
4683;1,2201E+19;12;0;66;320;2020;10;17;6;3;5;3;0;0;0;0;1;1;0;850034,566;5749056,457;14,07580526;51,78261748;0
4684;1,22011E+19;12;0;68;320;2020;11;8;4;3;5;3;0;1;1;0;0;0;0;757880,317;5873810,8;12,83914488;52,9518181;0
4685;1,12001E+19;11;0;10;10;2020;1;5;4;3;2;6;2;0;1;0;0;0;0;810999,3697;5827105,308;13,58320199;52,50517035;0
4686;1,22012E+19;12;0;72;2;2020;12;18;4;3;4;6;2;0;0;0;1;0;1;798633,0606;5788375,739;13,36715411;52,16490369;0
4687;1,2201E+19;12;0;65;136;2020;10;7;5;3;4;2;0;1;1;0;0;0;0;784620,8513;5839911,1;13,20664074;52,63438767;0
4688;1,22009E+19;12;0;67;124;2020;9;18;2;3;9;6;0;0;1;0;0;0;1;825526,2569;5819522,126;13,78909315;52,42876264;0
4689;1,12001E+19;11;0;7;7;2020;1;17;5;3;2;6;2;0;1;0;0;0;0;796560,8915;5822517,871;13,36702781;52,47208819;1
4690;1,22009E+19;12;0;61;316;2020;9;14;3;3;5;3;0;1;1;0;0;0;0;835230,6637;5766396,39;13,87880735;51,94701867;0
4691;1,22011E+19;12;0;71;301;2020;11;14;1;2;2;6;0;0;1;0;0;0;0;870703,8787;5736382,268;14,36067704;51,65586324;0
4692;1,2201E+19;12;0;61;572;2020;10;12;5;3;0;6;0;1;0;0;0;0;0;814033,5869;5808888,838;13,61066255;52,34019326;0
4693;1,22011E+19;12;0;54;0;2020;11;12;3;3;0;1;0;1;0;0;0;0;0;774172,5921;5811996,316;13,02964241;52,38942979;1
4694;1,22009E+19;12;0;64;388;2020;9;15;6;3;3;2;0;0;1;0;0;0;0;875903,4695;5829334,078;14,5377741;52,48429793;0
4695;1,22012E+19;12;0;67;24;2020;12;10;6;3;5;3;0;1;1;0;0;0;0;845391,624;5805883,575;14,06611655;52,29445178;0
4696;1,2201E+19;12;0;65;332;2020;10;9;5;3;5;3;0;0;1;0;0;0;0;782014,621;5844833,45;13,17244002;52,67988184;0
4697;1,2201E+19;12;0;68;117;2020;10;8;5;3;2;6;0;0;1;0;0;0;0;763343,9007;5850875,825;12,90176454;52,74346864;0
4698;1,22011E+19;12;0;61;540;2020;11;7;5;3;2;6;0;0;1;0;0;0;0;813470,3893;5805950,523;13,59968501;52,31418361;0
4699;1,2201E+19;12;0;60;269;2020;10;13;4;3;2;2;0;0;1;0;0;0;0;800090,0197;5845860,891;13,43995572;52,67938914;1
4700;1,22012E+19;12;0;54;0;2020;12;9;2;3;0;1;0;1;0;0;0;0;0;776656,0728;5812144,33;13,06616615;52,38950861;1
4701;1,12001E+19;11;0;6;6;2020;1;8;5;2;9;1;0;0;1;0;0;0;0;794128,4526;5821299,813;13,33024664;52,46248404;1
4702;1,22009E+19;12;0;73;452;2020;9;8;2;3;2;6;0;0;1;0;0;0;0;824834,8688;5917562,447;13,87668732;53,30739058;0
4703;1,22012E+19;12;0;68;264;2020;12;9;5;2;8;1;0;0;1;0;0;0;0;721163,4706;5870948,184;12,29164391;52,94251598;2
4704;1,2201E+19;12;0;72;120;2020;10;5;3;2;4;2;2;0;1;0;0;0;0;794193,7859;5812191,869;13,32319665;52,38079924;1
4705;1,22011E+19;12;0;60;100;2020;11;11;4;3;5;3;0;0;1;0;0;0;0;819141,96;5880112,782;13,7542755;52,97537396;0
4706;1,22012E+19;12;0;60;20;2020;12;20;6;2;5;3;2;0;1;0;0;0;0;808903,7056;5846730,638;13,57072799;52,68223412;0
4707;1,2201E+19;12;0;72;120;2020;10;10;2;3;5;3;0;0;1;0;0;1;0;793288,3418;5811767,479;13,30956089;52,37747993;0
4708;1,22011E+19;12;0;63;94;2020;11;14;1;3;8;1;0;0;0;0;1;0;0;731557,1611;5847897,435;12,42968662;52,73128882;1
4709;1,22009E+19;12;0;54;0;2020;9;12;4;3;2;6;0;0;1;0;0;1;0;780711,8202;5810456,189;13,12419617;52,37230784;0
4710;1,22012E+19;12;0;60;5;2020;12;16;3;2;6;4;2;0;0;1;0;0;1;811998,7899;5841535,243;13,61145166;52,63390708;0
4711;1,22009E+19;12;0;63;80;2020;9;12;2;3;2;6;0;0;1;0;0;0;1;779284,5525;5830285,664;13,11987875;52,55084958;0
4712;1,2201E+19;12;0;69;397;2020;10;18;2;3;5;6;1;0;1;0;0;1;0;778390,3702;5802286,621;13,08341968;52,30023064;1
4713;1,22011E+19;12;0;63;148;2020;11;14;2;2;5;2;0;1;1;0;0;0;0;760975,9139;5821231,661;12,84338007;52,4787183;0
4714;1,2201E+19;12;0;62;128;2020;10;19;1;3;8;1;2;0;1;0;0;0;0;791098,714;5726953,961;13,20548393;51,61818248;0
4715;1,2201E+19;12;0;67;72;2020;10;7;2;2;4;6;0;1;0;0;0;0;0;859384,4527;5812515,461;14,27751387;52,3448576;0
4716;1,12001E+19;11;0;4;4;2020;1;20;3;3;6;4;2;0;1;1;0;0;0;788954,0554;5826128,354;13,25848409;52,5085347;0
4717;1,22009E+19;12;0;60;269;2020;9;19;2;2;9;7;1;0;1;0;0;0;0;809168,9087;5855794,506;13,5831634;52,76330549;0
4718;1,22009E+19;12;0;60;52;2020;9;7;2;3;0;2;0;1;1;0;0;0;0;824362,9807;5864790,795;13,81647325;52,83499325;0
4719;1,22012E+19;12;0;69;17;2020;12;17;5;2;9;6;2;0;1;0;0;0;0;767291,3135;5795388,748;12,91557677;52,24387095;1
4720;1,2201E+19;12;0;54;0;2020;10;23;1;3;0;7;2;0;0;0;1;0;0;775845,1326;5810373,972;13,05282339;52,37404122;0
4721;1,22011E+19;12;0;61;540;2020;11;13;2;2;5;3;0;0;1;0;0;0;0;813726,8931;5804674,726;13,60224734;52,30260419;0
4722;1,22012E+19;12;0;64;136;2020;12;7;3;3;5;2;1;1;1;0;0;0;0;821992,6521;5828832,393;13,74628718;52,51426824;0
4723;1,2201E+19;12;0;69;656;2020;10;14;6;3;2;6;0;0;1;0;0;0;0;762236,2446;5803850,303;12,8482867;52,32220398;1
4724;1,22011E+19;12;0;66;52;2020;11;22;5;3;8;7;2;0;1;0;0;0;0;838701,5819;5738430,714;13,90179243;51,69439766;0
4725;1,12001E+19;11;0;4;4;2020;1;14;6;3;3;6;0;0;1;0;1;0;0;791468,7552;5830484,124;13,29925021;52,54624577;0
4726;1,22009E+19;12;0;60;269;2020;9;18;2;2;5;3;0;0;1;0;0;0;0;799311,519;5856805,06;13,43844431;52,77791115;0
4727;1,22012E+19;12;0;69;656;2020;12;14;5;3;3;6;0;0;1;0;0;1;0;762994,7325;5812695,039;12,86631921;52,40117817;1
4728;1,2201E+19;12;0;65;84;2020;10;3;4;2;9;6;2;0;0;0;0;1;0;774872,5906;5905599,264;13,11859652;53,22841008;1
4729;1,22011E+19;12;0;63;56;2020;11;20;4;2;5;3;2;0;1;0;0;0;0;778790,5613;5827721,45;13,11046031;52,52810942;0
4730;1,22012E+19;12;0;61;433;2020;12;14;6;3;2;6;0;0;1;0;0;0;0;807139,3142;5815083,93;13,51545455;52,39961813;0
4731;1,2201E+19;12;0;65;136;2020;10;22;3;2;5;3;2;0;1;0;0;0;0;784413,3197;5841229,469;13,20471775;52,64631659;1
4732;1,22011E+19;12;0;60;181;2020;11;8;2;2;5;3;0;0;1;0;0;0;1;808598,9513;5842097,838;13,5619006;52,64089123;1
4733;1,22009E+19;12;0;68;353;2020;9;10;5;2;6;4;0;0;1;1;0;0;0;760702,7876;5890345,155;12,89441213;53,0987463;0
4734;1,22012E+19;12;0;61;20;2020;12;11;3;3;5;3;0;1;1;0;0;0;0;816654,4431;5798129,997;13,63890159;52,24227795;0
4735;1,22009E+19;12;0;60;20;2020;9;9;3;3;8;1;0;0;0;0;1;0;0;808130,8896;5844554,744;13,55729873;52,66317468;0
4736;1,2201E+19;12;0;67;24;2020;10;13;3;3;8;1;0;0;1;0;0;0;0;845030,07;5807200,264;14,06218371;52,30647025;0
4737;1,22011E+19;12;0;64;44;2020;11;13;3;3;6;4;0;1;0;1;0;0;0;839687,3548;5859973,193;14,03808446;52,78241841;0
4738;1,2201E+19;12;0;62;333;2020;10;9;2;2;8;1;0;0;0;0;0;1;0;822453,246;5733148,192;13,66262798;51,65662083;0
4739;1,22012E+19;12;0;73;505;2020;12;14;7;3;8;1;0;0;1;0;0;0;0;843631,6;5888174,203;14,12613023;53,03243055;0
4740;1,2201E+19;12;0;51;0;2020;10;14;2;3;2;6;0;0;1;0;0;0;0;741515,3334;5813461,213;12,55178842;52,41795056;1
4741;1,12001E+19;11;0;10;10;2020;1;7;5;2;1;1;2;0;1;0;0;1;0;807957,9969;5828826,832;13,54012794;52,52232363;0
4742;1,22009E+19;12;0;52;0;2020;9;14;2;3;4;6;0;0;1;0;0;0;1;866137,449;5742803,171;14,30167832;51,71633969;0
4743;1,22009E+19;12;0;64;336;2020;9;14;2;3;2;6;0;0;1;0;0;0;0;818622,7434;5829756,306;13,69768071;52,52452529;0
4744;1,22012E+19;12;0;60;52;2020;12;17;7;3;2;6;2;0;1;0;0;0;0;824658,3001;5865721,045;13,82176657;52,84314855;0
4745;1,2201E+19;12;0;65;144;2020;10;8;2;3;2;6;0;0;1;0;0;0;0;785436,0942;5847419,242;13,22515359;52,70127417;0
4746;1,22011E+19;12;0;72;240;2020;11;7;2;2;5;3;0;0;1;0;1;0;0;791343,1382;5802961,407;13,27343361;52,29956762;1
4747;1,22012E+19;12;0;61;433;2020;12;16;3;3;2;6;2;0;1;0;0;0;1;809321,0121;5806167,879;13,5392077;52,31848355;0
4748;1,2201E+19;12;0;64;227;2020;10;7;7;2;6;4;0;0;1;1;0;0;0;816855,099;5828642,499;13,67065261;52,51557531;1
4749;1,22011E+19;12;0;68;264;2020;11;17;6;3;6;4;2;0;1;1;0;0;0;727326,3558;5871657,261;12,38369282;52,94630531;0
4750;1,22009E+19;12;0;53;0;2020;9;18;3;3;2;6;0;0;1;0;0;0;0;872916,9331;5807929,979;14,47019319;52,29479546;0
4751;1,22012E+19;12;0;65;256;2020;12;8;2;3;8;6;0;0;1;0;0;0;0;785385,5459;5857312,714;13,23300957;52,78999897;1
4752;1,22011E+19;12;0;61;433;2020;11;21;6;3;2;7;2;0;1;0;0;0;0;812505,5833;5806475,62;13,58606467;52,31943899;1
4753;1,2201E+19;12;0;61;540;2020;10;10;6;3;2;6;0;0;1;0;0;0;0;814411,2213;5806774,594;13,61421141;52,32103076;0
4754;1,22009E+19;12;0;64;136;2020;9;7;3;3;2;6;0;0;1;0;0;0;1;820856,1234;5828690,775;13,72945993;52,51366911;0
4755;1,2201E+19;12;0;65;356;2020;10;23;7;2;9;1;2;0;0;0;1;0;0;787046,2673;5879665,931;13,27728365;52,98950764;0
4756;1,22011E+19;12;0;67;144;2020;11;7;6;3;2;6;1;0;1;0;0;0;0;847381,8999;5812310,507;14,10181703;52,35075037;1
4757;1,22009E+19;12;0;62;224;2020;9;12;6;3;9;7;0;0;1;0;0;0;0;794489,0327;5734271,385;13,26047663;51,68203281;0
4758;1,22009E+19;12;0;62;92;2020;9;21;7;3;6;6;2;0;1;1;0;0;0;817246,0438;5732384,187;13,58690187;51,65273447;0
4759;1,22009E+19;12;0;64;227;2020;9;9;2;3;5;2;0;1;0;0;0;0;1;815343,9401;5826693,724;13,64661106;52,49898888;0
4760;1,22012E+19;12;0;72;312;2020;12;9;7;2;9;1;0;0;1;0;0;0;0;789229,3926;5784534,154;13,22677978;52,13546423;1
4761;1,2201E+19;12;0;72;232;2020;10;15;6;2;5;3;0;1;1;0;0;0;0;785165,115;5779914,589;13,16368795;52,09615194;0
4762;1,2201E+19;12;0;67;124;2020;10;15;7;3;0;7;0;0;0;0;1;0;1;822778,361;5815303,489;13,74475092;52,39259382;1
4763;1,22011E+19;12;0;64;472;2020;11;9;7;3;5;3;0;1;1;0;0;0;0;831673,8166;5836095,889;13,89568487;52,57353023;0
4764;1,2201E+19;12;0;60;45;2020;10;10;6;3;4;7;0;0;1;0;0;1;0;822873,583;5872561,966;13,80214136;52,90550197;1
4765;1,22011E+19;12;0;61;540;2020;11;7;3;3;5;3;0;1;1;0;0;0;0;814104,4086;5807711,591;13,61059918;52,32960305;0
4766;1,22012E+19;12;0;71;244;2020;12;9;4;3;5;3;0;1;1;0;0;0;0;864099,6555;5746508,317;14,27617839;51,7508381;0
4767;1,2201E+19;12;0;69;304;2020;10;14;4;3;5;3;0;1;1;0;0;0;0;788403,9749;5815422,285;13,24115111;52,41283991;0
4768;1,22009E+19;12;0;64;472;2020;9;9;2;3;5;3;0;0;1;0;0;0;0;831450,3997;5836291,809;13,89259601;52,57542123;0
4769;1,12001E+19;11;0;1;1;2020;1;12;5;3;2;1;0;0;1;0;0;1;0;799545,6875;5828285,532;13,41602635;52,52215817;1
4770;1,22011E+19;12;0;60;5;2020;11;10;7;3;2;6;0;0;1;0;1;0;0;809937,8886;5834836,869;13,57482503;52,57506077;0
4771;1,22009E+19;12;0;65;144;2020;9;21;7;2;6;4;2;0;1;1;0;0;0;790239,7425;5844003,465;13,29303428;52,66810082;1
4772;1,2201E+19;12;0;73;8;2020;10;9;5;3;6;7;0;0;1;1;0;0;0;836755,607;5886009,603;14,02173502;53,01741572;0
4773;1,22011E+19;12;0;61;332;2020;11;13;3;3;4;6;0;0;1;0;1;0;0;809118,1589;5799251,384;13,52990107;52,25660957;1
4774;1,22009E+19;12;0;64;472;2020;9;16;6;2;5;3;0;1;1;0;0;0;0;831210,0749;5838291,276;13,89106064;52,59347735;0