OBJECTID;UIDENTSTLAE;ULAND;UREGBEZ;UKREIS;UGEMEINDE;UJAHR;UMONAT;USTUNDE;UWOCHENTAG;UKATEGORIE;UART;UTYP1;ULICHTVERH;IstRad;IstPKW;IstFuss;IstKrad;IstGkfz;IstSonstige;LINREFX;LINREFY;XGCSWGS84;YGCSWGS84;STRZUSTAND
4775;1,22012E+19;12;0;72;120;2020;12;17;5;3;5;3;1;1;1;0;0;0;0;793611,1136;5810210,253;13,31292661;52,36334674;0
4776;1,22009E+19;12;0;63;80;2020;9;16;4;3;3;6;0;0;1;0;1;0;0;778187,4078;5831973,551;13,10515432;52,56654639;0
4777;1,2201E+19;12;0;54;0;2020;10;7;4;3;3;6;0;1;0;0;0;0;0;776080,6552;5812697,915;13,05818803;52,39476334;1
4778;1,22011E+19;12;0;61;510;2020;11;16;5;3;6;4;1;0;1;1;0;0;0;834170,8968;5781184,585;13,87786399;52,08013494;0
4779;1,2201E+19;12;0;69;304;2020;10;13;3;3;7;7;0;0;0;1;0;0;1;785412,8236;5815398,964;13,19727336;52,41419863;0
4780;1,22012E+19;12;0;52;0;2020;12;9;2;3;2;6;0;0;1;0;0;0;0;869696,7843;5748097,288;14,35859544;51,76140063;1
4781;1,12001E+19;11;0;2;2;2020;1;20;4;3;6;2;2;0;1;1;0;0;0;796879,0593;5825995,515;13,37479602;52,50308901;1
4782;1,22009E+19;12;0;60;24;2020;9;20;3;2;8;1;2;0;1;0;0;0;0;814788,0928;5857051,649;13,66737164;52,77132685;0
4783;1,22009E+19;12;0;67;173;2020;9;17;2;3;0;7;0;1;0;0;0;1;0;822599,115;5814853,174;13,74169249;52,38866477;0
4784;1,22012E+19;12;0;51;0;2020;12;12;4;2;2;6;0;0;1;0;0;0;0;745878,356;5812867,371;12,61537839;52,41067931;1
4785;1,2201E+19;12;0;69;632;2020;10;17;3;3;0;7;1;1;0;0;0;0;1;765506,3963;5779229,962;12,87685567;52,0997896;1
4786;1,22011E+19;12;0;63;148;2020;11;6;3;2;3;6;1;1;0;0;0;0;1;754963,3736;5820511,949;12,75449229;52,47510258;0
4787;1,22012E+19;12;0;65;165;2020;12;16;6;3;8;1;2;0;0;0;0;0;1;769624,2311;5850515,355;12,99427591;52,73714187;1
4788;1,22009E+19;12;0;65;251;2020;9;19;7;3;2;6;2;0;1;0;0;0;0;777248,3861;5847743,661;13,1045724;52,70843567;1
4789;1,2201E+19;12;0;61;332;2020;10;11;2;3;5;3;0;0;1;0;0;0;0;809735,6936;5799556,83;13,5391999;52,259;0
4790;1,22011E+19;12;0;54;0;2020;11;11;7;3;4;6;0;0;1;0;0;0;1;780161,9236;5808620,472;13,11460763;52,35612792;1
4791;1,22009E+19;12;0;51;0;2020;9;7;4;2;1;7;0;1;1;0;0;0;0;738575,5506;5812883,548;12,50823184;52,4140566;0
4792;1,22012E+19;12;0;65;36;2020;12;7;3;3;0;1;1;1;0;0;0;0;0;789322,6667;5846280,038;13,28150951;52,68899984;0
4793;1,22009E+19;12;0;67;469;2020;9;8;2;3;2;6;0;0;0;0;0;1;0;831738,1891;5806995,195;13,86774534;52,31281772;0
4794;1,2201E+19;12;0;69;616;2020;10;15;2;3;2;2;0;0;1;0;0;0;0;790690,7347;5809631,073;13,26965686;52,35971004;0
4795;1,22011E+19;12;0;66;296;2020;11;6;2;2;2;6;2;0;0;0;0;1;1;839582,7614;5715839,65;13,89265007;51,49148044;1
4796;1,2201E+19;12;0;69;648;2020;10;14;7;3;3;6;0;0;1;0;0;0;1;736086,1054;5799202,384;12,46207997;52,2923622;0
4797;1,2201E+19;12;0;68;320;2020;10;14;2;3;2;6;0;0;1;0;0;0;1;754545,2229;5864669,776;12,78245347;52,87141563;1
4798;1,12001E+19;11;0;5;5;2020;1;7;3;3;2;6;2;0;1;0;0;0;1;783495,7136;5826690,339;13,17875479;52,51643767;0
4799;1,22009E+19;12;0;69;17;2020;9;7;1;3;8;1;0;0;1;0;0;0;0;766619,3641;5797463,484;12,90739551;52,26280637;0
4800;1,22009E+19;12;0;67;72;2020;9;16;2;2;2;6;0;0;1;0;0;0;0;866641,6061;5807603,393;14,37823075;52,29609194;0
4801;1,22012E+19;12;0;64;472;2020;12;17;4;2;6;4;2;0;1;1;0;0;0;831399,074;5836332,934;13,89188248;52,57582084;1
4802;1,2201E+19;12;0;60;198;2020;10;15;1;3;5;3;0;0;1;0;1;0;0;812930,5163;5866381,172;13,64885749;52,85599972;0
4803;1,22011E+19;12;0;63;208;2020;11;16;1;3;8;1;0;1;0;0;0;0;0;762867,1279;5836224,564;12,88303035;52,61229043;0
4804;1,22012E+19;12;0;65;225;2020;12;16;3;3;6;4;2;0;1;1;0;0;0;796028,5051;5841020,411;13,37571304;52,63823334;0
4805;1,22011E+19;12;0;60;280;2020;11;13;5;2;8;1;0;1;0;0;0;0;0;817037,2387;5838905,068;13,68313174;52,60742333;0
4806;1,22009E+19;12;0;69;17;2020;9;13;2;3;3;6;0;0;1;0;0;0;0;769907,4634;5789413,364;12,94903927;52,18900028;0
4807;1,22012E+19;12;0;61;332;2020;12;20;7;3;5;3;2;0;1;0;0;0;0;809573,665;5802380,146;13,53942279;52,28439462;1
4808;1,22011E+19;12;0;60;5;2020;11;7;6;3;8;1;0;0;1;0;0;0;0;811849,521;5837749,944;13,60568446;52,60007298;0
4809;1,2201E+19;12;0;67;124;2020;10;20;6;3;5;3;2;1;1;0;0;0;0;823018,3542;5819587,888;13,7523991;52,4308381;1
4810;1,22009E+19;12;0;73;8;2020;9;5;3;3;7;7;1;0;1;0;0;0;0;833038,6464;5879676,298;13,96001734;52,96302011;0
4811;1,2201E+19;12;0;60;198;2020;10;11;6;2;8;1;0;0;1;0;0;0;0;818206,1072;5871624,48;13,73206438;52,89988483;0
4812;1,22011E+19;12;0;64;472;2020;11;18;5;2;4;6;2;0;1;0;0;0;0;828977,3973;5833702,448;13,85366745;52,55372651;1
4813;1,22009E+19;12;0;69;632;2020;9;12;6;3;2;2;0;0;1;0;0;0;0;760968,5989;5771748,073;12,80503833;52,03482785;0
4814;1,22009E+19;12;0;68;452;2020;9;15;2;2;2;6;0;0;1;0;0;1;0;745676,3437;5873342,829;12,65752001;52,95334456;0
4815;1,22012E+19;12;0;64;190;2020;12;9;7;3;8;1;0;0;0;0;0;0;1;859509,0184;5839236,357;14,30811006;52,58397794;2
4816;1,2201E+19;12;0;67;473;2020;10;17;6;3;9;1;0;1;0;0;0;0;0;846625,8;5817706,367;14,09633385;52,39954758;0
4817;1,2201E+19;12;0;60;269;2020;10;21;6;2;6;4;2;0;0;1;1;0;0;801289,7858;5853563,977;13,46470513;52,74776352;1
4818;1,22011E+19;12;0;61;433;2020;11;14;6;3;2;2;0;0;1;0;0;0;0;801141,209;5811082,01;13,42396686;52,36707777;0
4819;1,2201E+19;12;0;54;0;2020;10;17;5;3;4;6;2;0;1;0;0;0;0;771016,457;5817516,323;12,98784802;52,44050684;1
4820;1,22012E+19;12;0;61;332;2020;12;13;3;2;8;6;0;0;0;0;0;1;0;809564,929;5803197,48;13,54004543;52,29172472;0
4821;1,22009E+19;12;0;64;472;2020;9;6;1;2;8;1;2;0;1;0;0;0;0;829456,7856;5835293,947;13,86229235;52,56769301;1
4822;1,2201E+19;12;0;73;532;2020;10;8;4;3;5;3;0;1;1;0;0;0;0;851911,4787;5893068,976;14,25442718;53,07086972;1
4823;1,12001E+19;11;0;1;1;2020;1;17;3;3;6;3;2;0;1;1;0;0;0;796065,3622;5831323,519;13,36758744;52,5512916;1
4824;1,1201E+19;11;0;2;2;2020;10;1;7;2;5;2;2;1;1;0;0;0;0;801664,1866;5828909,908;13,4477226;52,52658663;1
4825;8,2001E+18;8;2;25;14;2020;1;11;6;3;5;3;0;0;1;0;0;0;0;522800,8325;5484363,868;9,314969533;49,5114718;1
4826;1,12004E+19;11;0;2;2;2020;4;22;4;3;1;5;2;0;1;0;0;0;1;801518,2306;5827796,149;13,44456805;52,51668464;1
4827;1,12009E+19;11;0;7;7;2020;9;13;5;3;2;7;0;0;1;0;0;0;0;797431,8874;5817774,374;13,37558903;52,42909385;0
4828;1,12011E+19;11;0;3;3;2020;11;6;2;3;2;6;2;0;1;0;0;0;1;803121,4027;5840228,356;13,47948482;52,62722172;1
4829;1,12005E+19;11;0;12;12;2020;5;15;1;3;2;6;0;0;1;0;0;0;0;792750,5672;5837395,425;13,32420191;52,60751483;0
4830;1,12008E+19;11;0;3;3;2020;8;7;3;3;5;3;0;1;1;0;0;0;0;800711,1136;5829858,845;13,43457473;52,53561866;0
4831;1,12006E+19;11;0;1;1;2020;6;16;4;3;3;6;0;1;1;0;0;0;0;796294,8156;5830120,543;13,36988851;52,54038342;0
4832;1,12005E+19;11;0;5;5;2020;5;19;5;2;6;7;0;0;1;1;0;0;0;783962,5979;5826593,704;13,18553429;52,51532832;0
4833;1,12004E+19;11;0;4;4;2020;4;19;4;3;3;5;1;1;1;0;0;0;0;791674,8849;5826584,541;13,29886025;52,51117642;1
4834;1,12009E+19;11;0;7;7;2020;9;14;4;3;3;6;0;0;0;0;1;0;1;798889,8107;5817201,792;13,39645684;52,4231668;0
4835;1,12012E+19;11;0;2;2;2020;12;14;6;3;3;6;0;0;1;0;1;0;0;800433,56;5827896,455;13,4287219;52,51818229;0
4836;1,12008E+19;11;0;7;7;2020;8;14;4;3;0;7;0;0;0;0;1;0;1;796034,0047;5825281,231;13,36174766;52,4971452;0
4837;1,12006E+19;11;0;7;7;2020;6;22;6;3;2;7;2;0;1;0;0;0;0;797917,4477;5820162,427;13,38483821;52,45023607;0
4838;1,1201E+19;11;0;4;4;2020;10;14;1;3;0;6;0;0;1;0;0;0;0;792816,1339;5826754,96;13,31577878;52,51209274;1
4839;8,2001E+18;8;1;19;79;2020;1;14;5;3;9;1;0;0;1;0;0;0;0;522300,6303;5415026,044;9,304210184;48,8877845;1
4840;1,12004E+19;11;0;2;2;2020;4;16;4;3;6;4;0;1;0;1;0;0;0;802168,4432;5827780,757;13,45410718;52,51618682;0
4841;1,12011E+19;11;0;4;4;2020;11;17;4;3;2;6;2;0;1;0;0;0;0;790554,7874;5827382,761;13,2830989;52,51893029;0
4842;1,12009E+19;11;0;1;1;2020;9;17;3;3;5;2;0;1;1;0;0;0;0;796419,84;5826326,476;13,36834502;52,50630542;0
4843;1,12008E+19;11;0;12;12;2020;8;17;2;3;2;6;0;0;1;0;1;0;0;795498,4918;5833358,547;13,36106337;52,56984154;0
4844;1,12004E+19;11;0;4;4;2020;4;9;4;3;5;3;0;0;1;0;0;0;0;791566,7284;5826544,984;13,2972364;52,51087962;1
4845;1,1201E+19;11;0;3;3;2020;10;11;6;2;5;7;0;1;1;0;0;0;0;800030,4804;5833375,779;13,42774802;52,56751703;1
4846;1,12008E+19;11;0;4;4;2020;8;16;4;3;5;2;0;1;1;0;0;0;0;793992,2395;5826975,018;13,3332539;52,51343282;0
4847;1,12007E+19;11;0;1;1;2020;7;23;4;3;2;6;2;0;1;0;0;0;1;799810,2834;5828641,433;13,42023536;52,52520283;1
4848;1,12006E+19;11;0;4;4;2020;6;10;6;2;8;1;0;0;0;0;1;0;0;792602,834;5823387,031;13,30968606;52,48201461;0
4849;1,12011E+19;11;0;10;10;2020;11;5;5;2;3;6;2;1;0;0;1;0;0;807731,0944;5829357,301;13,53728504;52,52720576;0
4850;1,12004E+19;11;0;1;1;2020;4;7;4;3;3;6;0;1;1;0;0;0;0;797704,1638;5827610,702;13,38836072;52,51711768;0
4851;1,12009E+19;11;0;7;7;2020;9;15;5;3;6;4;0;0;1;1;0;0;0;796604,0224;5816011,462;13,36188566;52,41374014;0
4852;1,12012E+19;11;0;2;2;2020;12;20;3;3;5;2;2;1;1;0;0;0;0;797898,3103;5825432,668;13,38926438;52,49748826;0
4853;1,12006E+19;11;0;12;12;2020;6;19;2;3;6;2;0;0;1;1;0;0;0;794572,1055;5833820,832;13,34784496;52,57448766;0
4854;8,2001E+18;8;1;26;11;2020;1;3;4;3;8;1;2;0;1;0;0;0;0;536597,9935;5443671,664;9,501822496;49,14477955;1
4855;1,12004E+19;11;0;4;4;2020;4;13;3;3;2;7;0;0;1;0;0;0;1;790822,4315;5824757,232;13,28473853;52,49524971;0
4856;1,12009E+19;11;0;3;3;2020;9;20;5;3;5;2;2;1;1;0;0;0;0;801479,8672;5829153,473;13,44523473;52,52887167;0
4857;1,12007E+19;11;0;12;12;2020;7;11;7;2;0;7;0;0;1;0;0;0;0;790337,4307;5835576,266;13,28707127;52,59250061;0
4858;1,12004E+19;11;0;2;2;2020;4;23;3;3;3;6;2;0;1;0;0;0;0;796862,6714;5826007,712;13,37456616;52,50320726;1
4859;1,1201E+19;11;0;7;7;2020;10;18;5;3;0;3;1;1;1;0;0;0;0;798226,7859;5818766,709;13,38813093;52,43755635;1
4860;1,12012E+19;11;0;7;7;2020;12;12;4;3;2;6;0;0;1;0;0;0;0;798511,3101;5822073,036;13,39525933;52,46703845;0
4861;1,12005E+19;11;0;3;3;2020;5;15;7;3;1;5;0;0;1;0;0;0;1;798176,2051;5836287,163;13,40309044;52,59463211;0
4862;1,12008E+19;11;0;5;5;2020;8;11;7;3;6;4;0;0;0;1;1;0;0;784241,603;5826521,15;13,18957283;52,51453246;0
4863;1,12007E+19;11;0;6;6;2020;7;16;4;3;2;6;0;0;1;0;0;0;0;789839,2649;5818030,566;13,26445457;52,43546614;0
4864;1,12005E+19;11;0;3;3;2020;5;15;1;2;3;6;0;0;1;0;1;0;0;799542,7308;5840751,491;13,42724663;52,63389582;0
4865;1,1201E+19;11;0;12;12;2020;10;14;4;3;5;3;0;0;1;0;0;0;0;794559,2369;5833818,208;13,34765328;52,5744711;0
4866;1,12004E+19;11;0;3;3;2020;4;10;3;3;2;6;0;0;1;0;0;0;0;798049,319;5833886,563;13,39906373;52,57318377;0
4867;1,12009E+19;11;0;3;3;2020;9;6;2;3;2;6;1;0;1;0;0;0;0;801713,067;5831309,7;13,45061974;52,54806894;0
4868;1,12011E+19;11;0;7;7;2020;11;10;2;3;2;6;0;0;1;0;0;0;1;795885,8648;5822668,164;13,35725223;52,47380151;0
4869;1,12005E+19;11;0;2;2;2020;5;18;7;3;5;3;0;1;1;0;0;0;0;797886,2514;5825492,013;13,38914034;52,4980268;0
4870;1,12008E+19;11;0;12;12;2020;8;18;6;3;5;2;0;1;1;0;0;0;0;795412,2399;5833586,44;13,35999744;52,5719312;0
4871;1,12006E+19;11;0;7;7;2020;6;3;1;3;3;6;2;0;1;0;0;0;0;797777,0961;5823831,916;13,38605362;52,48320552;1
4872;1,12004E+19;11;0;1;1;2020;4;8;3;3;5;2;0;1;1;0;0;0;0;796184,661;5830195,038;13,36833544;52,54111107;0
4873;1,1201E+19;11;0;6;6;2020;10;11;7;3;2;2;0;0;1;0;1;0;0;783805,6945;5815979,597;13,17419967;52,42024051;0
4874;1,12012E+19;11;0;6;6;2020;12;6;5;3;5;3;2;1;1;0;0;0;0;789689,9835;5817964,239;13,26220729;52,43495058;0
4875;1,12008E+19;11;0;7;7;2020;8;15;2;3;2;6;0;0;1;0;0;0;0;799037,7212;5821760,718;13,40270548;52,46395107;0
4876;1,12007E+19;11;0;7;7;2020;7;8;5;3;2;6;0;0;1;0;0;0;0;798102,2202;5819257,932;13,38674203;52,44202754;0
4877;1,12004E+19;11;0;2;2;2020;4;7;3;3;5;3;0;1;1;0;0;0;0;802119,8959;5828034,867;13,45362467;52,5184913;0
4878;1,1201E+19;11;0;1;1;2020;10;10;5;3;3;6;0;0;1;0;1;0;0;798793,7675;5827185,551;13,40398898;52,51271094;0
4879;8,2001E+18;8;1;15;29;2020;1;7;6;2;4;6;2;0;1;0;0;0;0;496039,5065;5399464,851;8,946123459;48,74818621;1
4880;1,12004E+19;11;0;12;12;2020;4;12;2;3;2;2;0;0;1;0;0;0;0;792115,585;5837979,881;13,31536758;52,6130958;0
4881;1,12009E+19;11;0;10;10;2020;9;9;3;3;5;2;0;1;1;0;0;0;0;813060,6141;5827191,634;13,61355311;52,50476522;0
4882;1,12011E+19;11;0;4;4;2020;11;11;2;2;8;1;0;1;0;0;0;0;0;790521,6501;5826375,946;13,28173285;52,5099218;0
4883;1,12009E+19;11;0;7;7;2020;9;0;7;3;1;5;2;1;1;0;0;0;0;795946,0422;5824441,309;13,35970961;52,48966372;0
4884;1,12005E+19;11;0;8;8;2020;5;19;7;3;2;6;0;0;1;0;0;0;0;800961,9432;5821652,102;13,43084597;52,46192107;0
4885;1,12008E+19;11;0;7;7;2020;8;16;1;3;2;6;0;0;1;0;0;0;0;797776,4448;5823843,88;13,38605474;52,48331311;0
4886;1,12006E+19;11;0;1;1;2020;6;18;3;3;2;6;0;0;1;0;1;0;0;795871,3875;5827292,821;13,36114698;52,51526557;0
4887;1,12004E+19;11;0;6;6;2020;4;18;1;2;0;1;0;1;0;0;0;0;0;782907,67;5815862,932;13,1609308;52,41965943;0
4888;1,12009E+19;11;0;1;1;2020;9;12;2;3;2;6;0;0;1;0;0;0;0;799813,3778;5828646,296;13,42028521;52,52524472;0
4889;1,12012E+19;11;0;7;7;2020;12;6;4;3;2;6;2;0;1;0;1;0;0;797990,941;5819808,341;13,38560059;52,44702202;1
4890;1,12008E+19;11;0;1;1;2020;8;13;3;3;3;6;0;1;1;0;0;0;0;795975,9951;5831511,31;13,36644065;52,55302354;0
4891;1,12006E+19;11;0;3;3;2020;6;12;4;3;1;5;0;1;1;0;0;0;0;800300,8807;5829451,868;13,42817699;52,53219701;0
4892;8,2001E+18;8;4;17;44;2020;1;16;4;3;8;1;1;0;1;0;0;0;0;489090,0017;5338864,195;8,85316782;48,2029149;2
4893;1,12004E+19;11;0;6;6;2020;4;10;6;3;2;6;0;0;1;0;1;0;0;787208,2162;5817237,592;13,22517713;52,42974441;0
4894;1,12011E+19;11;0;4;4;2020;11;6;2;3;5;2;0;0;1;0;0;0;0;791027,762;5826458,485;13,28924145;52,51039198;0
4895;1,12009E+19;11;0;4;4;2020;9;14;1;3;2;6;0;0;1;0;0;0;0;790800,3186;5828918,243;13,28805012;52,53256497;0
4896;1,12008E+19;11;0;3;3;2020;8;15;7;2;5;2;0;1;1;0;0;0;0;799238,4705;5831932,292;13,41479592;52,55501441;0
4897;1,12004E+19;11;0;7;7;2020;4;15;5;2;5;7;0;0;1;0;0;0;0;795625,5644;5823228,334;13,35392759;52,47896396;0
4898;1,1201E+19;11;0;6;6;2020;10;16;4;3;9;1;1;0;1;0;0;0;0;785430,6999;5816070,112;13,19810794;52,42020694;1
4899;1,12008E+19;11;0;3;3;2020;8;9;3;3;0;7;0;1;0;0;0;0;0;798166,0935;5836125,754;13,4027963;52,59319086;1
4900;1,12007E+19;11;0;3;3;2020;7;7;2;3;5;2;0;0;1;0;0;0;1;798027,9132;5833803,497;13,39867415;52,57245093;0
4901;1,12006E+19;11;0;7;7;2020;6;8;4;3;2;6;0;0;1;0;0;0;0;797813,2154;5821021,354;13,38407497;52,45799223;0
4902;1,12011E+19;11;0;4;4;2020;11;8;3;3;2;6;0;0;1;0;1;0;0;790708,8282;5827081,864;13,2850998;52,51615065;0
4903;1,12004E+19;11;0;7;7;2020;4;15;5;3;5;7;0;1;1;0;0;0;0;799185,7661;5816433,13;13,40010893;52,41611495;0
4904;1,12009E+19;11;0;2;2;2020;9;16;4;3;5;3;0;1;0;0;1;0;0;801911,1492;5827755,762;13,4503043;52,51610528;0
4905;1,12011E+19;11;0;1;1;2020;11;17;1;3;4;6;2;0;1;0;0;0;0;796280,4701;5825998,857;13,36600606;52,50344432;0
4906;1,12006E+19;11;0;7;7;2020;6;19;6;3;2;6;2;0;1;0;0;0;0;800243,6561;5821544,799;13,42020885;52,46135439;0
4907;1,12004E+19;11;0;1;1;2020;4;17;5;3;5;2;0;1;1;0;0;0;0;799099,778;5827681,45;13,40893058;52,51698823;0
4908;1,12009E+19;11;0;2;2;2020;9;18;3;3;4;6;0;1;0;0;0;0;1;797910,4423;5825127,833;13,38916994;52,49474915;0
4909;1,12007E+19;11;0;4;4;2020;7;15;5;3;2;6;0;0;1;0;0;0;0;789749,0155;5824741,154;13,26895749;52,49567649;0
4910;1,12004E+19;11;0;3;3;2020;4;17;5;3;5;7;0;0;1;0;0;0;1;798063,6913;5833983,399;13,39936222;52,5740439;0
4911;1,1201E+19;11;0;11;11;2020;10;5;4;3;0;1;2;0;0;0;1;0;0;805117,031;5827447,799;13,49712071;52,5115612;1
4912;1,12012E+19;11;0;10;10;2020;12;0;5;3;5;3;2;0;1;0;0;0;0;808929,5855;5827407,186;13,55308467;52,50905153;1
4913;1,12008E+19;11;0;4;4;2020;8;15;5;3;0;2;0;0;1;0;1;0;0;790530,7681;5826396,087;13,2818844;52,51009751;0
4914;1,12007E+19;11;0;4;4;2020;7;17;2;3;5;2;0;1;1;0;0;0;0;792378,221;5826681,148;13,30927944;52,51166594;0
4915;1,12005E+19;11;0;6;6;2020;5;15;6;2;2;3;0;0;1;0;1;0;0;782830,0016;5815854,421;13,15978455;52,41962326;0
4916;1,1201E+19;11;0;5;5;2020;10;20;3;3;0;7;2;1;0;0;0;0;0;784986,0898;5826321,216;13,20034294;52,51235134;0
4917;1,12004E+19;11;0;2;2;2020;4;18;4;3;5;7;0;0;1;0;1;0;0;801801,3015;5826330,903;13,44739846;52,50339496;0
4918;1,12009E+19;11;0;7;7;2020;9;12;7;3;2;6;0;0;1;0;0;0;0;797812,9946;5822727,974;13,38559478;52,47329034;0
4919;1,12011E+19;11;0;4;4;2020;11;18;5;2;6;4;2;0;1;1;0;0;0;790508,0805;5826373,672;13,28153148;52,50990864;1
4920;1,12008E+19;11;0;7;7;2020;8;10;4;3;2;6;0;0;0;0;1;0;1;797732,8122;5818834,278;13,38094583;52,43843117;1
4921;1,12007E+19;11;0;6;6;2020;7;15;3;3;5;2;0;1;1;0;0;0;0;793132,0097;5820203,789;13,31465963;52,45319391;0
4922;1,12006E+19;11;0;10;10;2020;6;19;5;3;0;1;0;0;0;0;0;0;1;811315,9437;5827107,379;13,58785304;52,50500838;1
4923;1,12011E+19;11;0;11;11;2020;11;7;4;3;5;3;0;1;1;0;0;0;0;804235,0771;5827533,276;13,48424305;52,51281989;0
4924;1,12004E+19;11;0;3;3;2020;4;14;4;3;2;6;0;0;1;0;1;0;0;800962,4272;5830468,003;13,43882048;52,54093992;0
4925;1,12009E+19;11;0;2;2;2020;9;13;5;2;2;6;0;1;0;0;0;1;0;802036,6746;5827031,083;13,45149083;52,50954047;0
4926;1,12011E+19;11;0;3;3;2020;11;12;2;2;5;3;0;0;1;0;1;0;0;799141,8035;5830374,657;13,41197129;52,54110574;0
4927;1,12006E+19;11;0;1;1;2020;6;13;1;3;0;7;0;1;0;0;0;0;0;796211,9228;5830192,462;13,36873395;52,54107316;0
4928;8,2001E+18;8;1;11;0;2020;1;7;4;3;1;7;1;0;1;0;0;0;0;511025,3366;5403736,884;9,150097335;48,7865322;0
4929;1,12004E+19;11;0;3;3;2020;4;14;4;3;0;6;0;0;0;0;1;0;1;798323,2023;5834769,764;13,40388787;52,58095031;0
4930;1,12009E+19;11;0;2;2;2020;9;17;4;3;6;7;0;0;1;1;0;0;0;803561,0312;5827585,724;13,47438881;52,5136655;1
4931;1,12007E+19;11;0;6;6;2020;7;16;5;3;5;2;0;1;1;0;0;0;0;789775,5592;5817982,909;13,26347876;52,43507264;0
4932;1,12004E+19;11;0;9;9;2020;4;12;4;2;6;4;0;0;1;1;0;0;0;804422,5271;5823273,38;13,48310444;52,47453537;0
4933;1,1201E+19;11;0;12;12;2020;10;17;5;3;5;2;0;1;1;0;0;0;0;795829,0655;5832337,8;13,3650165;52,56051202;1
4934;1,12012E+19;11;0;3;3;2020;12;18;2;3;1;5;2;0;1;0;0;0;0;800271,6193;5831869,605;13,42993228;52,55388392;1
4935;1,12008E+19;11;0;11;11;2020;8;14;5;3;5;3;0;1;1;0;0;0;0;803733,6791;5834634,746;13,48337084;52,57674715;0
4936;1,12007E+19;11;0;2;2;2020;7;18;3;3;4;6;0;1;0;0;0;0;0;802123,913;5828068,175;13,45371394;52,51878762;0
4937;1,12005E+19;11;0;10;10;2020;5;1;7;2;0;1;2;1;0;0;0;0;0;810887,4831;5827100,486;13,58155435;52,5051909;0
4938;1,1201E+19;11;0;1;1;2020;10;11;3;3;5;2;0;1;1;0;0;0;0;796554,4228;5827804,421;13,37163915;52,51948058;0
4939;1,12004E+19;11;0;3;3;2020;4;7;4;3;2;2;0;1;1;0;0;0;0;799165,6292;5830377,762;13,41232436;52,5411205;0
4940;1,12009E+19;11;0;4;4;2020;9;10;1;2;5;7;0;1;1;0;0;0;0;791475,122;5826529,307;13,29587666;52,51078804;0
4941;1,12011E+19;11;0;4;4;2020;11;15;2;2;1;5;0;1;1;0;0;0;0;788825,8932;5826107,406;13,25658277;52,50841475;0
4942;1,12005E+19;11;0;9;9;2020;5;9;6;3;5;3;0;1;1;0;0;0;0;804105,0611;5824365,462;13,47944076;52,48450025;0
4943;1,12008E+19;11;0;1;1;2020;8;16;5;3;3;6;0;1;1;0;0;0;0;797247,4025;5827534,211;13,38158082;52,51668117;0
4944;1,12006E+19;11;0;4;4;2020;6;11;7;3;2;6;0;0;1;0;0;0;0;789252,3742;5826174,315;13,26290731;52,50878865;0
4945;1,12004E+19;11;0;11;11;2020;4;21;3;3;5;3;1;1;1;0;0;0;0;804499,3537;5827506,282;13,48810065;52,5124305;0
4946;1,1201E+19;11;0;4;4;2020;10;23;6;3;2;6;2;0;1;0;0;0;0;791989,6745;5823915,437;13,30114551;52,48707993;0
4947;1,12012E+19;11;0;7;7;2020;12;8;4;3;5;3;0;1;1;0;0;0;0;796857,9004;5816355,135;13,36591227;52,41668328;0
4948;1,12008E+19;11;0;7;7;2020;8;16;2;3;5;3;0;1;1;0;0;0;0;799685,1504;5815193,536;13,4063202;52,40473038;0
4949;1,12006E+19;11;0;2;2;2020;6;10;3;3;1;7;0;1;1;0;0;0;0;802612,8963;5827683,567;13,46054868;52,5150693;0
4950;1,12004E+19;11;0;1;1;2020;4;16;3;3;2;6;0;0;1;0;0;0;0;799111,3633;5827700,607;13,40911803;52,51715359;0
4951;1,1201E+19;11;0;4;4;2020;10;14;5;3;3;6;0;0;1;0;0;1;0;790502,547;5825470,677;13,28066221;52,50181617;0
4952;8,2001E+18;8;3;25;15;2020;1;8;5;3;9;6;0;0;1;0;0;0;0;473517,4258;5344651,192;8,643225632;48,25451981;0
4953;1,12004E+19;11;0;1;1;2020;4;9;3;3;5;3;0;0;1;0;0;0;0;796676,764;5826211,163;13,37201659;52,5051321;0
4954;1,12009E+19;11;0;12;12;2020;9;17;2;3;5;3;0;1;1;0;0;0;0;795803,1069;5832486,771;13,36476748;52,5618615;0
4955;1,12011E+19;11;0;3;3;2020;11;12;1;3;2;6;0;0;1;0;0;0;0;800153,1141;5835100,333;13,43111307;52,58290693;0
4956;1,12009E+19;11;0;7;7;2020;9;16;6;3;3;6;0;0;1;0;1;0;1;795720,215;5823044,777;13,35515444;52,47726727;0
4957;1,12004E+19;11;0;4;4;2020;4;19;3;3;3;6;0;0;1;0;0;1;0;793134,6252;5823018,831;13,31717086;52,4784286;0
4958;1,12005E+19;11;0;2;2;2020;5;10;5;3;3;6;0;0;1;0;0;0;0;797786,2565;5824809,438;13,38706153;52,49196288;0
4959;1,12008E+19;11;0;7;7;2020;8;1;7;3;1;5;2;1;1;0;0;0;0;795590,9815;5823887,068;13,35400391;52,48488774;0
4960;1,12007E+19;11;0;9;9;2020;7;23;3;3;5;3;2;1;1;0;0;0;0;805153,6362;5822563,103;13,49318558;52,46776151;0