OBJECTID;UIDENTSTLAE;ULAND;UREGBEZ;UKREIS;UGEMEINDE;UJAHR;UMONAT;USTUNDE;UWOCHENTAG;UKATEGORIE;UART;UTYP1;ULICHTVERH;IstRad;IstPKW;IstFuss;IstKrad;IstGkfz;IstSonstige;LINREFX;LINREFY;XGCSWGS84;YGCSWGS84;STRZUSTAND
4961;1,12006E+19;11;0;4;4;2020;6;14;3;3;3;6;0;0;1;0;0;0;0;790518,5802;5825631,169;13,28103777;52,50324646;0
4962;1,12004E+19;11;0;7;7;2020;4;13;2;2;3;6;0;0;1;0;1;0;0;797656,0112;5818651,173;13,37965629;52,43683161;0
4963;1,12009E+19;11;0;1;1;2020;9;12;7;3;2;6;0;0;0;0;1;0;1;796197,2806;5825815,545;13,36462098;52,50184626;1
4964;1,12012E+19;11;0;2;2;2020;12;7;2;3;5;2;1;1;1;0;0;0;0;801840,3171;5826427,623;13,4480592;52,50424029;1
4965;1,12006E+19;11;0;7;7;2020;6;15;4;2;5;2;0;1;1;0;0;0;0;797775,4346;5823548,946;13,38577648;52,48066991;0
4966;8,2001E+18;8;3;36;69;2020;1;2;4;3;5;3;2;0;1;0;0;0;0;405430,422;5269679,269;7,742551736;47,57363422;0
4967;1,12004E+19;11;0;10;10;2020;4;18;2;3;2;6;0;1;1;0;0;0;0;811544,2679;5827130,547;13,59122779;52,50508568;0
4968;1,12011E+19;11;0;2;2;2020;11;18;1;3;5;3;2;1;0;0;0;0;1;801632,7924;5827784,374;13,44624057;52,51651575;0
4969;1,12009E+19;11;0;2;2;2020;9;21;7;3;2;6;2;0;1;0;0;0;0;802119,169;5827844,116;13,45344077;52,51678201;0
4970;1,12007E+19;11;0;7;7;2020;7;13;6;3;2;6;0;0;1;0;0;0;0;796477,815;5822590,107;13,36587252;52,47278082;0
4971;1,12004E+19;11;0;3;3;2020;4;23;1;3;5;2;2;0;1;0;0;0;0;801343,2412;5830998,643;13,44490001;52,54548562;0
4972;1,1201E+19;11;0;6;6;2020;10;13;3;3;5;2;0;0;1;0;0;0;0;793110,666;5820191,107;13,31433531;52,45309167;0
4973;1,12008E+19;11;0;1;1;2020;8;18;2;3;6;4;0;1;0;1;0;0;0;798078,8288;5827663,49;13,39391319;52,51738622;0
4974;1,12007E+19;11;0;1;1;2020;7;5;1;3;0;1;1;0;0;0;0;0;1;798895,6698;5828078,134;13,40628797;52,52065584;0
4975;1,12006E+19;11;0;2;2;2020;6;16;4;3;5;2;0;1;1;0;0;0;0;803078,8308;5827635,245;13,46734993;52,51437749;0
4976;1,12011E+19;11;0;4;4;2020;11;5;2;3;0;1;2;0;0;0;1;0;0;791263,3086;5824601,264;13,29107791;52,49361636;1
4977;1,12004E+19;11;0;2;2;2020;4;15;1;3;5;2;0;0;1;0;1;0;0;802589,4702;5827701,802;13,4602211;52,51524574;0
4978;1,12009E+19;11;0;1;1;2020;9;3;4;3;0;1;2;1;0;0;0;0;0;797223,1087;5826762,092;13,38053423;52,50977323;0
4979;1,12011E+19;11;0;4;4;2020;11;14;7;3;2;6;0;0;1;0;0;0;0;790670,437;5825008,856;13,28272554;52,4975865;0
4980;1,12006E+19;11;0;1;1;2020;6;20;5;2;3;6;0;1;0;0;0;0;0;796267,0314;5830144,649;13,36950152;52,54061461;0
4981;1,12004E+19;11;0;9;9;2020;4;14;1;3;4;6;0;1;1;0;0;0;0;803971,673;5824574,932;13,4776735;52,48645195;0
4982;1,12008E+19;11;0;2;2;2020;8;18;2;2;8;1;0;1;0;0;1;0;0;801872,8585;5826521,777;13,44862254;52,5050662;0
4983;1,12007E+19;11;0;7;7;2020;7;16;4;2;2;6;0;0;1;0;0;0;0;796012,9753;5822712,911;13,3591579;52,47413376;0
4984;1,12004E+19;11;0;3;3;2020;4;18;1;2;5;2;0;1;1;0;0;0;0;798153,948;5836016,099;13,40251882;52,59221462;0
4985;1,1201E+19;11;0;6;6;2020;10;15;4;3;2;6;0;0;1;0;0;0;0;793839,3181;5820843,42;13,32560134;52,45854821;0
4986;1,12012E+19;11;0;12;12;2020;12;19;3;3;2;6;1;0;1;0;0;0;1;791070,4272;5834062,704;13,29653196;52,57854009;1
4987;1,12008E+19;11;0;4;4;2020;8;17;4;3;0;5;0;0;1;0;1;0;0;793402,5672;5826858,662;13,32448685;52,51270726;0
4988;1,12007E+19;11;0;2;2;2020;7;1;2;3;0;1;2;1;0;0;0;0;0;802044,0798;5828031,873;13,45250799;52,51850647;0
4989;1,12005E+19;11;0;4;4;2020;5;21;5;3;5;2;2;0;1;0;0;0;1;793298,7697;5826822,901;13,32293018;52,5124425;0
4990;1,1201E+19;11;0;2;2;2020;10;9;2;3;2;6;0;0;1;0;0;0;0;803107,8064;5827649,154;13,46778829;52,51448606;1
4991;8,2001E+18;8;3;26;74;2020;1;17;6;3;5;3;2;0;1;0;0;0;0;456007,4021;5317183,104;8,410176978;48,00642924;1
4992;1,12004E+19;11;0;5;5;2020;4;13;1;3;7;7;0;0;1;0;0;0;0;782234,3644;5825039,862;13,15881615;52,50229296;0
4993;1,12009E+19;11;0;6;6;2020;9;16;6;3;5;2;0;1;0;0;0;0;1;790946,562;5818773,475;13,28134383;52,44153857;0
4994;1,12011E+19;11;0;9;9;2020;11;6;4;3;5;2;1;1;1;0;0;0;0;802580,7007;5825075,569;13,45770576;52,4917118;1
4995;1,12005E+19;11;0;6;6;2020;5;14;5;3;6;4;0;0;1;1;0;0;0;789552,552;5817982,139;13,26020684;52,43518383;0
4996;1,12008E+19;11;0;7;7;2020;8;14;3;3;0;6;0;0;1;0;1;0;0;796429,9592;5815414,705;13,35880551;52,40848492;0
4997;1,12006E+19;11;0;3;3;2020;6;8;5;3;2;6;0;0;1;0;0;1;0;799218,7807;5831416,86;13,41404184;52,5504052;1
4998;1,12005E+19;11;0;12;12;2020;5;18;5;3;2;6;0;0;1;0;0;0;0;792537,5792;5832480,319;13,31672631;52,56356798;0
4999;1,12004E+19;11;0;11;11;2020;4;18;7;2;5;2;0;1;1;0;0;0;0;804236,0589;5827533,175;13,48425738;52,51281844;0
5000;1,1201E+19;11;0;4;4;2020;10;17;5;2;0;1;0;0;0;0;1;0;0;790276,3821;5825477,477;13,2773456;52,5019975;0
5001;1,12012E+19;11;0;4;4;2020;12;14;2;3;3;6;0;0;1;0;0;0;1;789291,9496;5826180,737;13,26349438;52,50882524;0
5002;1,12008E+19;11;0;12;12;2020;8;17;5;3;5;2;0;1;1;0;0;0;0;795766,4058;5832694,689;13,36441297;52,56374521;0
5003;1,12006E+19;11;0;7;7;2020;6;17;2;3;3;1;0;1;1;0;0;0;0;797777,3164;5823508,969;13,38576841;52,48031053;1
5004;1,12004E+19;11;0;2;2;2020;4;19;7;3;0;1;0;1;0;0;0;0;0;802032,1136;5828101,201;13,45239512;52,51913448;0
5005;1,1201E+19;11;0;3;3;2020;10;23;2;3;1;5;2;1;0;0;1;0;0;799179,7632;5830861,321;13,41296765;52,5454471;1
5006;8,2001E+18;8;2;25;33;2020;1;13;5;3;2;2;0;0;1;0;0;0;0;510576,5583;5461807,765;9,14550405;49,30891736;0
5007;1,12004E+19;11;0;2;2;2020;4;19;7;3;5;7;0;0;1;0;0;0;1;802063,957;5828101,286;13,45286307;52,51911761;0
5008;1,12011E+19;11;0;3;3;2020;11;18;6;3;3;6;2;0;1;0;0;0;0;798336,674;5833473,712;13,40291995;52,56932574;0
5009;1,12009E+19;11;0;4;4;2020;9;15;5;3;2;6;0;0;1;0;0;0;0;790701,8009;5826177,718;13,28420673;52,50804871;0
5010;1,12004E+19;11;0;9;9;2020;4;17;7;2;2;6;0;0;1;0;0;0;0;805535,4163;5818918,073;13,4954539;52,43487933;0
5011;1,12005E+19;11;0;12;12;2020;5;14;5;3;5;2;0;1;1;0;0;0;0;794455,9891;5834358,683;13,34661417;52,5793719;0
5012;1,12008E+19;11;0;12;12;2020;8;22;5;3;0;1;2;0;0;0;1;0;0;792088,319;5832651,256;13,31026786;52,56534157;0
5013;1,12007E+19;11;0;11;11;2020;7;17;7;3;2;6;0;0;1;0;0;0;0;804267,5776;5827530,053;13,48471754;52,51277287;0
5014;1,12006E+19;11;0;9;9;2020;6;13;7;3;4;6;0;1;0;0;0;0;0;805546,2395;5822171,783;13,49858878;52,46403488;0
5015;1,12005E+19;11;0;2;2;2020;5;7;5;3;5;2;0;1;0;0;0;1;0;802178,5288;5827741,531;13,45421973;52,51582966;0
5016;1,12008E+19;11;0;2;2;2020;8;19;4;3;5;3;1;1;1;0;0;0;0;801816,5595;5827765,484;13,44892339;52,51624478;1
5017;1,12006E+19;11;0;6;6;2020;6;12;6;3;5;3;0;0;1;0;0;0;0;790942,728;5818771,219;13,28128562;52,44152039;0
5018;1,12004E+19;11;0;3;3;2020;4;14;6;2;1;5;0;1;1;0;0;0;0;798256,6651;5834745,938;13,40288736;52,58077322;0
5019;1,1201E+19;11;0;2;2;2020;10;13;6;3;0;7;0;1;1;0;0;0;0;797785,0059;5824803,352;13,38703773;52,49190901;0
5020;1,12012E+19;11;0;4;4;2020;12;15;3;3;2;6;0;0;1;0;0;0;0;790815,3674;5828925,646;13,28827783;52,53262331;0
5021;1,12008E+19;11;0;6;6;2020;8;0;1;2;0;1;2;1;0;0;0;0;0;792505,3022;5819787,725;13,30509893;52,44979968;0
5022;1,12006E+19;11;0;12;12;2020;6;10;2;3;5;2;0;1;1;0;0;0;0;791744,7587;5839579,084;13,31131723;52,62763112;0
5023;1,12004E+19;11;0;1;1;2020;4;21;6;3;3;6;2;0;1;0;0;0;0;796015,6776;5829360,041;13,3651072;52,53371796;0
5024;1,1201E+19;11;0;3;3;2020;10;9;4;3;0;7;0;1;0;0;0;0;1;799221,6515;5831470,468;13,41413236;52,55088414;1
5025;8,2001E+18;8;2;36;4;2020;1;12;5;2;4;1;0;0;1;0;0;0;0;473649,1216;5416113,446;8,640469974;48,89740736;0
5026;1,12004E+19;11;0;1;1;2020;4;18;6;3;2;6;0;0;1;0;0;0;0;796430,3657;5826362,011;13,36853129;52,50661824;0
5027;1,12009E+19;11;0;3;3;2020;9;20;1;3;0;6;2;0;1;0;1;0;0;799217,4334;5831384,622;13,41399298;52,55011698;0
5028;1,12011E+19;11;0;7;7;2020;11;10;6;3;0;7;0;0;1;0;0;0;0;799133,0666;5816617,418;13,39950108;52,41779567;0
5029;1,12009E+19;11;0;6;6;2020;9;15;6;3;2;3;0;1;1;0;0;0;0;787907,8859;5817573,467;13,23572881;52,43238801;0
5030;1,12004E+19;11;0;1;1;2020;4;19;5;3;2;3;0;0;1;0;0;0;0;796276,4491;5830298,658;13,36977732;52,54199003;0
5031;1,12005E+19;11;0;2;2;2020;5;15;4;3;5;2;0;1;1;0;0;0;0;802576,0683;5827687,261;13,46001098;52,51512284;0
5032;1,12008E+19;11;0;7;7;2020;8;8;6;3;5;2;0;1;1;0;0;0;0;797848,686;5822305,299;13,38574131;52,46948207;0
5033;1,12007E+19;11;0;3;3;2020;7;16;3;3;0;1;0;0;0;0;1;0;0;800385,869;5829539,511;13,42950534;52,53293574;0
5034;1,12006E+19;11;0;12;12;2020;6;3;1;3;6;7;2;1;0;1;0;0;0;791906,8023;5838918,388;13,3131211;52,62162125;0
5035;1,12004E+19;11;0;7;7;2020;4;14;5;3;0;6;0;0;0;0;1;0;1;799012,3206;5821809,377;13,4023763;52,46440113;0
5036;1,12009E+19;11;0;12;12;2020;9;11;6;3;0;1;0;0;0;0;1;0;0;792380,978;5837729,812;13,31905507;52,61071135;1
5037;1,12012E+19;11;0;2;2;2020;12;18;1;3;0;1;2;0;0;0;1;0;0;797292,245;5825592,558;13,38050565;52,49925198;1
5038;1,12006E+19;11;0;4;4;2020;6;14;4;3;2;6;0;0;1;0;0;0;0;790694,9074;5826336,16;13,28424382;52,50947282;0
5039;8,2001E+18;8;2;26;107;2020;1;22;4;3;5;3;2;0;1;0;0;0;1;475122,7141;5482913,73;8,656438311;49,49834665;0
5040;1,12004E+19;11;0;12;12;2020;4;10;5;2;5;2;0;1;1;0;0;0;0;795681,592;5832885,339;13,36333529;52,56550027;0
5041;1,12011E+19;11;0;7;7;2020;11;8;5;3;5;2;0;1;1;0;0;0;0;795241,9043;5823528,273;13,34856039;52,48186026;0
5042;1,12009E+19;11;0;4;4;2020;9;14;7;3;2;6;0;0;1;0;0;0;0;791083,0339;5829201,32;13,29245416;52,53495182;0
5043;1,12007E+19;11;0;4;4;2020;7;14;5;3;2;6;0;0;1;0;0;0;1;790428,0902;5827723,185;13,28153415;52,52204971;0
5044;1,12004E+19;11;0;2;2;2020;4;8;5;3;5;2;0;1;1;0;0;0;0;802987,1844;5827645,509;13,46601288;52,51452041;0
5045;1,1201E+19;11;0;4;4;2020;10;21;7;2;0;1;2;0;0;0;1;0;0;791539,925;5830633,145;13,30042759;52,54754364;0
5046;1,12008E+19;11;0;7;7;2020;8;11;2;2;0;6;0;1;0;0;0;0;1;798456,4409;5818180,549;13,39097603;52,43217681;0
5047;1,12007E+19;11;0;7;7;2020;7;14;6;3;0;4;0;0;0;1;0;0;1;795243,0042;5823529,745;13,34857785;52,48187286;0
5048;1,12006E+19;11;0;7;7;2020;6;11;3;3;5;3;0;0;1;0;0;0;0;797884,0724;5820428,218;13,3845856;52,4526368;0
5049;1,1201E+19;11;0;7;7;2020;10;15;7;3;6;7;0;0;0;1;0;0;1;796003,2008;5824574,813;13,36066758;52,49082948;1
5050;1,12004E+19;11;0;7;7;2020;4;22;4;3;3;6;2;0;1;0;0;0;1;795399,6961;5823424,016;13,35078483;52,48084033;0
5051;1,12009E+19;11;0;3;3;2020;9;13;3;3;4;6;0;1;0;0;0;0;1;799165,0458;5830940,645;13,41282271;52,54616619;0
5052;1,12011E+19;11;0;9;9;2020;11;16;6;3;5;3;2;1;1;0;0;0;0;803268,9338;5824397,53;13,46719457;52,48525271;0
5053;1,12006E+19;11;0;11;11;2020;6;7;5;3;5;7;0;0;1;0;1;0;0;803724,4793;5834374,441;13,48299705;52,57441929;0
5054;1,12004E+19;11;0;3;3;2020;4;18;4;2;3;6;0;0;1;0;1;0;0;803321,222;5833644,665;13,47639728;52,56810347;0
5055;1,12008E+19;11;0;10;10;2020;8;13;2;3;3;6;0;0;1;0;0;0;0;808340,0204;5828034,955;13,54500683;52,51501105;0
5056;1,12007E+19;11;0;4;4;2020;7;7;4;3;3;6;0;0;1;0;0;1;0;790869,128;5824710,147;13,28538331;52,4948027;0
5057;1,12006E+19;11;0;7;7;2020;6;18;3;3;6;7;0;1;0;1;0;0;0;799802,2438;5813900,872;13,40687955;52,39307919;0
5058;1,12004E+19;11;0;3;3;2020;4;10;4;3;5;2;0;0;1;0;0;0;1;799984,4071;5830223,911;13,42422234;52,53929135;0
5059;1,1201E+19;11;0;9;9;2020;10;16;2;3;2;6;0;0;1;0;0;0;1;806095,1049;5821638,59;13,50615373;52,458949;1
5060;1,12012E+19;11;0;6;6;2020;12;8;2;3;1;5;0;1;0;0;0;1;0;781158,349;5815419,302;13,13490246;52,416583;1
5061;1,12008E+19;11;0;1;1;2020;8;9;4;2;5;3;0;1;0;0;0;0;0;798701,6594;5827896,885;13,40327432;52,5191375;0
5062;1,12007E+19;11;0;3;3;2020;7;8;1;2;0;7;0;1;0;0;0;0;0;799468,9149;5830322,14;13,41673288;52,54045533;0
5063;1,12005E+19;11;0;3;3;2020;5;10;4;3;5;3;0;1;0;0;0;0;1;799165,6915;5830372,818;13,41232082;52,54107614;0
5064;1,1201E+19;11;0;7;7;2020;10;5;2;3;5;2;2;0;1;0;1;0;0;798004,3966;5819004,887;13,38508144;52,43981258;0
5065;8,2001E+18;8;3;11;0;2020;1;10;6;3;2;6;0;0;1;0;0;0;0;413353,0257;5316118,573;7,838602656;47,99249428;0
5066;1,12004E+19;11;0;4;4;2020;4;16;4;3;5;2;0;0;1;0;1;0;0;793301,222;5826821,011;13,32296455;52,51242424;0
5067;1,12009E+19;11;0;1;1;2020;9;8;5;3;5;2;0;1;1;0;0;0;0;798637,7066;5827034,516;13,40156061;52,51144258;0
5068;1,12011E+19;11;0;7;7;2020;11;14;3;3;5;2;0;0;1;0;0;0;0;797869,8206;5820428,498;13,38437674;52,45264707;0
5069;1,12005E+19;11;0;3;3;2020;5;14;4;3;5;2;0;0;1;0;0;0;1;799816,6255;5830255,23;13,42178414;52,5396644;0
5070;1,12008E+19;11;0;10;10;2020;8;19;3;2;2;6;0;0;1;0;1;0;0;809468,7458;5827395,574;13,56099283;52,5086419;0
5071;1,12006E+19;11;0;10;10;2020;6;13;5;3;2;6;0;0;1;0;0;0;0;808322,6809;5832066,247;13,54849132;52,55114859;0
5072;1,12005E+19;11;0;6;6;2020;5;16;5;3;1;5;0;0;1;0;0;0;0;784739,4784;5815918,779;13,1878422;52,41921014;0
5073;1,12004E+19;11;0;7;7;2020;4;11;3;2;6;2;0;0;0;1;0;0;1;795493,9963;5823365,291;13,35211733;52,48026289;0
5074;1,12009E+19;11;0;1;1;2020;9;15;4;3;2;6;0;0;1;0;0;0;0;796423,9633;5827372,469;13,3693372;52,51567949;0
5075;1,12012E+19;11;0;6;6;2020;12;10;7;3;5;3;0;0;1;0;0;0;0;786189,8159;5816768,274;13,20983761;52,42607022;0
5076;1,12008E+19;11;0;4;4;2020;8;14;5;3;2;6;0;0;1;0;0;0;0;790653,9629;5827102,777;13,28431181;52,51636738;0
5077;1,12006E+19;11;0;1;1;2020;6;13;1;3;0;2;0;0;1;0;1;0;0;796453,881;5827390,807;13,36979314;52,51582761;1
5078;1,1201E+19;11;0;1;1;2020;10;21;1;3;6;2;2;0;1;1;0;0;0;796287,0826;5830281,195;13,36991809;52,54182771;1
5079;8,2001E+18;8;1;35;20;2020;1;18;5;3;9;1;2;0;1;0;0;0;0;584661,2937;5385596,907;10,14872789;48,61771224;0
5080;1,12004E+19;11;0;4;4;2020;4;11;3;2;3;6;0;0;1;0;0;1;0;790462,5492;5828450,171;13,28267563;52,5285488;0
5081;1,12011E+19;11;0;7;7;2020;11;11;4;3;2;6;0;0;1;0;0;0;0;797821,463;5820715,309;13,38392301;52,45524437;0
5082;1,12009E+19;11;0;2;2;2020;9;20;3;3;0;1;2;1;0;0;0;0;0;802177,8878;5827744,579;13,45421308;52,51585733;0
5083;1,12004E+19;11;0;1;1;2020;4;7;3;3;2;6;0;0;1;0;1;0;0;799131,8556;5827676,885;13,4093978;52,51692973;0
5084;1,1201E+19;11;0;11;11;2020;10;9;6;3;5;2;0;1;1;0;0;0;0;803767,0845;5827581,92;13,47741242;52,5135167;0
5085;1,12008E+19;11;0;1;1;2020;8;17;4;3;0;7;0;0;1;0;0;0;0;796231,7364;5830175,271;13,36900992;52,5409083;0
5086;1,12007E+19;11;0;2;2;2020;7;8;5;3;6;4;0;1;0;1;0;0;0;803079,5382;5827651,972;13,46737556;52,51452703;0
5087;1,12006E+19;11;0;1;1;2020;6;15;6;3;5;2;0;0;1;0;1;0;0;796180,2591;5825777,959;13,36433752;52,50151857;0
5088;1,12004E+19;11;0;10;10;2020;4;7;3;3;3;6;0;0;1;0;0;1;0;808658,5377;5827425,33;13,54912041;52,50936755;0
5089;1,12009E+19;11;0;9;9;2020;9;19;5;3;2;6;2;0;1;0;0;0;0;802630,9606;5825131,751;13,4584948;52,4921875;0
5090;1,12012E+19;11;0;7;7;2020;12;6;4;3;2;6;2;0;1;0;0;0;0;797845,9615;5822378,276;13,38576647;52,47013771;1
5091;1,12006E+19;11;0;1;1;2020;6;14;3;3;2;6;0;0;1;0;0;0;0;796299,4715;5830036,227;13,36988176;52,53962508;0
5092;8,2001E+18;8;1;28;115;2020;1;17;4;1;6;4;2;0;1;1;0;0;0;548833,3558;5495959,647;9,67600058;49,61422773;0
5093;1,12004E+19;11;0;3;3;2020;4;22;3;3;7;7;2;0;0;0;1;0;0;801042,0534;5838445,027;13,44723418;52,61239422;0
5094;1,12009E+19;11;0;1;1;2020;9;20;6;3;5;3;1;0;1;0;0;0;1;798780,909;5827996,633;13,40452841;52,51998819;0
5095;1,12007E+19;11;0;12;12;2020;7;19;1;3;0;1;0;0;1;0;0;0;0;795363,0194;5833705,363;13,3593792;52,57302394;1
5096;1,12004E+19;11;0;4;4;2020;4;14;3;3;2;6;0;0;1;0;0;0;1;788470,2005;5826050,17;13,25130682;52,50808982;0
5097;1,1201E+19;11;0;12;12;2020;10;9;6;3;2;6;0;0;1;0;0;0;0;790281,5202;5835683,842;13,2863425;52,59349486;0
5098;1,12012E+19;11;0;4;4;2020;12;14;4;3;2;6;0;0;1;0;0;0;1;790761,6891;5824870,33;13,28394504;52,496296;0
5099;1,12005E+19;11;0;3;3;2020;5;12;3;2;3;6;0;1;1;0;0;0;0;799501,9227;5830294,046;13,4171928;52,54018538;1
5100;1,12008E+19;11;0;3;3;2020;8;19;1;3;5;2;0;1;1;0;0;0;0;800016,3277;5828989,415;13,42357729;52,52820858;0
5101;1,12007E+19;11;0;12;12;2020;7;15;5;3;6;4;0;0;1;1;0;0;0;794063,6871;5835081,249;13,34148242;52,58606131;1
5102;1,12006E+19;11;0;7;7;2020;6;13;2;3;2;6;0;0;1;0;0;0;0;798192,196;5818900,192;13,38774267;52,43877174;0
5103;1,1201E+19;11;0;6;6;2020;10;14;4;3;2;6;0;0;1;0;0;0;0;790695,5904;5818604,131;13,2775146;52,44015384;0
5104;1,12004E+19;11;0;4;4;2020;4;13;1;3;5;2;0;1;1;0;0;0;0;791029,0934;5826477,361;13,28927752;52,5105605;0
5105;1,12009E+19;11;0;6;6;2020;9;17;2;3;3;6;0;0;1;0;1;0;0;791180,398;5818909,026;13,28489245;52,44262935;0
5106;1,12011E+19;11;0;5;5;2020;11;18;3;3;2;6;2;0;1;0;0;0;1;784982,7569;5826322,114;13,20029473;52,51236113;0
5107;1,12004E+19;11;0;3;3;2020;4;16;1;3;0;6;0;0;1;0;1;0;0;799771,3692;5830242,146;13,42110704;52,53957202;0
5108;1,12009E+19;11;0;10;10;2020;9;6;5;3;2;6;0;0;1;0;0;0;0;808075,3716;5827457,506;13,54058463;52,50998554;0
5109;1,12012E+19;11;0;7;7;2020;12;20;6;3;3;6;2;0;1;0;0;1;0;797346,2275;5822340,611;13,3783977;52,47007231;0
5110;1,12006E+19;11;0;7;7;2020;6;17;3;3;5;2;0;1;0;0;0;1;0;796608,831;5815997,411;13,3619437;52,41361158;0
5111;8,2001E+18;8;2;15;84;2020;1;11;4;3;8;1;0;0;1;0;0;0;0;471825,7147;5443751,565;8,613672523;49,14594248;2
5112;1,12004E+19;11;0;4;4;2020;4;14;1;3;2;6;0;0;1;0;0;0;0;787892,6623;5825956,738;13,24273997;52,50755724;0
5113;1,12009E+19;11;0;7;7;2020;9;15;6;2;1;5;0;0;1;0;1;0;0;795679,8609;5823971,726;13,35538408;52,48559851;0
5114;1,12007E+19;11;0;6;6;2020;7;11;3;3;1;5;0;0;1;0;0;0;0;786369,745;5816863,197;13,21255787;52,42682716;0
5115;1,12004E+19;11;0;7;7;2020;4;22;7;3;6;2;2;0;1;1;0;0;0;797829,1107;5822373,143;13,38551455;52,47010089;0
5116;1,1201E+19;11;0;4;4;2020;10;16;6;3;2;6;0;0;1;0;0;0;0;790723,5053;5826860,77;13,28512231;52,51416072;0
5117;1,12008E+19;11;0;2;2;2020;8;18;1;3;3;6;0;1;1;0;0;0;0;797885,713;5825496,206;13,38913618;52,49806467;0
5118;1,12007E+19;11;0;12;12;2020;7;11;6;3;2;1;0;1;1;0;0;0;0;795540,2929;5833283,95;13,36161187;52,56915016;1
5119;1,12006E+19;11;0;6;6;2020;6;12;3;3;5;7;0;1;1;0;0;0;0;784015,5113;5815895,148;13,17720506;52,41937446;0
5120;1,1201E+19;11;0;4;4;2020;10;10;5;3;0;2;0;1;0;0;0;0;1;792372,6009;5826680,211;13,30919604;52,51166055;1
5121;1,12004E+19;11;0;12;12;2020;4;14;7;3;3;6;0;0;1;0;1;0;0;791098,9517;5841100,119;13,30314311;52,64161311;0
5122;1,12009E+19;11;0;7;7;2020;9;11;2;3;8;7;0;0;0;0;0;0;1;797515,5846;5818151,035;13,37715154;52,43242476;0
5123;1,12011E+19;11;0;1;1;2020;11;16;5;3;2;6;2;0;1;0;1;0;0;795883,496;5829597,455;13,36337553;52,53591793;1
5124;1,12006E+19;11;0;12;12;2020;6;14;4;3;2;2;0;0;1;0;1;0;0;793360,9208;5836429,386;13,33233326;52,5985259;0
5125;1,12008E+19;11;0;4;4;2020;8;11;1;2;5;2;0;1;1;0;0;0;0;790120,8322;5826328,907;13,27580244;52,50971341;0
5126;1,12006E+19;11;0;2;2;2020;6;15;3;3;6;4;0;0;0;1;0;0;1;803299,147;5827613,373;13,4705667;52,51405899;0
5127;1,12004E+19;11;0;6;6;2020;4;19;6;3;0;1;1;0;0;0;1;0;0;785114,6868;5816159,42;13,19354965;52,42117243;0
5128;1,1201E+19;11;0;3;3;2020;10;16;2;3;3;6;0;0;1;0;1;0;0;800513,3896;5829746,429;13,43156674;52,53472011;1
5129;1,12012E+19;11;0;9;9;2020;12;12;7;3;2;6;0;0;1;0;0;0;0;806498,7025;5821235,217;13,51170499;52,45510763;0
5130;1,12008E+19;11;0;4;4;2020;8;13;3;3;2;6;0;0;1;0;0;0;0;791888,3426;5824041,256;13,2997676;52,48826207;0
5131;1,12007E+19;11;0;4;4;2020;7;9;5;3;0;7;0;1;0;1;0;0;0;791359,2845;5826531,544;13,29417657;52,51086998;0
5132;1,12005E+19;11;0;11;11;2020;5;14;3;3;6;7;0;0;0;1;0;0;1;803906,7711;5827567,212;13,47945108;52,51330707;0
5133;1,1201E+19;11;0;7;7;2020;10;0;6;2;9;1;2;0;1;0;0;0;0;794926,7556;5823123,665;13,34357523;52,4784035;0
5134;8,2001E+18;8;2;12;0;2020;1;16;6;3;0;1;0;1;0;0;0;0;0;461768,889;5427287,72;8,477333859;48,99730437;1
5135;1,12004E+19;11;0;1;1;2020;4;17;6;3;2;6;0;0;1;0;0;0;0;798863,8858;5828074,895;13,40581801;52,52064422;0
5136;1,12009E+19;11;0;4;4;2020;9;19;4;3;2;6;1;0;1;0;0;0;0;790584,4555;5825130,265;13,28156846;52,49872074;0
5137;1,12011E+19;11;0;7;7;2020;11;18;2;3;2;6;2;0;1;0;0;0;0;798151,723;5818914,51;13,3871618;52,43892215;1
5138;1,12005E+19;11;0;11;11;2020;5;11;2;3;2;6;0;0;1;0;0;0;0;803876,8997;5827570,57;13,47901532;52,5133538;1
5139;1,12008E+19;11;0;7;7;2020;8;14;2;3;1;5;0;1;1;0;0;0;0;796006,2553;5825033,303;13,36111978;52,49493779;0
5140;1,12006E+19;11;0;2;2;2020;6;15;4;2;6;4;0;0;1;1;0;0;0;801378,9701;5827810,464;13,44253494;52,51688992;0
5141;1,12005E+19;11;0;4;4;2020;5;15;5;3;2;6;0;0;1;0;0;0;0;790663,9861;5828845,525;13,28598233;52,53198577;0
5142;1,12004E+19;11;0;6;6;2020;4;15;6;2;5;2;0;0;1;0;0;0;0;791033;5818801,4;13,28263625;52,44174293;0
5143;1,12009E+19;11;0;3;3;2020;9;9;4;3;2;6;0;1;1;0;0;0;0;800539,9597;5829931,977;13,43212507;52,53636857;0
5144;1,12012E+19;11;0;2;2;2020;12;19;5;3;5;2;2;1;1;0;0;0;0;802146,3043;5827747,522;13,45375173;52,51590121;1
5145;1,12008E+19;11;0;12;12;2020;8;8;4;3;5;2;0;1;1;0;0;0;0;792368,9851;5837740,45;13,31888786;52,61081317;0
5146;1,12006E+19;11;0;6;6;2020;6;16;6;3;0;5;0;1;1;0;0;0;0;782483,3777;5815759,564;13,15462097;52,41895174;1
5147;1,1201E+19;11;0;1;1;2020;10;17;7;3;2;6;0;0;1;0;0;0;0;797090,583;5826739,298;13,37856689;52,50964109;0