OBJECTID;UIDENTSTLAE;ULAND;UREGBEZ;UKREIS;UGEMEINDE;UJAHR;UMONAT;USTUNDE;UWOCHENTAG;UKATEGORIE;UART;UTYP1;ULICHTVERH;IstRad;IstPKW;IstFuss;IstKrad;IstGkfz;IstSonstige;LINREFX;LINREFY;XGCSWGS84;YGCSWGS84;STRZUSTAND
5148;8,2001E+18;8;1;11;0;2020;1;14;5;3;9;6;0;0;1;0;0;0;0;506958,6424;5395607,112;9,094596667;48,7134556;0
5149;1,12004E+19;11;0;2;2;2020;4;13;5;2;3;6;0;1;0;0;0;0;0;802358,3348;5827709,56;13,45683238;52,51544346;0
5150;1,12011E+19;11;0;7;7;2020;11;12;4;2;3;6;0;1;1;0;0;0;0;798130,7746;5819113,443;13,38703199;52,44071678;0
5151;1,12009E+19;11;0;6;6;2020;9;15;3;3;5;3;0;0;1;0;1;0;0;792499,0842;5819784,197;13,3050046;52,44977138;0
5152;1,12008E+19;11;0;1;1;2020;8;14;2;2;2;6;0;0;0;0;1;0;1;796182,6867;5825783,319;13,36437795;52,50156531;0
5153;1,12004E+19;11;0;1;1;2020;4;17;5;3;2;6;0;0;1;0;0;0;0;796207,8096;5829939,111;13,36844761;52,53880436;0
5154;1,1201E+19;11;0;2;2;2020;10;21;6;3;5;2;2;1;1;0;0;0;0;802576,2311;5827687,245;13,46001336;52,51512261;1
5155;1,12008E+19;11;0;1;1;2020;8;12;4;3;3;6;0;1;0;0;0;1;0;797600,4456;5826824,75;13,38613382;52,51012917;0
5156;1,12007E+19;11;0;7;7;2020;7;12;4;3;3;6;0;0;1;0;1;0;0;797293,4515;5822327,918;13,37761173;52,46998726;1
5157;1,12006E+19;11;0;2;2;2020;6;6;6;3;5;2;0;1;0;0;0;0;1;802380,2359;5827724,419;13,45716764;52,51556449;1
5158;1,12011E+19;11;0;9;9;2020;11;13;5;3;3;6;0;0;1;0;1;0;0;804466,0356;5819686,806;13,48047226;52,4423656;0
5159;1,12004E+19;11;0;3;3;2020;4;16;5;3;5;2;0;1;1;0;0;0;0;800973,866;5830486,269;13,43900519;52,54109732;0
5160;1,12009E+19;11;0;1;1;2020;9;14;5;3;5;3;0;1;1;0;0;0;0;799326,7992;5827936,222;13,41249547;52,51914733;0
5161;1,12011E+19;11;0;1;1;2020;11;11;2;3;5;3;0;0;1;0;0;0;0;796676,764;5826211,163;13,37201659;52,5051321;0
5162;1,12006E+19;11;0;7;7;2020;6;16;2;3;2;6;0;0;1;0;0;0;0;797815,25;5822679,143;13,38558429;52,4728514;0
5163;8,2001E+18;8;1;17;18;2020;1;23;4;3;8;1;2;0;1;0;0;0;0;537940,8293;5395513,35;9,515753282;48,71149663;2
5164;1,12004E+19;11;0;10;10;2020;4;15;5;3;2;2;0;0;1;0;0;0;0;809650,084;5827341,153;13,56360558;52,5080513;0
5165;1,12009E+19;11;0;3;3;2020;9;8;5;2;5;2;0;1;0;0;0;0;0;800269,8281;5829354,748;13,42763285;52,53134359;0
5166;1,12007E+19;11;0;9;9;2020;7;12;6;3;0;6;0;0;0;0;0;0;1;802634,5918;5825167,859;13,45858092;52,49250912;0
5167;1,12004E+19;11;0;12;12;2020;4;12;5;3;0;1;0;1;0;0;0;0;0;792227,2171;5838319,969;13,31731205;52,6160845;0
5168;1,1201E+19;11;0;3;3;2020;10;13;5;3;5;2;0;1;1;0;0;0;0;800291,0583;5830052,565;13,42857536;52,53758663;0
5169;1,12012E+19;11;0;7;7;2020;12;14;3;3;1;5;0;0;1;0;0;0;1;799356,9158;5816020,878;13,40224926;52,41232604;1
5170;1,12005E+19;11;0;3;3;2020;5;9;2;3;5;2;0;1;1;0;0;0;0;798250,3928;5835077,053;13,40309303;52,58374461;0
5171;1,12008E+19;11;0;2;2;2020;8;20;6;2;3;6;1;1;0;0;0;0;0;802054,9105;5827113,06;13,4518331;52,51026513;0
5172;1,12007E+19;11;0;12;12;2020;7;18;3;3;2;2;0;0;1;0;0;0;0;795328,2941;5833730,576;13,35889074;52,5732688;0
5173;1,12005E+19;11;0;1;1;2020;5;15;1;3;0;7;0;1;1;0;0;0;0;796072,3835;5831280,272;13,36765213;52,55090012;0
5174;1,1201E+19;11;0;4;4;2020;10;17;4;3;2;6;1;0;1;0;0;0;0;792084,8491;5823813,101;13,30245349;52,48611159;0
5175;1,12004E+19;11;0;4;4;2020;4;14;4;3;2;6;0;0;1;0;0;0;1;789743,0081;5824732,394;13,26886163;52,49560114;0
5176;1,12009E+19;11;0;10;10;2020;9;16;1;3;3;6;0;0;1;0;1;0;0;808117,6425;5827457,156;13,54120519;52,50995853;0
5177;1,12011E+19;11;0;4;4;2020;11;20;2;3;3;6;2;0;1;0;0;1;0;790535,1058;5825733,412;13,28136977;52,50415427;0
5178;1,12005E+19;11;0;7;7;2020;5;8;2;3;3;6;0;1;0;0;0;0;1;798066,8834;5819387,21;13,386339;52,44320565;1
5179;1,12008E+19;11;0;4;4;2020;8;10;6;2;6;4;0;1;0;1;0;0;0;790360,0934;5826367,625;13,27935177;52,50993322;0
5180;1,12006E+19;11;0;7;7;2020;6;13;7;3;5;3;0;1;1;0;0;0;0;797749,8282;5818868,293;13,38122572;52,43872681;0
5181;1,12004E+19;11;0;8;8;2020;4;8;4;3;5;3;0;0;1;0;0;1;0;802349,183;5821930,503;13,45145471;52,46365066;0
5182;1,1201E+19;11;0;3;3;2020;10;20;7;3;0;1;2;1;0;0;0;0;0;800691,9104;5830081,971;13,43449435;52,53762918;0
5183;1,12012E+19;11;0;12;12;2020;12;18;5;3;3;6;2;0;1;0;1;0;0;795552,2695;5833252,991;13,36176048;52,56886614;0
5184;1,12008E+19;11;0;2;2;2020;8;9;2;3;5;2;0;0;1;0;0;0;1;802043,3189;5828025,584;13,4524911;52,51845052;0
5185;1,12007E+19;11;0;2;2;2020;7;14;4;3;6;4;0;0;0;1;0;0;1;803122,3301;5827630,838;13,46798497;52,51431383;1
5186;1,12004E+19;11;0;1;1;2020;4;16;3;3;2;6;0;0;1;0;0;0;0;795886,8016;5829547,515;13,36337967;52,53546847;0
5187;1,1201E+19;11;0;4;4;2020;10;11;5;3;2;6;0;0;1;0;0;0;0;789060,8138;5826144,572;13,26006681;52,50862354;0
5188;8,2001E+18;8;1;16;36;2020;1;12;6;3;8;7;0;0;1;0;0;0;0;523618,4549;5378613,399;9,320101214;48,56017088;1
5189;1,12004E+19;11;0;3;3;2020;4;13;3;3;5;3;0;0;1;0;1;0;0;798165,7503;5836122,447;13,40278827;52,5931614;0
5190;1,12009E+19;11;0;4;4;2020;9;16;3;3;2;6;0;0;1;0;0;0;0;793758,3164;5823001,444;13,3263126;52,4779376;0
5191;1,12011E+19;11;0;12;12;2020;11;14;1;3;0;1;0;1;0;0;0;0;0;791842,3566;5839180,645;13,3124033;52,62400688;0
5192;1,12009E+19;11;0;9;9;2020;9;19;6;2;8;1;0;0;1;0;0;0;0;804091,7624;5824390,086;13,47926798;52,48472836;0
5193;1,12005E+19;11;0;1;1;2020;5;17;2;3;0;1;0;0;0;0;1;0;0;797562,694;5826818,643;13,38557374;52,51009501;1
5194;1,12008E+19;11;0;12;12;2020;8;19;7;3;5;2;0;1;1;0;0;0;0;795732,7841;5832788,42;13,36400195;52,56460368;1
5195;1,12006E+19;11;0;7;7;2020;6;16;3;3;2;6;0;0;1;0;0;0;0;799317,064;5816170,3;13,4017987;52,41368722;0
5196;1,12004E+19;11;0;3;3;2020;4;19;3;3;5;2;0;1;1;0;0;0;0;800295,0826;5830050,664;13,4286328;52,53756737;0
5197;1,12009E+19;11;0;12;12;2020;9;18;2;3;5;2;1;1;1;0;0;0;0;794559,1815;5833820,741;13,34765472;52,57449384;0
5198;1,12012E+19;11;0;7;7;2020;12;20;2;3;5;2;2;0;1;0;0;0;0;797848,5289;5822307,378;13,38574086;52,46950079;0
5199;1,12005E+19;11;0;7;7;2020;5;15;2;3;2;6;0;0;1;0;0;0;0;796272,6777;5822709,172;13,36296698;52,47395944;1
5200;1,12008E+19;11;0;12;12;2020;8;20;7;3;5;3;1;0;1;0;0;0;0;794559,322;5833814,317;13,34765108;52,57443618;0
5201;1,12006E+19;11;0;9;9;2020;6;13;2;2;3;6;0;0;0;0;1;1;0;806057,5994;5821695,611;13,50565572;52,45948105;0
5202;1,12004E+19;11;0;10;10;2020;4;20;3;2;0;1;2;1;0;0;0;0;0;808309,4067;5827600,658;13,54415478;52,51113624;0
5203;1,1201E+19;11;0;3;3;2020;10;14;7;2;0;1;0;1;0;0;0;0;0;799251,4581;5830357,694;13,41356807;52,54089349;0
5204;1,12012E+19;11;0;2;2;2020;12;14;6;3;2;6;0;0;1;0;0;0;0;797833,1679;5824977,145;13,38790036;52,49344058;0
5205;1,12008E+19;11;0;4;4;2020;8;17;3;2;5;3;0;0;0;0;1;0;1;787113,1156;5825830,927;13,23117719;52,5068401;0
5206;1,12007E+19;11;0;4;4;2020;7;16;5;3;3;6;0;1;0;0;0;0;0;791712,9516;5826590,977;13,29942522;52,51121376;0
5207;1,1201E+19;11;0;12;12;2020;10;11;6;2;2;6;0;0;1;0;1;0;0;794226,1154;5834780,872;13,34360627;52,58328084;0
5208;8,2001E+18;8;1;21;0;2020;1;12;6;3;6;6;0;0;1;1;0;0;0;515954,529;5442423,033;9,218718628;49,13443092;0
5209;1,12004E+19;11;0;3;3;2020;4;10;3;3;5;7;0;1;1;0;0;0;0;800085,8158;5833969,823;13,42909947;52,57281108;0
5210;1,12009E+19;11;0;9;9;2020;9;15;4;3;5;2;0;0;1;0;1;0;0;805149,8214;5822566,832;13,49313301;52,46779706;0
5211;1,12011E+19;11;0;11;11;2020;11;8;2;3;0;6;0;0;1;0;1;0;0;804918,3638;5827463,898;13,49421709;52,51181657;1
5212;1,12005E+19;11;0;4;4;2020;5;14;2;3;2;6;0;0;1;0;0;1;0;792370,7153;5829393,398;13,31155362;52,53598449;1
5213;1,12008E+19;11;0;12;12;2020;8;22;1;3;3;6;2;0;1;0;0;1;0;792107,794;5831889,605;13,30988386;52,55850319;0
5214;1,12006E+19;11;0;7;7;2020;6;11;3;3;5;3;0;1;0;0;0;0;1;797861,462;5821608,932;13,38530725;52,46323295;0
5215;1,12004E+19;11;0;12;12;2020;4;11;2;3;5;3;0;1;1;0;0;0;0;792115,6621;5837980,951;13,31536966;52,61310535;0
5216;1,12009E+19;11;0;7;7;2020;9;9;2;2;0;2;0;1;0;0;0;0;1;795233,6302;5823511,61;13,34842415;52,48171536;0
5217;1,12012E+19;11;0;3;3;2020;12;14;4;3;2;6;0;0;0;0;0;1;1;804544,2398;5839617,204;13,49987798;52,62094862;1
5218;1,12008E+19;11;0;2;2;2020;8;14;3;3;0;3;0;1;0;0;1;0;0;797140,3808;5825591,659;13,37827427;52,49932662;0
5219;1,12006E+19;11;0;4;4;2020;6;16;5;3;2;6;0;0;1;0;1;0;0;792860,2401;5823151,839;13,31325909;52,47976819;0
5220;8,2001E+18;8;4;36;81;2020;1;14;4;3;0;1;0;1;0;0;0;0;0;563052,9477;5281436,676;9,840137567;47,68324178;0
5221;1,12004E+19;11;0;4;4;2020;4;7;2;3;2;6;0;0;1;0;0;1;0;790456,4591;5825311,08;13,27984594;52,5004099;0
5222;1,12011E+19;11;0;2;2;2020;11;15;2;3;5;2;0;1;1;0;0;0;0;802125,1005;5828061,45;13,45372528;52,51872669;0
5223;1,12009E+19;11;0;1;1;2020;9;23;2;2;9;1;2;0;1;0;0;0;0;797618,4672;5827596,311;13,38708864;52,51703545;0
5224;1,12008E+19;11;0;7;7;2020;8;18;7;3;1;5;0;0;1;0;0;0;1;797845,8602;5822072,498;13,38549202;52,46739681;0
5225;1,12004E+19;11;0;4;4;2020;4;15;2;3;3;6;0;1;0;0;0;0;0;791898,5128;5826622,168;13,3021791;52,51139412;0
5226;1,1201E+19;11;0;2;2;2020;10;6;5;3;0;6;2;0;0;0;1;0;1;797808,569;5824831,829;13,38740921;52,49215141;1
5227;1,12008E+19;11;0;3;3;2020;8;19;3;3;5;2;0;0;1;0;0;0;1;798031,9282;5833762,167;13,39869608;52,57207826;0
5228;1,12007E+19;11;0;6;6;2020;7;0;3;3;8;1;2;0;1;0;0;0;0;794278,587;5821475,235;13,33260477;52,46397578;0
5229;1,12006E+19;11;0;12;12;2020;6;17;5;3;2;6;0;0;1;0;0;0;0;791679,3406;5830979,923;13,30278237;52,55057779;1
5230;1,12011E+19;11;0;7;7;2020;11;0;4;3;5;2;2;0;1;0;0;0;0;797848,78;5822303,232;13,38574085;52,46946349;0
5231;1,12004E+19;11;0;1;1;2020;4;15;2;3;2;6;0;0;1;0;0;0;0;798767,4221;5827151,987;13,40357178;52,51242451;0
5232;1,12009E+19;11;0;1;1;2020;9;8;5;3;2;6;0;0;1;0;1;0;0;799104,8333;5827634,873;13,40896299;52,51656797;0
5233;1,12011E+19;11;0;7;7;2020;11;7;2;3;6;3;0;0;1;1;0;0;0;800643,4645;5812139,258;13,41762551;52,37682772;0
5234;1,12006E+19;11;0;2;2;2020;6;1;7;3;0;1;2;1;0;0;0;0;0;802180,849;5827729,145;13,45424257;52,51571735;1
5235;1,12004E+19;11;0;8;8;2020;4;15;7;2;0;1;0;0;0;0;1;0;0;802416,68;5821956,132;13,45246843;52,46384301;0
5236;1,12009E+19;11;0;7;7;2020;9;14;4;2;5;3;0;0;1;0;0;0;1;795630,8869;5823222,743;13,35400078;52,47891096;0
5237;1,12007E+19;11;0;3;3;2020;7;20;5;3;5;2;1;1;1;0;0;0;0;799888,6943;5830243,131;13,42283267;52,5395163;0
5238;1,12004E+19;11;0;2;2;2020;4;11;7;3;0;7;0;1;0;1;0;0;0;802128,7444;5827620,652;13,45337855;52,5147738;0
5239;1,1201E+19;11;0;10;10;2020;10;12;4;3;5;3;0;0;1;0;0;0;1;808904,0158;5833413,882;13,55829203;52,56289627;1
5240;1,12012E+19;11;0;4;4;2020;12;0;6;3;9;1;2;0;1;0;0;0;0;791096,3732;5824656,279;13,28867407;52,49419863;0
5241;1,12008E+19;11;0;2;2;2020;8;8;5;3;5;2;0;1;1;0;0;0;0;797029,1577;5825878,536;13,3768965;52,50195873;0
5242;1,12007E+19;11;0;3;3;2020;7;17;3;3;5;2;0;1;1;0;0;0;0;798222,0842;5834733,439;13,40236726;52,58068014;0
5243;1,12005E+19;11;0;10;10;2020;5;9;7;3;5;3;0;1;1;0;0;0;0;807669,2171;5829997,589;13,53696835;52,53297892;0
5244;1,1201E+19;11;0;2;2;2020;10;14;3;3;0;1;0;1;0;0;0;0;0;797796,3316;5825468,817;13,38779892;52,49786794;1
5245;1,12004E+19;11;0;3;3;2020;4;12;6;3;2;6;0;0;1;0;0;0;0;802854,35;5833028,576;13,46896761;52,56284156;0
5246;1,12009E+19;11;0;4;4;2020;9;18;1;3;2;6;0;0;1;0;0;0;0;790519,154;5825242,498;13,28070711;52,49976168;0
5247;1,12011E+19;11;0;3;3;2020;11;13;2;2;5;3;0;0;1;0;1;0;0;799141,7723;5830376,508;13,4119725;52,54112235;0
5248;1,12005E+19;11;0;3;3;2020;5;18;1;2;0;1;0;0;0;0;1;0;0;798543,1421;5833170,761;13,40568461;52,56649705;1
5249;1,12008E+19;11;0;9;9;2020;8;15;5;3;0;1;0;1;0;0;0;0;0;802742,6708;5825316,786;13,46030328;52,49378402;0
5250;1,12006E+19;11;0;12;12;2020;6;15;6;3;5;7;0;0;0;0;1;0;1;791911,3178;5838900,027;13,31317141;52,62145423;0
5251;1,12004E+19;11;0;2;2;2020;4;11;5;3;3;6;0;1;0;0;0;1;0;797762,8627;5824066,651;13,38605432;52,48531741;0
5252;1,1201E+19;11;0;2;2;2020;10;16;6;3;2;7;0;0;1;0;0;0;1;802466,004;5825981,085;13,45684375;52,4998915;0
5253;1,12012E+19;11;0;2;2;2020;12;17;3;3;1;5;2;1;1;0;0;0;0;802006,6651;5827032,411;13,45105119;52,50956898;0
5254;1,12008E+19;11;0;4;4;2020;8;14;1;3;0;6;0;0;1;0;1;0;0;790536,2988;5825180,94;13,28090526;52,49920068;0
5255;1,12006E+19;11;0;9;9;2020;6;10;3;3;5;2;0;0;1;0;1;0;0;802683,1852;5825207,128;13,45933014;52,49283415;0
5256;1,12003E+19;11;0;3;3;2020;3;5;3;2;6;2;2;0;1;1;0;0;0;799997,3959;5830192,605;13,42438501;52,53900358;1
5257;1,1201E+19;11;0;4;4;2020;10;7;4;3;3;6;0;0;1;0;1;0;0;791680,0488;5826563,967;13,29891809;52,51098922;1
5258;8,2001E+18;8;3;37;126;2020;1;16;5;3;5;3;0;0;1;0;0;1;0;441983,1007;5273578,285;8,228000378;47,61301212;0
5259;1,12003E+19;11;0;1;1;2020;3;12;3;3;2;6;0;0;1;0;0;0;1;795884,5283;5829550,771;13,36334915;52,53549889;0
5260;1,12009E+19;11;0;11;11;2020;9;15;2;3;5;3;0;1;1;0;0;0;0;804510,5505;5827505,12;13,48826407;52,51241383;0
5261;1,12011E+19;11;0;3;3;2020;11;11;7;3;3;6;0;1;1;0;0;0;0;799209,4132;5831663,024;13,41412593;52,55261682;0
5262;1,12009E+19;11;0;12;12;2020;9;16;6;2;5;3;0;1;1;0;0;0;0;795751,6918;5832690,776;13,36419305;52,56371813;0
5263;1,12003E+19;11;0;4;4;2020;3;12;3;3;2;6;0;0;1;0;0;0;0;790675,6816;5828835,548;13,28614554;52,53189009;0
5264;1,12005E+19;11;0;6;6;2020;5;12;7;2;0;7;0;0;1;0;0;0;0;787007,2973;5820599,843;13,22511843;52,45999526;0
5265;1,12008E+19;11;0;3;3;2020;8;1;7;3;2;2;2;0;1;0;0;0;1;800004,984;5830217,76;13,42451927;52,53922488;0
5266;1,12007E+19;11;0;9;9;2020;7;22;3;2;2;6;2;0;1;0;0;0;0;805380,4819;5819038;13,49329145;52,43604071;0
5267;1,12006E+19;11;0;5;5;2020;6;11;2;3;2;6;0;0;1;0;0;0;1;783507,4181;5826703,455;13,17893799;52,51654919;0
5268;1,12003E+19;11;0;9;9;2020;3;19;2;3;5;3;2;1;1;0;0;0;0;806600,7737;5821135,5;13,51311088;52,45415669;0
5269;1,12009E+19;11;0;1;1;2020;9;19;7;3;2;6;1;0;1;0;0;0;0;796161,5049;5831072,384;13,36877727;52,54898818;1
5270;1,12012E+19;11;0;1;1;2020;12;15;2;3;0;2;1;0;1;0;1;0;0;796044,7175;5831345,272;13,36730324;52,55149782;1
5271;1,12006E+19;11;0;7;7;2020;6;15;4;3;3;6;0;0;1;0;1;0;0;799658,6114;5815335,163;13,40605797;52,40601441;0
5272;8,2001E+18;8;3;15;64;2020;1;9;4;3;9;1;0;0;1;0;0;0;0;421407,0733;5313811,857;7,946959673;47,97278445;2
5273;1,12003E+19;11;0;3;3;2020;3;9;2;3;2;6;0;0;1;0;0;0;0;798208,5725;5834728,532;13,40216403;52,58064356;0
5274;1,12011E+19;11;0;4;4;2020;11;14;6;3;2;6;0;0;1;0;0;0;0;790767,48;5824834,789;13,28399908;52,49597429;0
5275;1,12009E+19;11;0;11;11;2020;9;17;7;3;9;1;0;0;1;0;0;0;0;807075,0478;5827400,608;13,52583887;52,51003959;0
5276;1,12007E+19;11;0;6;6;2020;7;23;5;2;5;3;2;0;1;0;0;0;0;790291,3535;5818366,527;13,27137794;52,43823838;0
5277;1,12003E+19;11;0;6;6;2020;3;16;7;3;0;4;0;0;0;1;1;0;0;784026,0782;5815892,53;13,1773578;52,4193455;0
5278;1,1201E+19;11;0;7;7;2020;10;14;2;2;5;3;0;0;1;0;1;0;0;797778,9057;5823470,168;13,38575709;52,47996186;0
5279;1,12008E+19;11;0;3;3;2020;8;13;2;3;2;6;0;1;1;0;0;0;0;799177,6707;5830361,824;13,41248703;52,54097102;0
5280;1,12007E+19;11;0;1;1;2020;7;1;1;2;2;3;2;0;1;0;0;0;0;795880,0291;5832052,049;13,36551135;52,55792286;0
5281;1,12006E+19;11;0;2;2;2020;6;19;3;3;3;6;0;1;1;0;0;0;0;801579,7252;5827805,816;13,44548032;52,51673729;0
5282;1,12011E+19;11;0;7;7;2020;11;17;1;3;5;2;2;0;1;0;0;0;0;798467,8761;5818152,713;13,39111888;52,43192105;1
5283;1,12003E+19;11;0;9;9;2020;3;13;7;3;2;6;0;1;1;0;0;0;0;803920,4879;5824654,232;13,47699432;52,4871912;0
5284;1,12009E+19;11;0;3;3;2020;9;14;3;3;9;1;0;0;0;0;0;0;1;800806,2764;5829792,692;13,43591365;52,53497321;0
5285;1,12011E+19;11;0;6;6;2020;11;16;7;3;2;6;2;0;1;0;0;0;0;782392,588;5815749,774;13,15328123;52,41891081;0
5286;1,12006E+19;11;0;2;2;2020;6;14;5;2;2;6;0;0;1;0;0;0;0;802933,6262;5827650,548;13,46523063;52,51459532;0
5287;1,12003E+19;11;0;10;10;2020;3;18;7;3;5;2;1;0;1;0;0;0;0;812048,4426;5827139,696;13,59864041;52,50487957;0
5288;1,12008E+19;11;0;7;7;2020;8;16;2;3;6;4;0;0;1;1;0;0;0;797215,3278;5817174,839;13,3718805;52,42383725;1
5289;1,12007E+19;11;0;3;3;2020;7;11;4;3;6;4;0;1;1;1;0;0;0;799163,4941;5830565,571;13,41246209;52,54280509;0
5290;1,12006E+19;11;0;2;2;2020;6;11;4;3;0;3;0;1;0;0;0;0;1;802149,1902;5827728,655;13,453777;52,5157305;0
5291;1,12006E+19;11;0;3;3;2020;6;12;4;3;2;6;0;0;1;0;0;0;0;799174,598;5830362,789;13,41244273;52,54098136;0
5292;8,2001E+18;8;4;15;59;2020;1;0;4;3;8;1;2;0;1;0;0;0;0;515313,0049;5363552,879;9,206986117;48,42493903;2
5293;1,12003E+19;11;0;1;1;2020;3;14;6;3;3;6;0;0;1;0;1;0;0;799858,6185;5828166,59;13,42051756;52,52092005;0
5294;1,12011E+19;11;0;10;10;2020;11;10;2;3;2;6;0;0;1;0;0;0;0;809849,5993;5827249,31;13,5664504;52,50711497;0
5295;1,12009E+19;11;0;6;6;2020;9;13;1;3;9;1;0;0;0;0;1;0;0;788294,3649;5817720,102;13,24152427;52,43349913;0
5296;1,12007E+19;11;0;2;2;2020;7;8;6;3;5;3;0;1;1;0;0;0;0;799862,8331;5828782,152;13,42113451;52,52643525;0
5297;1,12003E+19;11;0;4;4;2020;3;17;6;3;3;6;0;0;1;0;1;0;0;790871,7813;5824707,914;13,28542034;52,49478127;0
5298;1,1201E+19;11;0;4;4;2020;10;20;4;3;2;6;2;0;1;0;0;0;1;790910,4399;5824693,686;13,28597574;52,49463311;1
5299;1,12008E+19;11;0;2;2;2020;8;13;3;3;5;2;0;1;1;0;0;0;0;802179,6053;5827722,84;13,45421857;52,51566153;1
5300;1,12007E+19;11;0;10;10;2020;7;13;2;3;2;6;0;0;1;0;0;0;0;812598,975;5827182,681;13,60676547;52,50494965;0
5301;1,12006E+19;11;0;8;8;2020;6;18;4;3;2;6;0;0;1;0;0;0;0;802309,4444;5821931,695;13,45087264;52,46368332;0
5302;1,12011E+19;11;0;7;7;2020;11;14;2;3;5;7;0;0;1;0;0;0;1;797654,6569;5818647,831;13,37963345;52,43680239;0
5303;1,12003E+19;11;0;12;12;2020;3;15;6;3;5;3;0;0;1;0;1;0;0;792121,7674;5838481,004;13,31590119;52,61758479;0
5304;1,12009E+19;11;0;6;6;2020;9;12;4;3;3;6;0;0;1;0;1;0;0;788649,4123;5817850,76;13,24684513;52,43448331;0
5305;1,12011E+19;11;0;11;11;2020;11;0;7;3;2;6;2;1;0;0;0;0;0;804001,8185;5827542,207;13,48082454;52,51302999;0
5306;1,12006E+19;11;0;12;12;2020;6;14;6;3;6;4;0;1;0;1;0;0;0;794494,0222;5834289,288;13,34711218;52,57872925;0
5307;1,12003E+19;11;0;4;4;2020;3;15;5;3;5;3;0;0;1;0;0;0;0;792270,8433;5826684,669;13,30770479;52,51175505;0
5308;1,12009E+19;11;0;7;7;2020;9;7;3;2;5;3;0;0;1;0;0;0;0;798153,95;5819054,333;13,3873192;52,4401743;0
5309;1,12007E+19;11;0;4;4;2020;7;12;5;3;6;4;0;1;0;1;0;0;0;791776,8435;5826601,761;13,30037347;52,51127627;0
5310;1,12003E+19;11;0;10;10;2020;3;19;5;2;5;2;2;0;1;0;0;0;0;809041,239;5833329,004;13,56023093;52,56205777;0
5311;1,1201E+19;11;0;1;1;2020;10;16;4;3;2;6;0;0;1;0;0;0;0;796215,8117;5830221,943;13,36881741;52,54133532;1
5312;1,12012E+19;11;0;2;2;2020;12;21;4;3;9;1;2;0;1;0;0;0;0;797836,4395;5824987,037;13,38795725;52,49352747;1
5313;1,12008E+19;11;0;10;10;2020;8;11;5;2;0;1;0;0;1;0;1;0;0;808063,4611;5827457,57;13,54040974;52,50999284;0
5314;1,12007E+19;11;0;12;12;2020;7;14;2;3;5;2;0;1;1;0;0;0;0;795562,8194;5833196,053;13,36186495;52,56835001;0
5315;1,12005E+19;11;0;2;2;2020;5;12;6;3;4;7;0;1;0;1;0;0;0;801814,3361;5826360,936;13,44761714;52,50365694;0
5316;1,1201E+19;11;0;7;7;2020;10;15;2;2;2;6;1;0;1;0;0;1;0;799399,7242;5815918,378;13,4027851;52,41138385;0
5317;8,2001E+18;8;4;36;5;2020;1;17;6;2;4;6;1;0;1;0;0;0;0;539970,3438;5307110,485;9,534961463;47,91607157;1
5318;1,12003E+19;11;0;3;3;2020;3;19;4;3;5;2;2;1;1;0;0;0;0;799993,8231;5830221,194;13,4243583;52,5392618;0
5319;1,12009E+19;11;0;9;9;2020;9;13;6;3;5;3;0;1;0;0;0;1;0;805460,8753;5822255,877;13,49741312;52,4648363;0
5320;1,12011E+19;11;0;3;3;2020;11;21;4;3;6;4;2;0;0;1;1;0;0;800953,2457;5830453,341;13,43867223;52,54081357;0
5321;1,12005E+19;11;0;7;7;2020;5;12;7;3;1;5;0;0;1;0;0;0;1;797126,1878;5816972,422;13,37039367;52,42207116;0
5322;1,12008E+19;11;0;1;1;2020;8;8;4;3;2;6;0;0;1;0;0;0;0;796899,627;5827451,313;13,37639671;52,51612752;0
5323;1,12006E+19;11;0;3;3;2020;6;8;6;3;5;3;0;1;1;0;0;0;0;800041,477;5828989,918;13,42394736;52,52819924;0
5324;1,12003E+19;11;0;6;6;2020;3;12;4;3;5;2;0;0;1;0;0;0;0;786511,831;5816926,317;13,21469592;52,4273187;0
5325;1,1201E+19;11;0;7;7;2020;10;14;5;3;2;6;0;0;1;0;0;0;0;797858,1501;5822115,414;13,38571071;52,4677748;0
5326;1,12012E+19;11;0;4;4;2020;12;14;3;3;2;6;0;0;1;0;0;0;0;791496,2073;5824409,816;13,29433116;52,49177571;0
5327;1,12008E+19;11;0;1;1;2020;8;20;7;3;5;3;0;1;1;0;0;0;0;799763,4005;5828629,872;13,41953595;52,52512499;0
5328;1,12006E+19;11;0;2;2;2020;6;11;2;3;5;2;0;1;1;0;0;0;0;802387,8967;5827706,299;13,45726373;52,51539783;0
5329;1,12003E+19;11;0;4;4;2020;3;18;3;2;0;1;1;1;0;0;0;0;0;791587,9172;5826548,558;13,29755086;52,51090034;0
5330;1,1201E+19;11;0;4;4;2020;10;19;3;3;2;6;2;0;1;0;0;0;0;790497,3028;5828505,81;13,28323511;52,52902909;0
5331;8,2001E+18;8;2;37;40;2020;1;14;5;3;0;1;0;1;0;0;0;0;0;483726,121;5365886,881;8,779935166;48,44591263;2
5332;1,12003E+19;11;0;3;3;2020;3;16;3;3;2;6;0;0;1;0;0;1;0;800975,9466;5830489,534;13,43903873;52,54112544;0
5333;1,12009E+19;11;0;4;4;2020;9;18;1;3;2;6;0;0;1;0;0;0;0;791261,9065;5829862,537;13,29566343;52,54078397;0