OBJECTID;UIDENTSTLAE;ULAND;UREGBEZ;UKREIS;UGEMEINDE;UJAHR;UMONAT;USTUNDE;UWOCHENTAG;UKATEGORIE;UART;UTYP1;ULICHTVERH;IstRad;IstPKW;IstFuss;IstKrad;IstGkfz;IstSonstige;LINREFX;LINREFY;XGCSWGS84;YGCSWGS84;STRZUSTAND
5334;1,12011E+19;11;0;11;11;2020;11;8;6;3;5;2;0;1;0;0;0;1;0;803685,497;5835335,153;13,48330367;52,58305147;0
5335;1,12009E+19;11;0;1;1;2020;9;9;5;3;2;6;0;0;1;0;1;0;0;796157,6305;5825727,989;13,36396069;52,50108293;0
5336;1,12003E+19;11;0;10;10;2020;3;7;3;3;2;6;0;0;1;0;0;0;0;809048,162;5833349,062;13,56035141;52,56223359;0
5337;1,12005E+19;11;0;3;3;2020;5;10;7;3;6;4;0;0;1;1;0;0;0;800052,708;5829007,857;13,4241286;52,52835386;0
5338;1,12008E+19;11;0;8;8;2020;8;18;5;3;3;6;0;0;1;0;0;1;0;801929,6871;5821832,805;13,44521034;52,46300692;0
5339;1,12007E+19;11;0;1;1;2020;7;7;1;2;9;1;0;0;0;0;1;0;0;799359,9016;5827978,03;13,4130195;52,51950391;0
5340;1,12006E+19;11;0;4;4;2020;6;18;1;2;5;3;0;0;0;0;1;0;1;793992,8987;5826975,133;13,33326368;52,5134335;0
5341;1,12003E+19;11;0;6;6;2020;3;15;2;2;2;6;0;0;1;0;0;0;0;790584,4191;5818560,34;13,27584562;52,43982033;0
5342;1,12009E+19;11;0;3;3;2020;9;8;6;3;1;5;0;1;1;0;0;0;0;800436,1635;5829668,417;13,43036109;52,53406344;1
5343;1,12012E+19;11;0;9;9;2020;12;14;1;3;2;6;0;0;1;0;0;0;0;802852,4094;5825454,129;13,46203958;52,49495413;0
5344;1,12006E+19;11;0;1;1;2020;6;12;4;3;0;6;0;0;0;0;1;0;1;796123,7781;5825652,998;13,36339675;52,50042907;0
5345;8,2001E+18;8;2;26;76;2020;1;2;4;3;2;6;2;0;1;0;0;0;0;473199,0719;5465729,259;8,631033612;49,34369434;1
5346;1,12003E+19;11;0;4;4;2020;3;13;2;3;0;2;0;1;1;0;0;0;0;791231,7103;5826510,527;13,29228367;52,51074969;0
5347;1,12009E+19;11;0;1;1;2020;9;13;7;3;5;2;0;1;1;0;0;0;0;799762,4411;5828628,19;13,41952034;52,52511044;0
5348;1,12007E+19;11;0;7;7;2020;7;11;4;3;2;6;0;0;1;0;0;0;1;798192,196;5818900,192;13,38774267;52,43877174;0
5349;1,12003E+19;11;0;12;12;2020;3;17;1;3;5;3;0;0;1;0;0;0;0;794559,3062;5833815,04;13,34765149;52,57444267;0
5350;1,1201E+19;11;0;2;2;2020;10;20;7;3;5;3;2;1;1;0;0;0;0;800962,234;5827853,092;13,43645054;52,51750213;0
5351;1,12008E+19;11;0;10;10;2020;8;8;2;3;5;7;0;0;1;0;0;0;0;813220,2686;5827192,26;13,61589822;52,50467921;0
5352;1,12007E+19;11;0;12;12;2020;7;14;6;2;5;2;0;1;1;0;0;0;0;795766,232;5832695,668;13,36441129;52,56375409;1
5353;1,12006E+19;11;0;7;7;2020;6;10;3;3;5;2;0;1;0;0;0;0;1;797880,3873;5820449,327;13,38455036;52,45282802;0
5354;1,1201E+19;11;0;4;4;2020;10;19;6;3;6;2;2;0;1;1;0;0;0;791028,4986;5826477,264;13,28926869;52,51055994;1
5355;1,12003E+19;11;0;11;11;2020;3;17;7;2;2;6;0;0;1;0;0;0;0;807427,3188;5827459,832;13,5310679;52,51037197;0
5356;1,12009E+19;11;0;2;2;2020;9;16;3;3;2;6;0;0;1;0;0;0;0;802784,2877;5827666,38;13,46305105;52,51482014;0
5357;1,12011E+19;11;0;1;1;2020;11;9;5;3;5;2;0;1;1;0;0;0;0;795862,1071;5832067,04;13,36526112;52,55806697;1
5358;1,12006E+19;11;0;7;7;2020;6;7;4;2;5;2;0;0;1;0;0;0;1;797848,686;5822305,299;13,38574131;52,46948207;0
5359;1,12008E+19;11;0;4;4;2020;8;11;2;3;3;6;0;0;1;0;0;1;0;793763,182;5822988,615;13,32637274;52,47781998;0
5360;1,12006E+19;11;0;10;10;2020;6;17;3;3;0;2;0;1;1;0;0;0;0;811482,3167;5827127,436;13,59031509;52,50509317;0
5361;1,12003E+19;11;0;11;11;2020;3;10;6;3;2;6;0;0;1;0;0;0;0;803637,1323;5827577,823;13,47549959;52,51355233;0
5362;1,1201E+19;11;0;4;4;2020;10;18;2;2;2;6;1;0;1;0;0;0;0;787751,2652;5821756,058;13,23703511;52,46997025;1
5363;1,12012E+19;11;0;2;2;2020;12;17;7;3;5;3;2;1;1;0;0;0;0;797856,9888;5825503,342;13,38872068;52,49814432;1
5364;1,12008E+19;11;0;2;2;2020;8;0;3;3;5;3;2;0;0;0;1;0;1;802141,9378;5827763,599;13,45370218;52,51604772;0
5365;1,12007E+19;11;0;6;6;2020;7;15;6;3;2;7;0;1;1;0;0;0;0;786083,4569;5816689,736;13,20821048;52,42542167;0
5366;1,12005E+19;11;0;12;12;2020;5;13;3;2;5;2;0;0;1;0;0;0;0;795336,5269;5833744,859;13,35902459;52,57339236;0
5367;1,1201E+19;11;0;3;3;2020;10;19;1;3;2;6;2;0;1;0;0;0;0;801342,6352;5829335,751;13,44338312;52,53058132;0
5368;8,2001E+18;8;2;26;10;2020;1;18;6;3;2;6;2;0;1;0;0;0;0;480672,6733;5458236,045;8,734283492;49,27657525;1
5369;1,12003E+19;11;0;4;4;2020;3;16;4;3;2;6;0;0;1;0;0;0;0;790680,136;5826115,005;13,28383365;52,50749802;0
5370;1,12009E+19;11;0;3;3;2020;9;13;5;3;6;4;0;1;0;1;0;0;0;799215,2698;5831332,817;13,41391449;52,54965382;0
5371;1,12011E+19;11;0;12;12;2020;11;7;3;3;2;6;2;0;1;0;0;0;0;791725,8289;5833267,448;13,30547706;52,57105991;1
5372;1,12005E+19;11;0;4;4;2020;5;16;7;3;2;6;0;0;1;0;0;0;0;790678,9267;5828867,108;13,28622084;52,5321713;0
5373;1,12008E+19;11;0;5;5;2020;8;17;3;3;2;6;0;0;1;0;1;0;0;785242,341;5826252,871;13,20405014;52,51160461;0
5374;1,12006E+19;11;0;2;2;2020;6;8;4;3;0;1;0;1;0;0;0;0;0;797689,8588;5825559,076;13,38631579;52,4987351;0
5375;1,12005E+19;11;0;2;2;2020;5;9;5;3;0;2;0;0;1;0;1;0;0;802180,2986;5827726,355;13,45423195;52,51569265;0
5376;1,12003E+19;11;0;2;2;2020;3;20;4;3;3;6;2;1;0;0;0;0;0;801871,7092;5826518,022;13,44860225;52,50503317;0
5377;1,12009E+19;11;0;3;3;2020;9;6;4;3;5;2;1;1;1;0;0;0;0;800018,6726;5828992,582;13,42361461;52,52823567;0
5378;1,12012E+19;11;0;7;7;2020;12;18;6;3;2;5;2;0;1;0;0;0;1;796742,8711;5816080,7;13,36398254;52,41428555;0
5379;1,12008E+19;11;0;8;8;2020;8;15;4;3;2;6;0;0;0;0;0;0;1;802665,8989;5821711,32;13,45590363;52,46151077;0
5380;1,12006E+19;11;0;6;6;2020;6;18;7;3;1;1;0;1;1;0;0;0;0;791644,2145;5819189,791;13,29194208;52,44489924;0
5381;1,12003E+19;11;0;4;4;2020;3;16;4;3;2;6;0;0;1;0;0;0;0;790470,8588;5828475,319;13,28281975;52,52876983;0
5382;1,1201E+19;11;0;12;12;2020;10;13;3;3;2;6;0;0;1;0;0;0;0;795665,5678;5832925,98;13,36313579;52,56587328;0
5383;1,12012E+19;11;0;7;7;2020;12;12;3;3;5;3;0;1;1;0;0;0;0;795625,0117;5823228,937;13,35392001;52,47896967;1
5384;1,12008E+19;11;0;7;7;2020;8;16;4;3;5;3;0;1;1;0;0;0;0;798254,5318;5818709,699;13,38848701;52,43703019;0
5385;1,12007E+19;11;0;6;6;2020;7;19;1;3;8;1;0;1;0;0;0;0;0;783513,9903;5816018,877;13,16995493;52,42074393;1
5386;1,12005E+19;11;0;3;3;2020;5;5;5;3;5;2;1;1;1;0;0;0;0;800294,4596;5830050,958;13,42862391;52,53757035;0
5387;1,1201E+19;11;0;4;4;2020;10;8;2;3;2;6;0;0;1;0;0;0;1;793395,5021;5826857,496;13,32438201;52,51270061;1
5388;8,2001E+18;8;3;17;96;2020;1;13;6;3;2;6;0;0;1;0;0;0;0;420894,9325;5368511,653;7,92989223;48,4647617;0
5389;1,12003E+19;11;0;7;7;2020;3;8;4;3;6;2;0;0;1;1;0;0;0;799954,5303;5813355,39;13,40862271;52,38810627;0
5390;1,12009E+19;11;0;4;4;2020;9;13;5;3;3;6;0;1;0;0;0;0;0;792136,1005;5826640,813;13,30568644;52,51143408;0
5391;1,12011E+19;11;0;1;1;2020;11;17;3;3;2;2;2;0;1;0;0;0;0;796683,7223;5826213,568;13,37212095;52,50514988;1
5392;1,12005E+19;11;0;5;5;2020;5;16;7;3;0;7;0;1;0;0;0;0;0;785119,3211;5826286,152;13,20227083;52,51196733;0
5393;1,12008E+19;11;0;6;6;2020;8;14;3;3;5;3;0;1;1;0;0;0;0;792817,1102;5820000,843;13,30986088;52,45154332;0
5394;1,12006E+19;11;0;3;3;2020;6;18;5;3;5;5;0;0;1;0;1;0;0;798052,0947;5834056,436;13,39925726;52,57470493;1
5395;1,12005E+19;11;0;2;2;2020;5;18;5;3;0;3;0;1;0;0;0;0;1;802891,5189;5825793,621;13,46292259;52,49797527;0
5396;1,12003E+19;11;0;3;3;2020;3;15;3;3;5;2;0;0;1;0;0;0;1;799985,4857;5830223,66;13,42423797;52,5392885;0
5397;1,1201E+19;11;0;7;7;2020;10;5;5;2;5;2;2;0;1;0;1;0;0;797832,147;5822304,915;13,38549821;52,46948764;0
5398;1,12012E+19;11;0;6;6;2020;12;5;7;3;3;6;2;0;1;0;0;0;0;785987,4972;5819138,193;13,20889791;52,44742478;0
5399;1,12008E+19;11;0;4;4;2020;8;17;5;3;2;6;0;0;1;0;0;0;0;790516,8416;5825626,018;13,28100774;52,5032012;0
5400;1,12006E+19;11;0;12;12;2020;6;13;1;3;0;1;0;0;0;0;1;0;0;794558,8443;5833836,157;13,34766345;52,57463222;1
5401;1,12003E+19;11;0;7;7;2020;3;18;3;2;5;7;1;0;1;0;1;0;0;799188,5199;5816482,563;13,40019349;52,41655655;0
5402;1,1201E+19;11;0;12;12;2020;10;16;2;3;0;3;0;0;1;0;1;0;0;795798,2838;5832425,552;13,36464196;52,56131535;0
5403;8,2001E+18;8;2;22;0;2020;1;7;5;3;5;3;2;0;1;0;0;0;0;467015,0096;5481238,932;8,544611868;49,48289587;0
5404;1,12003E+19;11;0;6;6;2020;3;16;3;2;0;1;0;1;0;0;0;0;0;786755,8688;5817035,522;13,21836888;52,42816997;0
5405;1,12011E+19;11;0;7;7;2020;11;14;5;3;6;4;0;1;0;1;0;0;0;795225,438;5823516,568;13,34830826;52,48176423;0
5406;1,12009E+19;11;0;1;1;2020;9;10;4;3;3;6;0;1;1;0;0;0;0;799363,1747;5828007,154;13,4130938;52,51976316;0
5407;1,12003E+19;11;0;4;4;2020;3;9;3;3;5;3;0;0;1;0;0;1;0;790655,6435;5825027,395;13,28252441;52,49776059;0
5408;1,1201E+19;11;0;4;4;2020;10;16;7;3;2;6;0;0;1;0;0;0;0;789032,0204;5826140,458;13,25964016;52,5086019;0
5409;1,12008E+19;11;0;2;2;2020;8;14;5;3;2;6;0;0;1;0;0;0;0;801634,2608;5827784,223;13,446262;52,51651358;0
5410;1,12007E+19;11;0;6;6;2020;7;16;6;3;2;6;0;0;1;0;0;0;1;790177,3122;5818303,864;13,26965058;52,43773711;1
5411;1,12006E+19;11;0;7;7;2020;6;8;6;3;2;6;0;0;1;0;0;0;0;799225,4524;5816338,779;13,40060638;52,41524751;0
5412;1,12003E+19;11;0;4;4;2020;3;5;3;3;2;6;1;0;1;0;0;0;0;790817,5152;5826888,055;13,2865276;52,51435521;0
5413;1,12009E+19;11;0;7;7;2020;9;17;5;2;2;6;0;0;1;0;0;0;0;795925,4475;5824398,251;13,35936894;52,4892889;0
5414;1,12012E+19;11;0;7;7;2020;12;16;6;3;2;6;2;0;1;0;0;0;0;799851,1849;5821460,522;13,41437379;52,46081446;0
5415;1,12006E+19;11;0;1;1;2020;6;17;3;3;2;6;0;0;1;0;0;0;0;796196,345;5830204,339;13,36851551;52,5411881;0
5416;8,2001E+18;8;1;36;19;2020;1;21;4;3;2;1;2;0;1;0;0;0;0;585745,734;5423646,978;10,17137878;48,95978987;2
5417;1,12003E+19;11;0;4;4;2020;3;14;3;3;5;2;0;1;1;0;0;0;0;792758,6973;5826766,759;13,31494522;52,51222935;0
5418;1,12009E+19;11;0;4;4;2020;9;9;6;3;0;6;0;0;1;0;1;0;0;791443,1333;5826545,357;13,29542069;52,51094902;1
5419;1,12007E+19;11;0;3;3;2020;7;23;2;2;1;5;2;1;1;0;0;0;0;799164,7186;5830455,02;13,41238054;52,5418135;1
5420;1,12003E+19;11;0;2;2;2020;3;12;2;3;2;6;0;0;1;0;0;0;0;802020,3683;5827761,395;13,45191407;52,5160953;0
5421;1,1201E+19;11;0;2;2;2020;10;19;6;3;6;7;2;1;0;1;0;0;0;801874,6782;5826527,725;13,44865466;52,5051185;1
5422;1,12012E+19;11;0;3;3;2020;12;11;5;2;5;3;0;0;1;0;0;0;1;799049,284;5832404,896;13,41243957;52,55935448;0
5423;1,12008E+19;11;0;1;1;2020;8;12;1;2;5;2;0;0;1;0;0;0;0;796187,1139;5830196,959;13,36837322;52,54112697;0
5424;1,12007E+19;11;0;12;12;2020;7;17;5;2;0;6;0;0;0;0;1;0;1;795755,9863;5832667,488;13,36423546;52,56350704;1
5425;1,12005E+19;11;0;7;7;2020;5;16;2;3;5;2;0;0;1;0;0;0;0;797948,1958;5820051,818;13,38519066;52,44922783;1
5426;1,12006E+19;11;0;7;7;2020;6;16;2;3;3;2;0;0;1;0;1;0;0;797829,5236;5822365,307;13,38551362;52,47003042;0
5427;1,1201E+19;11;0;9;9;2020;10;9;5;3;0;1;0;1;1;0;0;0;0;805162,7091;5822576,49;13,49333097;52,46787643;1
5428;1,12003E+19;11;0;7;7;2020;3;11;2;2;2;6;0;0;1;0;1;0;0;798768,3728;5817492,3;13,39493575;52,42583719;0
5429;1,12009E+19;11;0;4;4;2020;9;9;2;3;2;6;0;0;1;0;0;0;0;793412,1195;5822974,432;13,321206;52,47788156;0
5430;1,12011E+19;11;0;1;1;2020;11;19;4;3;2;6;2;0;1;0;0;0;0;796219,9323;5829952,071;13,36863738;52,53891395;0
5431;1,12006E+19;11;0;7;7;2020;6;12;4;3;0;2;0;1;1;0;0;0;0;798430,7914;5818242,896;13,39065551;52,43274967;0
5432;1,12008E+19;11;0;9;9;2020;8;15;7;3;1;5;0;1;0;0;0;0;1;806343,7355;5821386,349;13,50957018;52,45654901;0
5433;1,12006E+19;11;0;12;12;2020;6;7;3;3;5;2;0;0;1;0;1;0;0;791798,7421;5839360,805;13,31191984;52,62564536;0
5434;1,12003E+19;11;0;1;1;2020;3;18;2;3;2;6;2;0;1;0;0;0;0;794794,6074;5827097,579;13,34515195;52,51409843;0
5435;1,1201E+19;11;0;12;12;2020;10;18;2;2;0;1;2;0;0;0;1;0;0;795762,9844;5832709,67;13,364376;52,56388136;1
5436;1,12012E+19;11;0;7;7;2020;12;7;6;3;1;5;1;0;1;0;0;0;0;798246,3968;5818692,859;13,38835267;52,43688367;1
5437;1,12008E+19;11;0;6;6;2020;8;8;3;3;5;3;0;0;1;0;0;0;0;786183,8856;5816793,014;13,2097718;52,42629515;0
5438;1,12007E+19;11;0;12;12;2020;7;17;5;3;5;2;0;1;1;0;0;0;0;792370,672;5837738,954;13,31891138;52,61079885;0
5439;1,1201E+19;11;0;3;3;2020;10;19;6;3;5;2;2;1;1;0;0;0;0;799219,3103;5831429,53;13,41406105;52,55051848;1
5440;8,2001E+18;8;1;36;82;2020;1;16;6;3;1;6;2;0;1;0;0;0;0;584886,8668;5415516,897;10,1579563;48,88678731;1
5441;1,12003E+19;11;0;6;6;2020;3;13;2;3;3;6;0;1;0;0;0;0;0;792714,8746;5819930,24;13,30829885;52,45096513;0
5442;1,12009E+19;11;0;5;5;2020;9;9;4;3;2;6;0;0;1;0;0;0;0;784328,2519;5826498,107;13,19082659;52,51428068;0
5443;1,12011E+19;11;0;4;4;2020;11;6;2;2;6;4;1;0;1;1;0;0;0;790685,5264;5826403,201;13,28416454;52,51007884;1
5444;1,12005E+19;11;0;2;2;2020;5;14;7;3;6;7;0;1;0;1;0;0;0;801830,4663;5826400,033;13,4478895;52,50399845;0
5445;1,12008E+19;11;0;2;2;2020;8;8;2;2;6;7;0;1;0;1;0;0;0;803457,9122;5827597,199;13,47288437;52,51382573;0
5446;1,12006E+19;11;0;6;6;2020;6;18;4;3;5;2;0;1;1;0;0;0;0;782718,3493;5815827,749;13,15812455;52,41944179;0
5447;1,12005E+19;11;0;2;2;2020;5;23;4;3;5;2;2;1;1;0;0;0;0;802178,9333;5827719,434;13,45420561;52,51563137;0
5448;1,12003E+19;11;0;3;3;2020;3;17;1;3;0;4;1;0;0;1;0;0;1;799625,271;5830292,559;13,41900477;52,54010424;0
5449;1,12009E+19;11;0;12;12;2020;9;5;3;3;2;6;2;0;1;0;0;0;0;791565,2712;5830711,502;13,30086912;52,54823253;0
5450;1,12012E+19;11;0;9;9;2020;12;20;5;3;2;6;2;0;1;0;1;0;0;802683,7818;5825234,869;13,4593641;52,49308246;1
5451;1,12008E+19;11;0;3;3;2020;8;18;3;3;5;2;0;1;1;0;0;0;0;800046,9688;5828998,688;13,42403598;52,52827483;0
5452;1,12006E+19;11;0;7;7;2020;6;12;6;3;2;6;0;0;1;0;0;0;0;796532,0158;5822536,615;13,3666206;52,47227189;0
5453;1,1201E+19;11;0;4;4;2020;10;13;7;3;2;6;0;0;1;0;0;0;0;790723,4039;5824939,208;13,28344279;52,49693389;0
5454;8,2001E+18;8;4;25;79;2020;1;11;5;3;2;6;0;0;1;0;0;0;0;551384,0917;5375561,522;9,696011541;48,5310562;0
5455;1,12003E+19;11;0;9;9;2020;3;16;1;3;2;6;0;0;1;0;1;0;0;806699,7592;5818276,797;13,51193956;52,42848038;0
5456;1,12011E+19;11;0;9;9;2020;11;5;4;2;0;6;2;0;1;0;1;0;0;802865,2233;5821342,539;13,4584939;52,45809494;0
5457;1,12009E+19;11;0;3;3;2020;9;15;2;3;3;6;0;1;1;0;0;0;0;799173,8358;5830797,374;13,4128229;52,54487716;0
5458;1,12008E+19;11;0;12;12;2020;8;12;1;3;5;2;0;0;1;0;1;0;0;795336,5269;5833744,859;13,35902459;52,57339236;1
5459;1,12003E+19;11;0;9;9;2020;3;15;1;3;3;6;0;0;1;0;0;0;0;802580,269;5825073,445;13,4576975;52,491693;0
5460;1,1201E+19;11;0;4;4;2020;10;19;5;3;2;6;2;0;1;0;0;0;0;790500,097;5826372,339;13,28141301;52,50990095;1
5461;1,12008E+19;11;0;7;7;2020;8;11;4;3;1;5;0;1;1;0;0;0;0;797811,4113;5821000,893;13,38403025;52,4578098;0
5462;1,12007E+19;11;0;3;3;2020;7;15;3;3;5;2;0;1;1;0;0;0;0;801540,6894;5831165,736;13,44795459;52,54687403;0
5463;1,12005E+19;11;0;12;12;2020;5;15;2;3;2;6;0;0;1;0;1;0;0;792775,206;5837356,278;13,32453008;52,60715063;1
5464;1,12006E+19;11;0;3;3;2020;6;14;5;3;2;6;0;1;1;0;0;0;0;800231,1892;5829293,015;13,4270092;52,53081155;0
5465;1,12011E+19;11;0;9;9;2020;11;12;4;3;3;6;0;1;0;0;0;0;0;802926,702;5824730,496;13,46247268;52,48842705;0
5466;1,12003E+19;11;0;12;12;2020;3;18;1;3;5;2;2;0;1;0;0;0;0;794559,2206;5833818,954;13,34765371;52,5744778;0
5467;1,12009E+19;11;0;10;10;2020;9;6;5;2;2;6;2;0;1;0;0;0;1;807853,1692;5830964,695;13,54056759;52,54154216;0
5468;1,12011E+19;11;0;2;2;2020;11;9;2;3;6;4;0;1;1;1;0;0;0;800832,1188;5827883,871;13,43456661;52,51784979;0
5469;1,12006E+19;11;0;1;1;2020;6;12;1;3;5;3;0;0;1;0;0;0;0;796438,4076;5826319,87;13,36861191;52,50623611;0
5470;8,2001E+18;8;1;16;19;2020;1;21;4;2;8;1;2;0;1;0;0;0;0;527281,8855;5398740,267;9,371076938;48,74108298;2
5471;1,12003E+19;11;0;7;7;2020;3;16;7;3;2;6;0;0;1;0;0;0;0;797783,3196;5823714,098;13,38603976;52,48214601;0
5472;1,12009E+19;11;0;7;7;2020;9;21;4;3;6;2;2;0;1;1;0;0;0;797829,2129;5822371,157;13,38551428;52,47008303;0
5473;1,12007E+19;11;0;4;4;2020;7;7;6;3;3;6;0;1;0;0;0;0;1;789166,4265;5826160,368;13,26163233;52,50870918;0
5474;1,12003E+19;11;0;2;2;2020;3;17;6;3;2;6;0;0;1;0;0;0;0;797907,133;5825155,775;13,38914633;52,49500143;0
5475;1,1201E+19;11;0;8;8;2020;10;17;5;3;2;6;1;0;1;0;0;0;0;801014,9199;5821648,618;13,43162024;52,46186067;1
5476;1,12012E+19;11;0;7;7;2020;12;20;2;3;9;1;2;0;1;0;0;0;0;799978,2159;5821444,726;13,4162237;52,46060315;2
5477;1,1201E+19;11;0;4;4;2020;10;14;1;3;3;6;0;0;1;0;0;0;0;791328,3472;5826506,544;13,29370011;52,51066238;1
5478;8,2001E+18;8;1;36;19;2020;1;16;5;3;8;1;0;0;1;0;0;0;0;587509,6317;5419868,309;10,19465855;48,9255583;0
5479;1,12003E+19;11;0;7;7;2020;3;13;6;3;2;6;0;0;1;0;1;0;0;799195,6058;5816409,738;13,40023227;52,41589989;0
5480;1,12011E+19;11;0;3;3;2020;11;17;4;3;3;6;2;0;1;0;1;0;0;800009,6328;5830266,721;13,42463182;52,53966118;0
5481;1,12009E+19;11;0;1;1;2020;9;18;3;3;5;2;0;0;1;0;0;0;0;796423,3627;5826270,059;13,36834654;52,50579778;0
5482;1,12008E+19;11;0;1;1;2020;8;8;2;3;1;5;0;1;1;0;0;0;0;796270,8345;5830435,107;13,36981647;52,5432162;0
5483;1,12003E+19;11;0;10;10;2020;3;14;6;3;6;4;0;0;1;1;0;0;0;808799,6372;5833130,785;13,55649365;52,56041847;1
5484;1,1201E+19;11;0;6;6;2020;10;13;6;3;2;2;0;0;1;1;0;0;0;791054,4653;5818813,518;13,28296171;52,44184014;0
5485;1,12008E+19;11;0;4;4;2020;8;17;4;3;2;6;0;0;1;0;0;0;1;790745,0243;5824901,428;13,2837274;52,49658367;0
5486;1,12007E+19;11;0;1;1;2020;7;18;4;3;0;1;0;0;0;0;1;0;0;797086,3099;5826738,563;13,37850345;52,50963683;1
5487;1,12005E+19;11;0;4;4;2020;5;14;2;2;0;7;0;1;0;0;0;0;0;793135,518;5826836,391;13,32054333;52,5126512;1
5488;1,12006E+19;11;0;6;6;2020;6;14;6;3;5;3;0;0;1;0;0;0;0;782482,1336;5815771,194;13,15461255;52,41905667;0
5489;1,12003E+19;11;0;4;4;2020;3;12;5;3;2;6;0;0;1;0;0;0;0;788986,6656;5826133,685;13,25896787;52,50856521;0
5490;1,12009E+19;11;0;12;12;2020;9;15;5;3;2;6;0;0;1;0;0;0;0;791305,7933;5840659,981;13,30580316;52,63755653;0
5491;1,12012E+19;11;0;4;4;2020;12;18;3;2;5;2;2;0;1;0;0;0;0;791024,9246;5826458,023;13,28919935;52,51038935;0
5492;1,12006E+19;11;0;10;10;2020;6;14;2;3;2;6;0;0;1;0;1;0;0;808327,882;5828003,616;13,54479948;52,51473705;0
5493;8,2001E+18;8;1;36;19;2020;1;16;4;3;3;6;0;0;1;0;0;0;0;587521,4202;5419766,065;10,1947975;48,92463707;0
5494;1,12003E+19;11;0;7;7;2020;3;12;5;3;0;6;0;0;1;0;1;0;0;797826,786;5820683,716;13,38397294;52,45495828;1
5495;1,12009E+19;11;0;7;7;2020;9;21;5;3;1;5;1;1;1;0;0;0;0;795808,487;5824189,001;13,35746564;52,48747654;0
5496;1,12007E+19;11;0;4;4;2020;7;12;7;3;2;6;0;0;1;0;0;0;1;787945,9115;5822004,643;13,24010726;52,4720964;0
5497;1,12003E+19;11;0;1;1;2020;3;10;5;3;5;3;0;0;1;0;0;0;0;795878,8312;5832058,483;13,36549947;52,55798118;1
5498;1,1201E+19;11;0;7;7;2020;10;16;5;3;1;7;0;0;1;0;0;0;0;799806,607;5813854,206;13,40690173;52,39265849;1
5499;1,12012E+19;11;0;9;9;2020;12;13;4;3;5;3;0;0;1;0;0;0;1;804103,2535;5824372,042;13,47942022;52,48456024;0
5500;1,12005E+19;11;0;2;2;2020;5;19;7;3;0;1;0;1;0;0;0;0;0;802176,046;5827751,82;13,4541926;52,51592325;0
5501;1,12008E+19;11;0;7;7;2020;8;21;7;3;2;6;2;0;1;0;0;0;0;797844,7499;5820661,628;13,38421683;52,45475049;0
5502;1,12007E+19;11;0;7;7;2020;7;9;5;3;5;3;0;0;1;0;0;0;0;795631,6944;5823221,925;13,35401191;52,47890319;0
5503;1,12006E+19;11;0;4;4;2020;6;17;2;3;2;6;0;0;1;0;0;0;0;787256,6821;5825854,379;13,23330688;52,50697479;0
5504;1,1201E+19;11;0;4;4;2020;10;8;4;3;2;6;0;0;1;0;0;0;1;791700,6676;5826567,415;13,29922407;52,51100911;0
5505;1,12003E+19;11;0;7;7;2020;3;10;5;3;2;6;0;0;1;0;0;0;1;797789,1214;5823244,072;13,38570515;52,47792959;1
5506;1,12009E+19;11;0;10;10;2020;9;16;2;3;5;2;0;1;1;0;0;0;0;809513,506;5827403,925;13,561658;52,50869134;0
5507;1,12011E+19;11;0;7;7;2020;11;9;3;3;2;6;0;0;1;0;0;0;0;796007,4182;5824837,654;13,36096302;52,49318334;0
5508;1,12005E+19;11;0;3;3;2020;5;19;6;3;2;6;0;0;1;0;0;0;0;797969,9236;5834306,93;13,39827342;52,57699524;0
5509;1,12008E+19;11;0;3;3;2020;8;18;7;3;1;5;0;1;1;0;0;0;0;801368,2701;5829260,241;13,44369143;52,52989035;0
5510;1,12006E+19;11;0;3;3;2020;6;9;1;3;2;6;0;0;1;0;0;0;0;799461,5338;5830323,525;13,41662561;52,54047181;0
5511;1,12003E+19;11;0;3;3;2020;3;15;4;3;2;6;0;1;1;0;0;0;0;799998,5546;5830219,719;13,42442653;52,53924598;0
5512;1,1201E+19;11;0;4;4;2020;10;16;7;3;3;6;0;0;1;0;0;1;0;790625,5804;5825848,612;13,28279953;52,50513887;0
5513;1,12012E+19;11;0;6;6;2020;12;16;5;3;5;2;2;0;1;0;0;0;1;790292,9051;5818367,486;13,27140153;52,43824616;0
5514;1,12008E+19;11;0;10;10;2020;8;14;3;3;2;6;0;0;1;0;0;0;0;808334,894;5832093,672;13,54869634;52,55138746;0
5515;1,12007E+19;11;0;10;10;2020;7;13;5;3;2;6;0;0;1;0;0;0;1;811381,1694;5827109,68;13,58881308;52,50499179;0
5516;1,12003E+19;11;0;3;3;2020;3;18;3;3;5;3;2;1;1;0;0;0;0;798167,8393;5835384,181;13,40215455;52,5865428;1
5517;1,1201E+19;11;0;4;4;2020;10;18;6;3;2;6;1;0;1;0;0;0;0;790560,974;5825169,64;13,28125788;52,49908624;1
5518;8,2001E+18;8;1;18;53;2020;1;22;6;3;3;6;2;0;1;0;0;0;0;517036,418;5426678,11;9,232887215;48,99276933;1
5519;1,12003E+19;11;0;10;10;2020;3;17;3;3;5;2;1;0;1;0;0;0;0;813548,7558;5827159,583;13,62069124;52,50419773;1
5520;1,12009E+19;11;0;7;7;2020;9;17;4;3;2;6;0;0;1;0;1;0;0;797783,0557;5823719,094;13,38604034;52,48219094;0
5521;1,12011E+19;11;0;5;5;2020;11;8;2;3;5;2;0;1;1;0;0;0;0;783510,0927;5826706,657;13,17898003;52,51657651;1