OBJECTID;UIDENTSTLAE;ULAND;UREGBEZ;UKREIS;UGEMEINDE;UJAHR;UMONAT;USTUNDE;UWOCHENTAG;UKATEGORIE;UART;UTYP1;ULICHTVERH;IstRad;IstPKW;IstFuss;IstKrad;IstGkfz;IstSonstige;LINREFX;LINREFY;XGCSWGS84;YGCSWGS84;STRZUSTAND
5522;1,12009E+19;11;0;4;4;2020;9;12;7;3;2;6;0;0;1;0;0;0;0;791247,6753;5824610,264;13,29085616;52,49370539;0
5523;1,12005E+19;11;0;7;7;2020;5;12;6;3;2;6;0;0;1;0;0;0;0;797825,78;5822442,527;13,38552761;52,47072465;0
5524;1,12008E+19;11;0;2;2;2020;8;16;1;3;3;5;0;1;0;0;0;0;1;801637,9779;5828942,694;13,44736719;52,52689499;0
5525;1,12006E+19;11;0;7;7;2020;6;20;3;3;0;6;1;0;0;0;0;0;1;795933,7505;5824415,61;13,35950628;52,48944001;0
5526;1,12003E+19;11;0;3;3;2020;3;16;3;2;6;4;0;0;1;1;0;0;0;801369,8512;5831051,578;13,44533926;52,54594536;1
5527;1,12009E+19;11;0;7;7;2020;9;0;2;3;3;6;2;0;1;0;0;0;0;799782,0117;5814110,482;13,40677061;52,39496915;0
5528;1,12012E+19;11;0;4;4;2020;12;15;4;3;3;6;0;0;1;0;0;0;0;793159,0758;5826861,22;13,32091135;52,51286111;1
5529;1,12008E+19;11;0;6;6;2020;8;9;3;3;5;2;0;0;1;0;0;0;0;790293,3053;5818367,733;13,27140762;52,43824816;0
5530;1,12006E+19;11;0;12;12;2020;6;11;5;3;5;3;0;0;1;0;0;0;0;792805,6455;5837303,524;13,32493163;52,60666133;0
5531;8,2001E+18;8;4;25;33;2020;1;11;4;3;8;1;0;0;1;0;0;0;0;546075,2156;5350862,512;9,62139197;48,30927633;0
5532;1,12003E+19;11;0;3;3;2020;3;16;3;3;5;3;0;1;1;0;0;0;0;799553,6545;5830284,17;13,41794439;52,54006842;1
5533;1,12011E+19;11;0;4;4;2020;11;8;2;3;3;6;0;1;0;0;0;0;0;791526,2611;5826559,259;13,2966543;52,51102923;0
5534;1,12009E+19;11;0;1;1;2020;9;12;2;3;5;2;0;1;1;0;0;0;0;796419,84;5826326,476;13,36834502;52,50630542;0
5535;1,12008E+19;11;0;7;7;2020;8;12;7;3;0;6;0;0;1;0;1;0;0;797837,8884;5820703,184;13,38415321;52,45512674;0
5536;1,12003E+19;11;0;4;4;2020;3;16;3;2;6;4;0;0;0;1;1;0;0;788953,3224;5826128,228;13,25847321;52,50853395;1
5537;1,1201E+19;11;0;3;3;2020;10;16;4;3;3;6;0;1;1;0;0;0;0;798016,8751;5833737,496;13,39845245;52,57186536;1
5538;1,12008E+19;11;0;7;7;2020;8;10;3;3;2;6;0;0;1;0;0;0;0;800656,3005;5812092,05;13,4177712;52,37639752;0
5539;1,12007E+19;11;0;9;9;2020;7;13;2;3;5;3;0;1;1;0;0;0;0;805149,4068;5822567,237;13,49312729;52,46780092;0
5540;1,12005E+19;11;0;5;5;2020;5;14;2;3;5;2;0;1;1;0;0;0;0;783517,187;5826715,15;13,17909154;52,51664897;0
5541;1,12006E+19;11;0;1;1;2020;6;18;5;3;5;2;0;1;1;0;0;0;0;796451,853;5826452,307;13,36892736;52,50741598;1
5542;1,12011E+19;11;0;3;3;2020;11;14;3;3;1;5;0;1;0;0;0;0;1;800425,5667;5829651,444;13,43018999;52,53391715;0
5543;1,12003E+19;11;0;7;7;2020;3;13;3;3;2;6;0;0;1;0;0;0;1;797858,9136;5822101,444;13,38570945;52,46764916;1
5544;1,12009E+19;11;0;9;9;2020;9;16;4;3;0;6;0;0;1;0;0;0;1;803015,0469;5824644,743;13,46369185;52,48760942;0
5545;1,12011E+19;11;0;7;7;2020;11;17;2;3;1;5;2;1;1;0;0;0;0;795571,2493;5823897,703;13,3537236;52,48499376;0
5546;1,12006E+19;11;0;4;4;2020;6;10;7;3;1;5;0;0;1;0;0;0;0;791813,8689;5826607,999;13,30092297;52,51131239;0
5547;1,12003E+19;11;0;2;2;2020;3;12;3;3;0;6;0;0;1;0;1;0;0;802046,0139;5827741,9;13,45227316;52,51590636;1
5548;1,12009E+19;11;0;1;1;2020;9;9;4;3;5;2;0;1;1;0;0;0;0;796315,8491;5830076,52;13,37015847;52,53997736;0
5549;1,12007E+19;11;0;1;1;2020;7;16;5;3;0;2;0;0;1;0;1;0;0;795862,836;5832062,978;13,36526822;52,55803017;0
5550;1,12003E+19;11;0;10;10;2020;3;12;3;3;2;6;0;0;1;0;0;0;0;807952,3466;5831223,763;13,54226552;52,54380786;1
5551;1,1201E+19;11;0;1;1;2020;10;8;4;3;5;2;0;1;1;0;0;0;0;796902,0524;5826694,82;13,37575743;52,50934504;0
5552;1,12012E+19;11;0;12;12;2020;12;13;5;3;0;2;0;0;1;0;1;0;0;794559,2539;5833804,455;13,34764132;52,57434782;1
5553;1,12008E+19;11;0;10;10;2020;8;16;5;2;5;3;0;1;1;0;0;0;0;810877,082;5827088,088;13,58139002;52,50508572;0
5554;1,12007E+19;11;0;6;6;2020;7;20;2;2;6;2;0;1;0;1;0;0;0;789587,6602;5817958,761;13,26070158;52,43495566;1
5555;1,12005E+19;11;0;7;7;2020;5;16;6;3;2;2;0;0;1;0;1;0;0;797516,481;5818155,24;13,37716843;52,43246196;0
5556;1,1201E+19;11;0;1;1;2020;10;8;3;3;3;6;0;1;1;0;1;0;0;799823,7859;5828181,646;13,42001929;52,52107415;0
5557;1,12003E+19;11;0;4;4;2020;3;16;2;2;3;6;0;0;1;0;1;0;0;790707,8971;5826371,002;13,28446512;52,50977825;0
5558;1,12009E+19;11;0;7;7;2020;9;17;7;3;2;6;0;0;1;0;0;0;0;797815,3885;5822676,145;13,38558364;52,47282444;0
5559;1,12011E+19;11;0;3;3;2020;11;11;6;3;5;3;0;1;1;0;0;0;0;800278,4118;5830087,399;13,42842094;52,53790583;0
5560;1,12005E+19;11;0;9;9;2020;5;13;5;2;3;6;0;0;0;0;1;0;1;806754,0377;5820985,214;13,51522125;52,45272378;0
5561;1,12008E+19;11;0;7;7;2020;8;14;5;3;5;3;0;0;1;0;1;0;0;797545,3729;5818283,287;13,3777061;52,43359407;0
5562;1,12006E+19;11;0;3;3;2020;6;13;6;3;2;6;0;0;0;0;0;1;0;801343,6804;5831029,214;13,4449342;52,54575938;0
5563;1,12003E+19;11;0;3;3;2020;3;16;2;3;5;3;0;1;1;0;0;0;0;800067,642;5833958,523;13,42882188;52,57271981;1
5564;1,1201E+19;11;0;2;2;2020;10;12;6;3;5;2;0;1;1;0;0;0;0;802117,4446;5828026,557;13,45358111;52,51841818;0
5565;1,12012E+19;11;0;7;7;2020;12;15;3;3;2;6;1;0;1;0;0;0;0;794669,1279;5823126,751;13,33979554;52,47857024;0
5566;1,12008E+19;11;0;7;7;2020;8;17;1;3;2;6;0;0;1;0;0;0;0;796070,4383;5825469,379;13,36245003;52,49881203;0
5567;1,12006E+19;11;0;7;7;2020;6;23;2;2;9;1;2;0;1;0;0;0;0;795017,9933;5823088,559;13,34488369;52,47803952;0
5568;1,12003E+19;11;0;7;7;2020;3;10;2;3;5;2;0;1;0;0;0;0;1;795242,0545;5823528,474;13,34856278;52,48186198;1
5569;1,1201E+19;11;0;9;9;2020;10;10;4;3;2;6;0;0;1;0;0;0;1;802729,1127;5825297,927;13,46008705;52,4936225;1
5570;8,2001E+18;8;3;26;52;2020;1;16;5;2;4;1;1;0;1;0;0;0;0;453235,4462;5331048,673;8,371497674;48,13097455;0
5571;1,12003E+19;11;0;1;1;2020;3;7;2;3;6;4;0;0;0;1;0;0;1;796395,2302;5826242,27;13,36790852;52,50556396;1
5572;1,12009E+19;11;0;1;1;2020;9;13;2;3;5;3;0;1;1;0;0;0;0;795861,683;5832069,404;13,36525699;52,55808839;0
5573;1,12011E+19;11;0;2;2;2020;11;12;6;3;5;2;0;1;0;0;0;0;1;802149,0607;5827726,81;13,45377342;52,51571404;0
5574;1,12009E+19;11;0;1;1;2020;9;10;6;3;2;6;0;1;0;0;0;0;1;797242,7973;5827533,442;13,38151246;52,51667678;0
5575;1,12008E+19;11;0;1;1;2020;8;18;6;3;3;6;0;1;0;0;0;0;1;796074,7495;5827327,104;13,3641656;52,51546252;0
5576;1,12007E+19;11;0;1;1;2020;7;22;3;3;2;3;2;0;1;0;0;0;0;796086,3468;5831247,219;13,36782799;52,55059625;1
5577;1,12005E+19;11;0;2;2;2020;5;17;7;3;2;6;0;0;1;0;0;0;0;800349,3276;5827946,943;13,42752983;52,51868123;0
5578;1,1201E+19;11;0;9;9;2020;10;7;3;3;2;6;0;0;1;0;0;0;1;803136,19;5820817,443;13,46199299;52,4532383;0
5579;1,12003E+19;11;0;4;4;2020;3;3;1;2;0;1;2;0;0;0;1;0;0;789769,5318;5826257,045;13,27057805;52,50925588;1
5580;1,12009E+19;11;0;4;4;2020;9;15;1;3;2;6;0;0;1;0;0;0;0;791783,272;5824152,625;13,29832207;52,48931665;0
5581;1,12011E+19;11;0;3;3;2020;11;10;2;3;5;2;0;1;1;0;0;0;0;798114,2865;5835771,823;13,40171523;52,5900468;0
5582;1,12005E+19;11;0;3;3;2020;5;18;5;3;5;2;0;1;1;0;0;0;0;799974,1977;5830201,231;13,42405178;52,53909367;0
5583;1,12008E+19;11;0;7;7;2020;8;18;5;3;5;3;0;0;1;0;1;0;0;798086,1076;5819271,889;13,38651813;52,44216143;0
5584;1,12006E+19;11;0;2;2;2020;6;12;7;3;3;1;0;0;1;0;1;0;0;803541,9216;5827603,491;13,47412428;52,51383538;0
5585;1,12003E+19;11;0;1;1;2020;3;14;7;3;3;2;0;0;1;0;0;0;1;799803,9741;5828631,37;13,42013356;52,5251161;0
5586;1,1201E+19;11;0;4;4;2020;10;19;6;3;2;6;2;0;1;0;0;0;0;790464,5729;5828404,441;13,28266542;52,52813775;0
5587;1,12012E+19;11;0;4;4;2020;12;11;5;3;2;6;0;0;1;0;0;0;0;790840,2962;5826796,616;13,28678244;52,51352331;0
5588;1,12008E+19;11;0;3;3;2020;8;9;2;2;5;2;0;1;1;0;0;0;0;799238,2341;5831933,914;13,41479391;52,55502908;0
5589;1,12007E+19;11;0;3;3;2020;7;0;4;1;9;1;2;0;0;0;1;0;0;800009,0324;5830186,996;13,42455101;52,5389469;0
5590;1,12003E+19;11;0;3;3;2020;3;1;7;3;2;2;2;1;1;0;0;0;0;800310,1381;5829419,15;13,4282835;52,53189865;1
5591;1,1201E+19;11;0;4;4;2020;10;16;5;3;2;6;0;0;1;0;0;0;0;790606,6129;5825064,144;13,28183625;52,49811615;0
5592;8,2001E+18;8;1;11;0;2020;1;17;6;3;2;6;2;0;1;0;0;0;0;517326,0399;5405984,058;9,23596837;48,80660385;1
5593;1,12003E+19;11;0;12;12;2020;3;18;6;3;2;6;2;0;1;0;0;0;0;792887,7309;5837158,136;13,32601167;52,60531379;1
5594;1,12009E+19;11;0;10;10;2020;9;15;3;3;2;6;0;0;1;0;1;0;0;813799,7014;5827127,923;13,62434645;52,50376978;0
5595;1,12011E+19;11;0;12;12;2020;11;14;1;3;2;7;0;0;1;0;0;0;1;791839,018;5839194,928;13,31236673;52,62413672;0
5596;1,12009E+19;11;0;1;1;2020;9;17;6;3;2;6;0;0;1;0;1;0;0;796212,4666;5830866,103;13,36934266;52,54711138;0
5597;1,12005E+19;11;0;1;1;2020;5;18;5;3;2;6;0;0;1;0;1;0;0;799764,147;5828631,181;13,4195481;52,52513631;0
5598;1,12008E+19;11;0;1;1;2020;8;11;7;3;0;2;0;0;1;0;1;0;0;796213,8893;5825852,223;13,36489757;52,50216603;1
5599;1,12007E+19;11;0;4;4;2020;7;18;3;3;6;7;0;0;0;1;0;0;1;790549,4766;5826380,634;13,2821458;52,50994901;0
5600;1,12006E+19;11;0;4;4;2020;6;10;3;3;3;6;0;0;1;0;0;1;0;789357,6086;5824194,509;13,26273335;52,4909833;0
5601;1,12003E+19;11;0;9;9;2020;3;17;6;3;5;3;1;1;1;0;0;0;0;805589,1525;5822144,357;13,49919336;52,46376508;1
5602;1,12009E+19;11;0;4;4;2020;9;21;7;3;9;1;2;0;1;0;0;0;0;791198,3971;5824644,553;13,29016234;52,49403908;1
5603;1,12012E+19;11;0;4;4;2020;12;8;2;3;0;6;0;0;1;0;0;0;0;787873,4177;5821897,816;13,23895074;52,47117684;0
5604;1,12006E+19;11;0;2;2;2020;6;8;4;2;6;4;0;1;0;1;0;0;0;801874,5708;5826527,374;13,44865276;52,50511541;0
5605;8,2001E+18;8;3;37;70;2020;1;7;4;3;9;1;2;0;1;0;0;0;0;465470,3535;5275889,352;8,540336445;47,6354834;1
5606;1,12003E+19;11;0;6;6;2020;3;15;6;3;8;1;0;1;1;0;0;0;0;790280,8148;5818381,892;13,27123669;52,43838173;1
5607;1,12011E+19;11;0;9;9;2020;11;8;2;3;5;3;0;1;0;0;0;1;0;804105,5735;5824365,915;13,47944869;52,48450403;0
5608;1,12009E+19;11;0;1;1;2020;9;23;7;2;0;1;2;0;0;0;0;0;1;795620,523;5827239,519;13,35741351;52,51492379;0
5609;1,12007E+19;11;0;6;6;2020;7;17;6;2;0;1;0;1;0;0;0;0;0;784996,3911;5815991,142;13,19167144;52,41972523;0
5610;1,12003E+19;11;0;4;4;2020;3;15;6;3;2;6;0;0;1;0;0;0;0;790770,5685;5824853,761;13,284061;52,49614273;1
5611;1,1201E+19;11;0;7;7;2020;10;7;4;3;0;2;1;0;0;0;0;1;1;797848,686;5822305,299;13,38574131;52,46948207;1
5612;1,12008E+19;11;0;5;5;2020;8;16;3;3;5;3;0;0;1;0;0;0;0;780170,4869;5822272,31;13,12616314;52,47854039;0
5613;1,12007E+19;11;0;3;3;2020;7;2;1;3;0;1;2;0;0;0;0;0;1;801367,1037;5831018,875;13,44526919;52,54565376;0
5614;1,12005E+19;11;0;2;2;2020;5;12;2;3;0;6;0;0;1;0;1;0;0;802356,5394;5827726,981;13,45682183;52,51560059;1
5615;1,12006E+19;11;0;11;11;2020;6;16;4;2;3;6;0;0;1;0;1;0;0;806313,1021;5827339,894;13,51459095;52,50992382;0
5616;1,12011E+19;11;0;2;2;2020;11;10;2;3;0;1;0;1;0;0;0;0;0;801865,0329;5826496,847;13,44848499;52,50484708;0
5617;1,12003E+19;11;0;3;3;2020;3;8;6;3;5;2;0;1;1;0;0;0;0;799174,303;5832231,369;13,41412184;52,55773042;1
5618;1,12009E+19;11;0;12;12;2020;9;19;4;2;2;6;1;0;0;0;1;0;1;791971,5637;5832691,46;13,30858562;52,56576462;0
5619;1,12011E+19;11;0;2;2;2020;11;14;7;3;3;6;0;1;1;0;0;0;0;801660,3062;5828859,883;13,44762019;52,52614039;0
5620;1,12006E+19;11;0;4;4;2020;6;12;6;3;2;6;0;0;1;0;0;0;0;791007,0484;5829084,203;13,29123451;52,53394245;0
5621;1,12003E+19;11;0;2;2;2020;3;14;6;3;5;2;0;1;0;0;0;0;1;802144,15;5827755,655;13,45372747;52,51597529;1
5622;1,12009E+19;11;0;9;9;2020;9;7;3;3;2;6;0;0;1;0;0;0;1;806295,2779;5821456,865;13,50892394;52,45720816;0
5623;1,12007E+19;11;0;4;4;2020;7;18;4;3;4;6;0;1;0;0;0;0;0;793202,9814;5826772,107;13,32147797;52,51203865;0
5624;1,12003E+19;11;0;2;2;2020;3;18;5;3;3;6;2;1;0;0;0;0;0;797886,4605;5825401,63;13,38906258;52,4972165;0
5625;1,1201E+19;11;0;4;4;2020;10;15;4;3;2;6;0;0;1;0;0;0;0;790805,5827;5826507,96;13,2860201;52,51095402;1
5626;1,12012E+19;11;0;1;1;2020;12;10;4;3;3;6;0;1;1;0;0;0;0;799313,2436;5827964,863;13,41232206;52,5194115;1
5627;1,12008E+19;11;0;1;1;2020;8;18;4;3;3;6;0;0;1;0;1;0;0;795929,6153;5829485,393;13,36395372;52,53488836;0
5628;1,12007E+19;11;0;6;6;2020;7;11;2;2;6;4;0;1;0;1;0;0;0;789552,9137;5817967,285;13,26019928;52,43505047;0
5629;1,12005E+19;11;0;12;12;2020;5;16;5;3;2;6;0;0;1;0;0;0;0;792050,1008;5831744,286;13,30890738;52,5572314;0
5630;1,1201E+19;11;0;2;2;2020;10;0;2;3;0;6;2;0;1;0;0;0;0;802025,4431;5827760,893;13,45198817;52,51608799;0
5631;8,2001E+18;8;3;35;43;2020;1;14;6;2;9;1;0;0;1;0;0;0;0;510512,2678;5287973,343;9,140234078;47,74504639;0
5632;1,12003E+19;11;0;3;3;2020;3;15;5;3;5;3;0;1;0;0;0;0;1;800023,9561;5828964,881;13,42366726;52,52798447;0
5633;1,12009E+19;11;0;3;3;2020;9;16;6;3;2;6;0;0;1;0;0;1;0;801345,0489;5831030,383;13,44495538;52,54576911;0
5634;1,12011E+19;11;0;7;7;2020;11;18;4;3;5;2;2;1;1;0;0;0;0;797777,0943;5823831,95;13,38605362;52,48320582;0
5635;1,12005E+19;11;0;4;4;2020;5;8;5;3;2;6;0;0;1;0;0;0;0;786093,7461;5826025,634;13,21636639;52,50912134;0
5636;1,12008E+19;11;0;12;12;2020;8;6;4;3;5;2;0;1;1;0;0;0;0;795339,7947;5833743,681;13,35907162;52,57338003;1
5637;1,12006E+19;11;0;3;3;2020;6;10;5;3;0;7;0;0;1;0;1;0;0;801924,5561;5831427,246;13,45383608;52,54900534;1
5638;1,12005E+19;11;0;9;9;2020;5;14;3;2;5;2;0;1;0;0;0;0;1;802664,8392;5825208,804;13,45906227;52,49285934;0
5639;1,12003E+19;11;0;2;2;2020;3;12;5;3;2;6;0;0;1;0;0;0;0;797901,105;5825142,671;13,38904608;52,49488726;0
5640;1,1201E+19;11;0;3;3;2020;10;8;5;3;5;3;0;1;1;0;0;0;0;798011,2647;5834153,517;13,39874379;52,57559747;0
5641;1,12012E+19;11;0;3;3;2020;12;13;2;3;3;6;0;1;0;0;0;1;0;801552,9247;5831176,024;13,44814382;52,54695947;1
5642;1,12008E+19;11;0;6;6;2020;8;17;6;3;2;6;0;0;1;0;0;0;0;785256,1018;5818066,998;13,19725083;52,43820241;0
5643;1,12006E+19;11;0;12;12;2020;6;14;2;3;6;4;0;1;0;1;0;0;0;795746,4534;5832719,182;13,36414131;52,56397561;0
5644;1,12003E+19;11;0;1;1;2020;3;11;5;2;5;3;0;0;1;0;1;0;0;795862,0515;5832067,35;13,36526058;52,55806978;0
5645;1,1201E+19;11;0;4;4;2020;10;15;2;3;0;7;0;1;1;0;0;0;0;790854,655;5826430,304;13,28667329;52,51023167;0
5646;8,2001E+18;8;2;26;65;2020;1;14;5;3;9;1;0;0;1;0;0;0;0;475651,2489;5455629,803;8,665407461;49,2529526;0
5647;1,12003E+19;11;0;3;3;2020;3;9;5;3;5;3;0;1;1;0;0;0;0;800091,022;5834034,025;13,42923416;52,57338366;0
5648;1,12011E+19;11;0;2;2;2020;11;18;6;3;5;3;2;1;1;0;0;0;0;802118,835;5828030,345;13,45360497;52,51845136;0
5649;1,12009E+19;11;0;12;12;2020;9;20;5;3;3;6;1;0;1;0;0;1;0;791507,8786;5833717,459;13,30266588;52,5752109;0
5650;1,12003E+19;11;0;3;3;2020;3;9;5;3;5;3;0;1;0;0;0;0;0;799196,197;5831434,082;13,41372528;52,55057197;0
5651;1,12005E+19;11;0;3;3;2020;5;0;5;3;5;2;2;1;1;0;0;0;0;801324,399;5831012,737;13,44463578;52,54562236;0
5652;1,12008E+19;11;0;1;1;2020;8;18;5;3;5;2;0;1;1;0;0;0;0;799792,0181;5828612,266;13,41994064;52,52495144;0
5653;1,12007E+19;11;0;5;5;2020;7;21;7;3;0;1;2;1;0;0;0;0;0;785966,6124;5826059,914;13,2145277;52,50949535;0
5654;1,12006E+19;11;0;4;4;2020;6;21;7;3;3;6;1;0;1;0;0;0;0;791858,7168;5824072,658;13,29936002;52,48855942;0
5655;1,12003E+19;11;0;7;7;2020;3;8;5;3;3;6;0;1;1;0;0;0;0;796060,853;5825418,411;13,36226393;52,49836034;0
5656;1,12009E+19;11;0;12;12;2020;9;5;5;2;5;3;2;0;1;0;1;0;0;794232,9129;5834767,472;13,34369441;52,58315704;0
5657;1,12012E+19;11;0;10;10;2020;12;12;7;3;5;7;0;0;1;0;0;0;0;807684,683;5829681,539;13,53690312;52,53013776;0
5658;1,12006E+19;11;0;4;4;2020;6;10;3;3;3;6;0;0;1;0;0;0;0;790822,2974;5824785,182;13,28476096;52,49550036;0
5659;8,2001E+18;8;2;16;43;2020;1;20;4;3;1;6;2;0;1;0;0;0;0;443737,862;5413300,723;8,232777535;48,87011265;0
5660;1,12003E+19;11;0;4;4;2020;3;12;4;3;2;6;0;0;0;0;0;1;1;790488,6125;5825269,894;13,28028235;52,50002355;1
5661;1,12009E+19;11;0;1;1;2020;9;15;6;3;1;7;0;0;1;0;0;0;1;794486,1209;5827043,783;13,34057156;52,51378283;0
5662;1,12007E+19;11;0;9;9;2020;7;13;3;3;5;3;0;1;1;0;0;0;0;804106,561;5824366,79;13,47946399;52,48451132;0
5663;1,12003E+19;11;0;3;3;2020;3;9;4;3;5;2;0;0;1;0;0;0;1;801347,7155;5831002,472;13,44496926;52,54551746;0
5664;1,1201E+19;11;0;7;7;2020;10;17;6;3;2;6;0;0;1;0;0;0;0;796455,0592;5822587,502;13,36553616;52,47276982;0
5665;1,12008E+19;11;0;7;7;2020;8;18;1;3;5;7;0;0;1;0;0;0;0;799153,4964;5816566,684;13,39975524;52,41732974;0
5666;1,12007E+19;11;0;9;9;2020;7;14;6;3;2;6;0;0;1;0;0;1;0;802662,1022;5824994,716;13,45882761;52,490942;1
5667;1,12006E+19;11;0;10;10;2020;6;3;3;2;1;5;2;0;1;0;0;0;1;808050,9067;5827445,888;13,54021453;52,50989523;0
5668;1,12003E+19;11;0;7;7;2020;3;9;4;3;2;6;0;0;1;0;0;1;0;795893,2492;5824330,977;13,35883637;52,4887033;0
5669;1,12005E+19;11;0;1;1;2020;5;15;4;3;5;2;0;1;1;0;0;0;0;796198,7247;5830206,491;13,36855242;52,54120609;0
5670;1,12008E+19;11;0;7;7;2020;8;14;6;2;5;3;0;1;0;0;0;0;1;796008,4446;5824726,12;13,36087901;52,49218297;0
5671;1,12007E+19;11;0;1;1;2020;7;12;3;3;0;1;0;0;0;0;1;0;0;796577,6725;5826628,967;13,37093315;52,50893118;0
5672;1,12006E+19;11;0;2;2;2020;6;13;1;3;5;3;0;0;1;0;0;0;0;797854,8473;5825504,056;13,38868987;52,49815189;0
5673;1,12003E+19;11;0;12;12;2020;3;9;4;3;5;3;0;0;1;0;0;0;0;792179,9501;5838088,151;13,31641112;52,61403178;0
5674;1,12009E+19;11;0;7;7;2020;9;15;6;3;2;6;0;0;1;0;0;0;0;796232,1702;5822707,166;13,36237055;52,47396342;0
5675;1,12012E+19;11;0;7;7;2020;12;14;2;3;1;5;0;1;1;0;0;0;0;798098,4818;5819227,93;13,38666043;52,44176064;1
5676;1,12006E+19;11;0;7;7;2020;6;15;4;3;6;4;0;0;1;1;0;0;0;795225,438;5823516,568;13,34830826;52,48176423;0
5677;8,2001E+18;8;2;26;41;2020;1;2;4;3;8;1;2;0;1;0;0;0;0;476751,874;5466892,777;8,679876011;49,35430588;0
5678;1,12003E+19;11;0;11;11;2020;3;8;4;2;1;7;0;1;0;0;1;0;0;804863,6127;5827469,036;13,49341751;52,51189322;0
5679;1,12011E+19;11;0;3;3;2020;11;13;5;2;6;4;0;0;1;1;0;0;0;801365,7419;5831048,066;13,44527566;52,54591616;0
5680;1,12009E+19;11;0;4;4;2020;9;16;7;2;2;6;0;0;1;0;0;0;0;790681,0088;5828870,115;13,28625408;52,53219715;0
5681;1,12007E+19;11;0;2;2;2020;7;15;5;3;5;2;0;1;1;0;0;0;0;797897,2104;5825437,794;13,38925281;52,49753481;0
5682;1,12003E+19;11;0;4;4;2020;3;7;4;3;2;6;0;0;1;0;1;0;0;790499,7977;5826372,289;13,28140857;52,50990066;0
5683;1,1201E+19;11;0;10;10;2020;10;20;1;3;5;2;2;0;1;0;0;0;0;809503,0564;5827391,216;13,56149271;52,50858338;0
5684;1,12008E+19;11;0;3;3;2020;8;10;2;2;3;6;0;0;0;0;1;1;0;800242,9227;5831997,698;13,42962614;52,55504787;0
5685;1,12007E+19;11;0;7;7;2020;7;14;7;3;5;7;0;1;1;0;0;0;0;799928,253;5813387,299;13,40826629;52,38840667;0
5686;1,12006E+19;11;0;2;2;2020;6;17;3;3;0;7;0;1;0;0;0;0;0;802563,0675;5827704,648;13,45983579;52,5152859;0
5687;1,1201E+19;11;0;10;10;2020;10;18;7;3;0;1;2;1;0;0;0;0;0;808460,362;5832335,209;13,55076535;52,55348101;1
5688;1,12003E+19;11;0;12;12;2020;3;17;3;2;5;2;1;1;0;0;0;0;1;795751,2956;5832692,924;13,36418913;52,5637376;0
5689;1,12009E+19;11;0;7;7;2020;9;14;3;3;2;6;0;0;1;0;1;0;0;795824,5785;5824223,563;13,35773261;52,48777763;0
5690;1,12011E+19;11;0;4;4;2020;11;17;6;3;2;6;2;0;1;0;0;0;0;790555,6432;5827380,273;13,28310931;52,51890753;1
5691;1,12006E+19;11;0;11;11;2020;6;13;5;3;5;2;0;1;1;0;0;0;0;803725,4507;5834401,123;13,48303578;52,57465789;0
5692;1,12003E+19;11;0;9;9;2020;3;15;3;2;0;2;0;0;1;0;0;0;1;803109,8816;5824553,349;13,46500113;52,48673762;1
5693;1,12008E+19;11;0;7;7;2020;8;14;2;3;2;6;0;0;1;0;0;0;1;797775,658;5823858,007;13,38605581;52,48344017;0
5694;1,12007E+19;11;0;2;2;2020;7;9;4;3;6;7;0;1;0;1;0;0;0;801848,3807;5828541,084;13,45009468;52,5231789;0
5695;1,12006E+19;11;0;7;7;2020;6;19;3;3;1;5;0;1;1;0;0;0;0;795575,2156;5823901,077;13,35378484;52,48502186;0
5696;1,12003E+19;11;0;7;7;2020;3;5;2;3;6;2;2;0;1;1;0;0;0;798141,1925;5819049,892;13,38712811;52,44014144;1
5697;1,1201E+19;11;0;5;5;2020;10;14;3;3;5;2;0;1;1;0;0;0;0;780168,1478;5822271,364;13,126128;52,4785331;0
5698;1,12012E+19;11;0;4;4;2020;12;15;3;3;2;6;0;0;1;0;0;1;0;791093,1573;5824642,745;13,28861501;52,49407901;1
5699;1,12008E+19;11;0;9;9;2020;8;18;4;3;2;6;0;1;0;0;0;0;0;806418,3763;5821331,871;13,51061525;52,45601892;0
5700;1,12007E+19;11;0;10;10;2020;7;8;1;3;5;3;0;1;0;0;0;0;1;808294,865;5832002,821;13,54802349;52,55059592;0
5701;1,12005E+19;11;0;2;2;2020;5;9;4;3;5;2;0;1;1;0;0;0;0;797296,3242;5825591,955;13,38056502;52,49924435;0
5702;1,1201E+19;11;0;7;7;2020;10;7;2;3;2;6;0;0;1;0;0;1;0;797715,1908;5818799,053;13,38065599;52,438125;1
5703;8,2001E+18;8;3;15;102;2020;1;18;6;2;4;6;2;0;1;0;0;0;0;435551,3448;5297871,161;8,138831274;47,83095787;1
5704;1,12003E+19;11;0;11;11;2020;3;7;2;2;8;1;0;0;0;0;1;0;0;803769,7679;5827581,66;13,4774516;52,51351287;0
5705;1,12009E+19;11;0;4;4;2020;9;17;5;3;2;6;0;0;1;0;0;0;0;793298,5259;5826821,984;13,32292579;52,51243441;0
5706;1,12011E+19;11;0;12;12;2020;11;14;3;2;6;7;0;0;1;1;0;0;0;795828,037;5832343,686;13,36500662;52,56056534;1
5707;1,12005E+19;11;0;6;6;2020;5;11;4;3;2;6;0;0;1;0;0;0;0;785372,3744;5815683,769;13,1969231;52,41677333;0
5708;1,12008E+19;11;0;6;6;2020;8;13;3;3;0;1;0;0;0;0;1;0;0;782315,5552;5815732,585;13,152137;52,41879643;0