OBJECTID;UIDENTSTLAE;ULAND;UREGBEZ;UKREIS;UGEMEINDE;UJAHR;UMONAT;USTUNDE;UWOCHENTAG;UKATEGORIE;UART;UTYP1;ULICHTVERH;IstRad;IstPKW;IstFuss;IstKrad;IstGkfz;IstSonstige;LINREFX;LINREFY;XGCSWGS84;YGCSWGS84;STRZUSTAND
5709;1,12006E+19;11;0;3;3;2020;6;17;5;3;1;1;0;1;0;0;1;0;0;799200,7913;5831522,163;13,41387221;52,55135896;1
5710;1,12005E+19;11;0;11;11;2020;5;12;3;3;3;6;0;0;1;0;1;0;0;803951,8053;5827562,48;13,48010834;52,51323956;0
5711;1,12003E+19;11;0;3;3;2020;3;7;2;2;2;6;0;0;1;0;0;1;1;803654,0129;5839964,269;13,48708686;52,6245574;1
5712;1,12009E+19;11;0;3;3;2020;9;16;4;3;5;2;0;1;0;0;1;0;0;800292,438;5830051,913;13,42859505;52,53758003;0
5713;1,12012E+19;11;0;1;1;2020;12;1;7;2;0;1;2;1;0;0;0;0;0;795748,0382;5827260,533;13,35930584;52,51504303;0
5714;1,12008E+19;11;0;5;5;2020;8;15;5;3;5;3;0;1;1;0;0;0;0;780179,0425;5822276,637;13,12629243;52,47857479;0
5715;1,12006E+19;11;0;1;1;2020;6;2;1;3;0;1;2;0;0;0;0;0;1;799032,2418;5828232,044;13,4084332;52,52196054;0
5716;1,1201E+19;11;0;4;4;2020;10;17;2;3;5;3;1;0;1;0;0;1;0;790529,7775;5825563,587;13,28114331;52,50263462;0
5717;8,2001E+18;8;2;15;17;2020;1;14;5;3;2;6;0;0;1;0;0;0;0;452375,5272;5417774,561;8,350035569;48,9110793;0
5718;1,12003E+19;11;0;1;1;2020;3;13;2;3;2;6;0;0;1;0;0;0;0;799813,3778;5828646,296;13,42028521;52,52524472;0
5719;1,12011E+19;11;0;12;12;2020;11;8;5;3;5;2;0;0;1;0;0;0;1;794559,3241;5833811,359;13,34764848;52,57440967;0
5720;1,12009E+19;11;0;2;2;2020;9;15;3;3;0;7;0;1;0;0;0;0;0;800591,3581;5827894,055;13,43103829;52,51807383;0
5721;1,12003E+19;11;0;11;11;2020;3;0;1;2;1;6;2;0;1;0;0;1;0;807035,0835;5827381,894;13,52523459;52,50989437;1
5722;1,1201E+19;11;0;11;11;2020;10;11;7;3;4;6;0;1;0;0;0;0;0;804511,036;5827505,072;13,48827115;52,51241312;0
5723;1,12008E+19;11;0;12;12;2020;8;13;5;3;5;3;0;1;1;0;0;0;0;793993,9107;5835207,35;13,34056736;52,58722942;0
5724;1,12007E+19;11;0;1;1;2020;7;13;5;3;5;5;0;1;1;0;0;0;0;796120,297;5825645,266;13,36333875;52,50036165;1
5725;1,12005E+19;11;0;2;2;2020;5;11;1;3;5;3;0;1;1;0;0;0;0;802147,69;5827740,299;13,45376553;52,5158357;0
5726;1,12006E+19;11;0;7;7;2020;6;18;6;3;2;6;0;0;1;0;0;0;0;797052,1422;5822378,877;13,37411511;52,47057532;0
5727;1,12002E+19;11;0;2;2;2020;2;5;7;3;5;3;2;0;1;0;0;0;0;797295,6315;5825592,058;13,38055494;52,49924565;1
5728;1,12009E+19;11;0;3;3;2020;9;16;5;3;2;6;0;0;1;0;1;0;0;801342,6154;5831028,304;13,44491772;52,54575182;0
5729;1,12012E+19;11;0;3;3;2020;12;5;4;3;0;1;2;1;0;0;0;0;0;800948,4934;5830495,653;13,43864069;52,54119544;1
5730;1,12006E+19;11;0;3;3;2020;6;15;3;3;5;2;0;1;1;0;0;0;0;799972,748;5830201,544;13,42403075;52,53909728;0
5731;8,2001E+18;8;1;28;139;2020;1;19;4;2;8;1;2;0;1;0;0;0;0;545844,2733;5489771,043;9,633903807;49,55880074;1
5732;1,12002E+19;11;0;1;1;2020;2;19;7;2;3;6;2;1;1;0;0;0;0;799176,9866;5828378,887;13,41069229;52,52319738;1
5733;1,12009E+19;11;0;3;3;2020;9;7;6;3;5;2;0;1;1;0;0;0;0;800984,7475;5830503,045;13,43918035;52,54124168;0
5734;1,12007E+19;11;0;7;7;2020;7;0;1;3;0;1;2;1;0;0;0;0;0;800130,1792;5813132,299;13,41099632;52,38601036;0
5735;1,12002E+19;11;0;1;1;2020;2;16;7;2;5;3;1;0;1;0;0;0;0;795879,035;5832057,388;13,36550149;52,55797126;0
5736;1,1201E+19;11;0;7;7;2020;10;15;6;3;6;7;0;1;0;1;0;0;0;798044,3087;5819505,579;13,38611343;52,444279;0
5737;1,12012E+19;11;0;12;12;2020;12;12;4;3;5;3;0;0;1;0;0;0;1;794565,602;5833812,13;13,34774154;52,57441318;0
5738;1,12008E+19;11;0;7;7;2020;8;10;1;3;3;6;0;0;1;0;0;0;0;800045,8616;5821466,457;13,41723589;52,46076081;0
5739;1,12007E+19;11;0;12;12;2020;7;16;5;3;5;3;0;1;1;0;0;0;0;792072,2872;5838552,292;13,31523537;52,61825045;1
5740;1,12005E+19;11;0;4;4;2020;5;13;1;3;0;3;0;1;1;0;0;0;0;790387,106;5826353,478;13,27973633;52,50979201;1
5741;1,12006E+19;11;0;4;4;2020;6;14;2;3;2;6;0;0;1;0;0;0;0;790740,5278;5824909,818;13,28366867;52,49666129;0
5742;1,1201E+19;11;0;3;3;2020;10;16;4;3;2;6;2;0;1;0;0;0;0;801349,708;5831004,158;13,44500009;52,54553147;1
5743;1,12002E+19;11;0;1;1;2020;2;16;7;3;4;6;0;1;0;0;0;0;1;800004,1806;5828075,227;13,4225741;52,52002106;0
5744;1,12009E+19;11;0;7;7;2020;9;13;2;3;5;3;0;0;1;0;0;1;0;795835,5498;5822644,859;13,35649294;52,47361985;0
5745;1,12011E+19;11;0;2;2;2020;11;11;3;3;0;7;0;1;0;0;0;0;0;797146,0759;5825669,744;13,37842759;52,50002348;0
5746;1,12006E+19;11;0;3;3;2020;6;8;4;3;5;2;0;1;1;0;0;0;0;799196,982;5831452,869;13,41375375;52,55073994;0
5747;1,12008E+19;11;0;8;8;2020;8;22;7;3;3;6;2;0;1;0;0;1;0;802014,1618;5821854,887;13,44646995;52,46315817;0
5748;1,12006E+19;11;0;12;12;2020;6;8;2;3;0;3;0;1;1;0;0;0;0;792075,123;5838548,202;13,31527352;52,61821226;0
5749;1,12002E+19;11;0;3;3;2020;2;13;7;3;6;4;0;0;0;1;0;0;1;799615,7433;5830294,437;13,4188664;52,54012631;0
5750;1,1201E+19;11;0;4;4;2020;10;13;1;3;2;6;0;0;1;0;0;0;0;790511,7125;5828545,369;13,28348149;52,52937606;0
5751;1,12012E+19;11;0;10;10;2020;12;14;6;3;5;2;0;0;1;0;0;0;1;812575,0424;5827181,471;13,60641287;52,50495252;0
5752;1,12008E+19;11;0;7;7;2020;8;18;3;2;1;5;0;1;1;0;0;0;0;795930,4446;5824446,28;13,35948497;52,48971673;0
5753;1,12007E+19;11;0;12;12;2020;7;16;5;3;5;2;0;1;1;0;0;0;0;795709,843;5832847,181;13,36371686;52,56514288;0
5754;1,1201E+19;11;0;2;2;2020;10;11;6;3;5;3;0;1;1;0;0;0;0;797876,9817;5825498,034;13,38900958;52,49808583;0
5755;8,2001E+18;8;1;27;43;2020;1;3;6;3;2;1;2;0;1;0;0;1;0;567069,5261;5447570,635;9,920246424;49,17727612;0
5756;1,12002E+19;11;0;12;12;2020;2;15;6;3;5;2;0;1;1;0;0;0;0;795766,0386;5832696,757;13,36440942;52,56376395;0
5757;1,12009E+19;11;0;12;12;2020;9;14;4;3;2;6;0;0;1;0;0;0;0;788466,3946;5837200,631;13,26094258;52,60805893;0
5758;1,12011E+19;11;0;7;7;2020;11;6;2;3;0;6;2;0;1;0;1;0;0;797577,0905;5818422,546;13,37829523;52,43482513;1
5759;1,1201E+19;11;0;3;3;2020;10;11;6;3;2;6;0;0;1;0;0;0;0;798550,5757;5833156,984;13,40578156;52,56636948;1
5760;1,12002E+19;11;0;4;4;2020;2;13;6;3;5;2;0;0;1;0;0;0;0;790532,2148;5826377,75;13,28188965;52,50993235;0
5761;1,12009E+19;11;0;4;4;2020;9;18;3;3;5;2;0;0;1;0;0;0;0;790731,1079;5826410,569;13,28484072;52,51012061;0
5762;1,12011E+19;11;0;1;1;2020;11;17;5;3;5;3;2;0;1;0;0;0;1;795861,8559;5832068,44;13,36525867;52,55807966;1
5763;1,12006E+19;11;0;1;1;2020;6;15;4;3;5;2;0;1;0;0;0;0;1;799557,908;5828277,886;13,41619904;52,52208292;0
5764;1,12008E+19;11;0;4;4;2020;8;21;1;3;8;1;2;0;1;0;0;0;0;791505,94;5829136,929;13,298615;52,53414853;1
5765;1,12006E+19;11;0;12;12;2020;6;16;3;3;5;3;0;0;1;0;1;0;0;794455,1506;5834360,213;13,34660319;52,57938607;0
5766;1,12002E+19;11;0;4;4;2020;2;12;6;3;3;6;0;0;1;0;0;1;0;790468,8517;5828469,63;13,28278527;52,5287199;0
5767;1,1201E+19;11;0;5;5;2020;10;16;2;3;2;6;0;0;1;0;0;0;1;785929,7361;5826070,082;13,21399455;52,50960585;1
5768;1,12012E+19;11;0;10;10;2020;12;13;7;2;0;1;0;0;0;0;1;0;0;808676,5492;5832816,74;13,55439159;52,55767388;1
5769;1,12008E+19;11;0;4;4;2020;8;19;3;3;0;4;0;0;1;1;0;0;0;790635,5078;5825027,453;13,28222869;52,49777183;0
5770;1,12007E+19;11;0;7;7;2020;7;6;6;3;5;2;0;0;0;0;1;0;1;797840,0419;5818948,551;13,38262047;52,43939712;0
5771;1,12005E+19;11;0;4;4;2020;5;14;3;3;5;2;0;1;0;0;0;0;1;791751,2225;5826597,445;13,29999322;52,51125128;0
5772;1,1201E+19;11;0;2;2;2020;10;15;7;2;2;6;0;1;1;0;0;0;0;802118,3661;5827419,871;13,45304379;52,51297994;0
5773;8,2001E+18;8;2;16;17;2020;1;17;6;3;8;1;2;0;1;0;0;0;0;459668,7737;5394171,378;8,451885185;48,69927467;1
5774;1,12002E+19;11;0;4;4;2020;2;9;6;2;6;7;0;0;1;1;0;0;0;790825,1256;5826425,505;13,28623521;52,51020439;0
5775;1,12009E+19;11;0;7;7;2020;9;10;4;3;1;5;0;1;1;0;0;0;0;795835,487;5824210,502;13,3578812;52,48765464;0
5776;1,12011E+19;11;0;4;4;2020;11;14;2;3;1;5;0;1;1;0;0;0;0;787198,5409;5825844,921;13,23244444;52,5069206;0
5777;1,12005E+19;11;0;4;4;2020;5;16;4;3;2;6;0;0;1;0;0;0;0;790680,136;5826115,005;13,28383365;52,50749802;0
5778;1,12008E+19;11;0;4;4;2020;8;7;3;3;5;2;0;1;0;0;0;0;1;792275,7456;5826685,437;13,30777749;52,51175932;0
5779;1,12006E+19;11;0;7;7;2020;6;15;4;3;2;6;0;0;1;0;0;0;0;796446,2113;5822593,33;13,36541146;52,47282686;0
5780;1,12005E+19;11;0;4;4;2020;5;8;3;3;5;2;0;0;1;1;0;0;0;791840,4714;5826612,481;13,30131778;52,51133833;0
5781;1,12002E+19;11;0;3;3;2020;2;8;6;3;5;3;0;1;1;0;0;0;0;798153,948;5836016,099;13,40251882;52,59221462;0
5782;1,12009E+19;11;0;10;10;2020;9;13;4;3;0;1;0;1;0;0;0;0;0;812425,0065;5827173,531;13,60420211;52,50496729;0
5783;1,12012E+19;11;0;7;7;2020;12;18;6;3;6;7;2;0;1;1;0;0;0;799074,9554;5816695,334;13,39871878;52,41852586;0
5784;1,12008E+19;11;0;11;11;2020;8;9;4;2;5;2;0;1;1;0;0;0;0;804235,0844;5827518,748;13,48422987;52,51268968;0
5785;1,12006E+19;11;0;4;4;2020;6;8;6;3;3;6;0;0;1;0;0;1;0;790533,9186;5825820,824;13,28142861;52,50493857;0
5786;1,1201E+19;11;0;1;1;2020;10;14;7;3;5;7;0;0;1;0;0;0;0;796213,0496;5829944,713;13,36852964;52,53885173;0
5787;8,2001E+18;8;1;18;21;2020;1;14;5;3;9;1;0;0;1;0;0;0;0;519824,2446;5429246,917;9,271121702;49,01579384;0
5788;1,12002E+19;11;0;7;7;2020;2;11;5;3;2;6;0;0;1;0;0;1;0;797817,4205;5822632,151;13,38557419;52,47242898;1
5789;1,12011E+19;11;0;1;1;2020;11;16;4;2;1;5;2;1;1;0;0;0;0;799636,3278;5828412,173;13,41747238;52,5232435;0
5790;1,12009E+19;11;0;1;1;2020;9;16;3;3;5;3;0;0;1;0;1;0;0;796405,6911;5826273,091;13,36808964;52,50583456;0
5791;1,12008E+19;11;0;11;11;2020;8;15;2;3;5;2;0;1;0;0;0;0;1;803685,497;5835335,153;13,48330367;52,58305147;0
5792;1,12002E+19;11;0;1;1;2020;2;17;4;3;4;6;0;1;0;0;0;0;1;796362,4347;5826164,231;13,36735728;52,50488224;0
5793;1,1201E+19;11;0;4;4;2020;10;10;6;3;0;6;0;0;0;0;0;0;1;791181,16;5829468,456;13,29413083;52,53729424;0
5794;1,12008E+19;11;0;2;2;2020;8;15;4;2;2;2;0;1;0;0;0;0;0;802996,8352;5827660,373;13,46616819;52,51464826;0
5795;1,12007E+19;11;0;7;7;2020;7;12;4;3;2;6;0;0;1;0;0;0;0;795898,0848;5822672,702;13,35743564;52,47383557;1
5796;1,12006E+19;11;0;1;1;2020;6;9;6;3;5;3;0;1;1;0;0;0;0;799781,125;5828660,425;13,41982397;52,5253891;0
5797;1,12011E+19;11;0;3;3;2020;11;13;5;3;2;7;0;0;1;0;0;0;1;799141,102;5830416,296;13,41199847;52,54147936;0
5798;1,12002E+19;11;0;1;1;2020;2;18;4;3;6;2;2;0;1;1;0;0;0;796213,3788;5830201,449;13,36876337;52,54115293;1
5799;1,12009E+19;11;0;4;4;2020;9;22;5;3;6;4;2;1;0;1;0;0;0;790971,5804;5826449,339;13,28840795;52,51033996;0
5800;1,12012E+19;11;0;12;12;2020;12;10;3;3;2;6;0;0;1;0;0;0;1;794558,8726;5833834,861;13,34766272;52,57462059;0
5801;1,12006E+19;11;0;6;6;2020;6;17;2;3;8;1;0;1;0;0;0;0;0;782539,069;5815784,582;13,15545884;52,41914731;0
5802;8,2001E+18;8;1;21;0;2020;1;22;4;3;2;6;2;0;1;0;0;0;0;508535,1647;5448506,607;9,117136813;49,18930264;0
5803;1,12002E+19;11;0;1;1;2020;2;15;4;3;0;2;0;1;0;0;0;0;1;796316,7184;5830075,734;13,37017055;52,53996984;0
5804;1,12009E+19;11;0;5;5;2020;9;17;5;3;5;3;0;0;1;0;0;0;0;785301,195;5826237,338;13,20490171;52,51143456;0
5805;1,12007E+19;11;0;12;12;2020;7;16;6;3;5;3;0;1;1;0;0;0;0;792228,7783;5838308,859;13,31732523;52,61598406;0
5806;1,12002E+19;11;0;9;9;2020;2;14;4;2;5;3;0;1;1;0;0;0;0;805152,8011;5822563,919;13,49317407;52,46776929;0
5807;1,1201E+19;11;0;3;3;2020;10;13;5;3;3;6;0;1;0;0;0;0;1;800780,6479;5829810,508;13,43555306;52,53514704;0
5808;1,12012E+19;11;0;6;6;2020;12;14;3;3;0;5;0;1;1;0;0;0;0;783126,1752;5815920,142;13,16418371;52,4200594;0
5809;1,12005E+19;11;0;1;1;2020;5;18;4;3;5;3;0;1;1;0;0;0;0;796682,9175;5826209,937;13,37210589;52,50511777;0
5810;1,12008E+19;11;0;3;3;2020;8;15;7;3;5;3;0;0;1;0;0;0;1;800014,1872;5828986,525;13,42354322;52,52818385;0
5811;1,12007E+19;11;0;11;11;2020;7;14;4;3;3;1;0;0;1;0;0;1;0;805513,23;5827401,32;13,50289804;52,51092289;0
5812;1,12005E+19;11;0;4;4;2020;5;23;1;2;0;1;2;1;0;0;0;0;0;791928,9798;5824014,492;13,30034095;52,4880004;0
5813;1,1201E+19;11;0;11;11;2020;10;8;4;3;8;1;0;0;0;0;1;0;0;807233,0059;5827431,918;13,52818794;52,51023126;1
5814;1,12002E+19;11;0;2;2;2020;2;21;4;3;9;1;2;0;1;0;0;0;0;797755,2445;5824470,756;13,38630348;52,4889439;1
5815;1,12009E+19;11;0;12;12;2020;9;13;1;3;8;1;0;0;1;0;0;0;0;791653,0322;5830951,275;13,3023703;52,55033506;0
5816;1,12011E+19;11;0;3;3;2020;11;7;2;3;6;4;0;0;1;1;0;0;0;799245,5134;5831883,958;13,41485593;52,55457731;0
5817;1,12005E+19;11;0;1;1;2020;5;17;4;2;5;3;0;1;1;0;0;0;0;798646,1727;5827021,723;13,40167351;52,51132327;0
5818;1,12008E+19;11;0;7;7;2020;8;20;6;3;6;7;1;0;1;1;0;0;0;797853,0239;5821967,741;13,38550366;52,46645387;0
5819;1,12006E+19;11;0;9;9;2020;6;18;7;3;5;3;1;1;1;0;0;0;0;803379,8583;5824289,227;13,46872454;52,48422039;1
5820;1,12002E+19;11;0;7;7;2020;2;20;4;3;5;3;2;0;1;0;0;0;0;797778,2711;5823485,424;13,3857614;52,48009897;0
5821;1,1201E+19;11;0;2;2;2020;10;22;7;3;4;6;2;1;0;0;0;0;1;801639,1862;5827783,716;13,44633391;52,51650632;0
5822;1,12012E+19;11;0;12;12;2020;12;6;5;3;2;6;2;0;1;0;0;0;0;791724,2904;5833234,005;13,30542501;52,57076092;0
5823;1,12008E+19;11;0;2;2;2020;8;10;2;3;5;2;0;1;0;0;0;0;1;797899,0648;5825429,151;13,38927231;52,49745632;0
5824;1,12007E+19;11;0;1;1;2020;7;8;5;3;0;6;0;0;0;0;1;0;1;796139,9204;5829179,077;13,3667723;52,53202831;1
5825;1,12002E+19;11;0;1;1;2020;2;19;4;3;2;6;2;0;1;0;0;0;0;796690,8341;5826201,909;13,37221503;52,5050415;1
5826;1,1201E+19;11;0;6;6;2020;10;0;5;3;2;6;2;0;1;0;0;0;1;793138,1879;5820207,459;13,31475351;52,4532235;0
5827;8,2001E+18;8;4;25;31;2020;1;17;6;3;3;6;2;0;1;0;0;0;1;568676,6921;5368018,914;9,928975959;48,46155452;1
5828;1,12002E+19;11;0;10;10;2020;2;18;4;3;5;2;2;1;1;0;0;0;0;808945,3427;5827441,082;13,55334756;52,50934638;1
5829;1,12009E+19;11;0;10;10;2020;9;12;3;2;5;3;0;0;1;0;0;1;0;808903,356;5833412,582;13,55828112;52,562885;0
5830;1,12011E+19;11;0;3;3;2020;11;13;1;3;2;6;0;1;1;0;0;0;0;799868,9054;5830247,062;13,42254531;52,53956242;0
5831;1,12009E+19;11;0;7;7;2020;9;0;6;3;3;2;2;0;1;0;0;0;0;797773,184;5818919,567;13,38161398;52,43917372;0
5832;1,12005E+19;11;0;7;7;2020;5;17;4;3;2;6;0;0;1;0;0;0;0;796555,052;5822539,267;13,36696111;52,47228315;0
5833;1,12008E+19;11;0;3;3;2020;8;1;7;3;2;6;2;1;1;0;0;0;0;801322,5889;5829320,695;13,44307485;52,53045746;0
5834;1,12006E+19;11;0;1;1;2020;6;16;3;3;5;2;0;1;1;0;0;0;0;796320,9005;5830071,95;13,37022866;52,53993364;0
5835;1,12002E+19;11;0;1;1;2020;2;22;3;3;2;6;2;0;1;0;0;0;0;797908,6525;5827613,147;13,39136759;52,51702793;0
5836;1,12009E+19;11;0;12;12;2020;9;20;2;3;5;2;2;0;1;0;0;0;1;795339,492;5833743,79;13,35906727;52,57338117;0
5837;1,12012E+19;11;0;4;4;2020;12;9;3;3;2;6;0;0;1;0;0;0;1;792230,1654;5823674,5;13,30446595;52,4847913;0
5838;1,12006E+19;11;0;2;2;2020;6;12;4;3;5;3;0;1;1;1;0;0;0;801654,0281;5828872,732;13,44753959;52,52625903;0
5839;8,2001E+18;8;4;16;41;2020;1;12;4;3;8;6;0;0;1;0;0;0;0;505042,433;5370822,485;9,068246453;48,49050572;1
5840;1,12002E+19;11;0;9;9;2020;2;21;3;3;2;6;2;0;1;0;0;0;0;802661,0833;5824995,697;13,45881354;52,49095135;0
5841;1,12011E+19;11;0;2;2;2020;11;18;2;2;5;2;2;1;1;0;0;0;0;802146,06;5827748,796;13,4537493;52,51591276;0
5842;1,12009E+19;11;0;6;6;2020;9;17;1;3;1;5;0;1;1;0;0;0;0;783410,0167;5816003,735;13,16841724;52,42066201;0
5843;1,12007E+19;11;0;7;7;2020;7;11;6;3;2;6;0;0;1;0;0;0;0;797869,6102;5820511,727;13,38444789;52,45339325;0
5844;1,12002E+19;11;0;2;2;2020;2;11;3;2;6;7;0;0;1;1;0;0;0;797903,7552;5825113,091;13,38905855;52,49462065;1
5845;1,1201E+19;11;0;12;12;2020;10;14;4;3;5;3;0;0;1;0;0;0;0;793293,9872;5836637,325;13,33153206;52,60042605;1
5846;1,12008E+19;11;0;7;7;2020;8;14;3;2;1;5;0;1;1;0;0;0;0;797863,6466;5821803,909;13,38551333;52,4649795;0
5847;1,12007E+19;11;0;4;4;2020;7;15;2;3;2;6;0;0;1;0;0;0;0;790481,4354;5828460,96;13,28296267;52,52863546;0
5848;1,12005E+19;11;0;2;2;2020;5;23;7;3;5;3;2;1;1;0;0;0;0;801933,6122;5827769,975;13,45064723;52,51622024;0
5849;1,12006E+19;11;0;6;6;2020;6;19;4;3;5;3;0;1;0;0;0;0;0;789577,61;5817961,573;13,26055659;52,43498619;0
5850;1,12011E+19;11;0;4;4;2020;11;20;2;2;3;6;2;0;1;0;1;0;0;790466,389;5828462,65;13,28274297;52,52865863;0
5851;1,12002E+19;11;0;3;3;2020;2;18;3;3;6;4;2;1;0;1;0;0;0;800572,3221;5829917,009;13,43258724;52,53621656;0
5852;1,12009E+19;11;0;6;6;2020;9;13;4;3;1;5;0;1;1;0;0;0;0;791916,3333;5819376,893;13,29609794;52,44643139;0
5853;1,12011E+19;11;0;7;7;2020;11;12;7;3;3;6;0;0;1;0;0;0;0;797830,9599;5822333,226;13,38550606;52,46974207;0
5854;1,12005E+19;11;0;3;3;2020;5;16;4;3;3;6;0;1;0;0;0;0;0;800153,6158;5829169,076;13,42575716;52,52974337;0
5855;1,12008E+19;11;0;10;10;2020;8;16;2;3;0;2;0;1;1;0;0;0;0;808924,1716;5827407,719;13,55300565;52,50905938;0
5856;1,12006E+19;11;0;7;7;2020;6;11;4;3;3;6;0;0;1;0;1;0;0;799195,5488;5816465,577;13,40028135;52,41640045;0
5857;1,12002E+19;11;0;9;9;2020;2;17;3;3;5;2;1;1;1;0;0;0;0;806103,7585;5821629,73;13,50627257;52,45886474;1
5858;1,12009E+19;11;0;3;3;2020;9;8;3;3;2;6;0;0;1;0;0;0;1;800072,4366;5832754,369;13,42780316;52,56192406;0
5859;1,12012E+19;11;0;4;4;2020;12;17;4;3;5;2;1;0;1;0;0;0;0;793298,1982;5826820,752;13,32291989;52,51242355;1
5860;1,12008E+19;11;0;7;7;2020;8;16;3;3;0;1;0;0;1;0;1;0;0;796797,4006;5822401,79;13,37039626;52,47091918;0
5861;1,12006E+19;11;0;3;3;2020;6;16;5;3;6;7;0;1;0;1;0;0;0;801183,4584;5830869,287;13,44243358;52,54441454;0
5862;1,1201E+19;11;0;7;7;2020;10;17;7;3;2;6;0;0;1;0;0;0;0;798181,752;5818924,81;13,38761144;52,4389981;0
5863;8,2001E+18;8;4;37;123;2020;1;6;4;3;9;7;0;0;1;0;0;0;0;505801,6422;5313295,6;9,077734052;47,97294046;1
5864;1,12002E+19;11;0;10;10;2020;2;5;2;2;6;6;1;0;1;1;0;0;0;807669,4635;5829957,151;13,53693454;52,53261638;1
5865;1,12011E+19;11;0;3;3;2020;11;10;3;2;0;2;0;0;0;0;0;1;1;801347,6459;5831002,413;13,44496819;52,54551697;0
5866;1,12009E+19;11;0;3;3;2020;9;14;2;3;3;6;0;1;1;0;0;0;0;801549,9786;5831173,576;13,44809828;52,54693916;0
5867;1,12008E+19;11;0;2;2;2020;8;1;1;3;2;6;2;0;1;0;1;0;0;797760,152;5824110,59;13,38605377;52,48571275;0
5868;1,12002E+19;11;0;7;7;2020;2;7;2;3;5;2;0;0;0;0;1;0;1;797838,327;5818947,963;13,38259479;52,43939278;0
5869;1,1201E+19;11;0;3;3;2020;10;15;5;3;2;6;0;0;1;0;0;1;0;800657,1246;5829977,86;13,43388882;52,53671521;1
5870;1,12008E+19;11;0;3;3;2020;8;14;3;3;2;6;0;1;0;0;0;0;1;799490,6339;5830296,202;13,41702878;52,5402109;0
5871;1,12007E+19;11;0;3;3;2020;7;13;3;3;1;5;0;1;1;0;0;0;0;801626,9249;5828957,003;13,44721773;52,52702935;0
5872;1,12006E+19;11;0;7;7;2020;6;18;5;3;1;1;0;0;1;0;0;0;0;797937,4307;5820116,662;13,38509056;52,44981495;1
5873;1,12011E+19;11;0;7;7;2020;11;6;4;3;6;4;2;0;1;1;0;0;0;796869,1494;5816382,674;13,36610162;52,41692405;0
5874;1,12002E+19;11;0;2;2;2020;2;20;2;3;5;3;1;1;1;0;0;0;0;802584,8438;5827702,294;13,46015358;52,51525271;1
5875;1,12009E+19;11;0;2;2;2020;9;11;5;3;5;2;0;1;1;0;0;0;0;797850,612;5825505,469;13,38862893;52,49816686;0
5876;1,12011E+19;11;0;12;12;2020;11;8;2;3;3;6;0;0;1;0;0;1;0;791643,4671;5833574,434;13,30453523;52,57385609;0
5877;1,12006E+19;11;0;6;6;2020;6;9;1;2;4;6;0;1;0;0;0;0;0;785570,6561;5816300,955;13,20035745;52,4222037;0
5878;1,12002E+19;11;0;6;6;2020;2;19;2;3;2;6;2;0;1;0;0;0;0;784945,4833;5817253,936;13,19200066;52,43107425;1
5879;1,12009E+19;11;0;3;3;2020;9;15;4;3;1;5;0;1;1;0;0;0;0;799164,6309;5830694,843;13,41259523;52,54396318;1
5880;1,12007E+19;11;0;2;2;2020;7;21;5;3;1;5;1;0;1;0;1;0;0;803281,1339;5827631,546;13,47031863;52,5142319;0
5881;1,12002E+19;11;0;4;4;2020;2;15;2;3;3;6;0;0;1;0;0;1;0;790887,4181;5824694,754;13,28563852;52,49465496;0
5882;1,1201E+19;11;0;5;5;2020;10;10;4;3;0;7;0;0;1;0;0;0;1;781746,0285;5824440,37;13,1511337;52,49716995;0
5883;1,12012E+19;11;0;11;11;2020;12;17;6;3;6;4;2;1;0;1;0;0;0;803738,829;5827584,971;13,47700011;52,51355977;1
5884;1,12008E+19;11;0;12;12;2020;8;11;5;3;2;6;0;0;1;0;0;0;0;792722,246;5837431,684;13,32381694;52,60785512;0
5885;1,12007E+19;11;0;10;10;2020;7;18;3;2;2;6;0;0;1;0;0;0;0;811692,3051;5827137,18;13,59340801;52,50506058;0
5886;1,12005E+19;11;0;7;7;2020;5;13;7;3;8;1;0;0;1;0;0;0;0;795684,4417;5822631,171;13,35426256;52,47357897;0
5887;1,1201E+19;11;0;4;4;2020;10;17;3;3;3;6;2;0;1;0;0;0;1;790509,9654;5825605,642;13,28088894;52,50302219;0
5888;1,12002E+19;11;0;2;2;2020;2;16;1;3;2;6;2;0;1;0;0;0;0;797854,1512;5825450,778;13,388632;52,49767469;1
5889;1,12009E+19;11;0;1;1;2020;9;20;1;3;2;6;1;0;1;0;0;0;0;798796,7611;5827189,428;13,40403644;52,51274405;0
5890;1,12011E+19;11;0;9;9;2020;11;15;2;3;2;6;0;0;1;0;0;0;0;806045,9329;5821707,093;13,50549508;52,45959049;0
5891;1,12005E+19;11;0;4;4;2020;5;15;4;2;1;1;0;1;0;0;0;1;0;786767,3872;5825846,509;13,22611069;52,50716165;0
5892;1,12008E+19;11;0;1;1;2020;8;16;5;3;2;6;0;0;1;0;0;0;0;794906,0532;5827116,807;13,34680652;52,51421055;0
5893;1,12006E+19;11;0;10;10;2020;6;10;6;3;2;6;0;0;1;0;0;1;0;809897,3554;5827216,94;13,56712165;52,50679776;0
5894;1,12002E+19;11;0;1;1;2020;2;17;1;3;5;3;2;0;1;0;0;0;0;799119,1189;5827657,048;13,40919283;52,5167589;1