OBJECTID;UIDENTSTLAE;ULAND;UREGBEZ;UKREIS;UGEMEINDE;UJAHR;UMONAT;USTUNDE;UWOCHENTAG;UKATEGORIE;UART;UTYP1;ULICHTVERH;IstRad;IstPKW;IstFuss;IstKrad;IstGkfz;IstSonstige;LINREFX;LINREFY;XGCSWGS84;YGCSWGS84;STRZUSTAND
6456;8,20011E+18;8;3;37;76;2020;1;7;6;3;4;6;2;0;1;0;0;0;1;426644,2337;5267855,313;8,024878467;47,55997021;0
6457;8,20011E+18;8;3;37;65;2020;1;6;6;3;5;3;2;0;1;0;0;0;0;447049,835;5275884,36;8,295136305;47,63419399;1
6458;8,20011E+18;8;3;35;43;2020;1;12;6;3;5;3;0;1;1;0;0;0;0;512502,3037;5279837,487;9,166547759;47,67180763;0
6459;8,20011E+18;8;3;27;19;2020;1;18;6;2;6;4;2;0;1;1;0;0;0;481772,3367;5331241,221;8,755010657;48,13416426;1
6460;8,20011E+18;8;3;17;65;2020;1;14;6;3;2;6;0;0;1;0;0;0;0;416021,6021;5354481,804;7,866787343;48,33793438;1
6461;8,20011E+18;8;3;17;153;2020;1;21;6;3;5;3;2;0;1;0;0;0;0;416894,5727;5388137,766;7,871869219;48,64077449;1
6462;8,20011E+18;8;3;17;96;2020;1;17;6;3;8;1;1;0;0;0;1;0;0;420642,2668;5374625,367;7,925313256;48,51972169;1
6463;8,20011E+18;8;3;15;6;2020;1;18;6;3;2;1;2;0;1;0;0;0;0;404052,7051;5307760,997;7,715838389;47,91599009;0
6464;8,20011E+18;8;3;11;0;2020;1;18;6;3;1;6;2;0;1;0;0;0;0;412189,9774;5315312,245;7,823181717;47,98508246;0
6465;8,20011E+18;8;3;11;0;2020;1;9;6;3;2;6;0;0;1;0;0;0;0;413641,1439;5316669,748;7,842352801;47,99749128;0
6466;8,20011E+18;8;3;16;36;2020;1;15;6;3;2;6;0;0;1;0;0;0;1;410609,1586;5326535,092;7,799657782;48,08581477;0
6467;8,20011E+18;8;3;11;0;2020;1;13;6;2;0;7;0;1;0;0;0;0;0;414014,1696;5315452,768;7,847595983;47,98659436;0
6468;8,20011E+18;8;2;36;46;2020;1;17;6;3;9;1;2;0;1;0;0;0;0;486525,4639;5417036,162;8,816122279;48,90612175;1
6469;8,20011E+18;8;2;35;46;2020;1;18;6;2;8;1;2;0;1;0;0;0;1;481267,101;5374353,865;8,746303587;48,5220161;1
6470;8,20011E+18;8;2;26;63;2020;1;11;6;3;1;6;0;0;1;0;0;0;0;470575,4968;5470005,458;8,594599868;49,38203706;0
6471;8,20011E+18;8;2;16;7;2020;1;5;6;3;5;2;2;1;1;0;0;0;0;433793,0536;5395936,302;8,099978876;48,71294063;1
6472;8,20011E+18;8;2;15;17;2020;1;9;6;3;3;2;0;1;1;0;0;0;0;453774,937;5421478,307;8,368713207;48,94450122;0
6473;8,20011E+18;8;2;12;0;2020;1;17;6;3;2;6;2;0;1;0;0;0;0;459402,6694;5427512,393;8,444963825;48,99917427;1
6474;8,20011E+18;8;2;12;0;2020;1;13;6;3;2;6;0;0;1;0;0;0;0;463605,5673;5428116,339;8,50236823;49,00486903;0
6475;8,20011E+18;8;2;11;0;2020;1;7;6;3;5;2;0;0;1;0;1;0;0;441728,4846;5403595,334;8,206758394;48,78262688;1
6476;8,20011E+18;8;1;36;65;2020;1;13;6;2;5;2;0;1;1;0;0;0;0;559310,1732;5405969,74;9,807722047;48,8038866;0
6477;8,20011E+18;8;1;35;25;2020;1;17;6;1;4;6;2;0;0;0;0;0;1;584500,5482;5398557,177;10,14919588;48,73430275;0
6478;8,20011E+18;8;1;35;15;2020;1;6;6;3;1;5;2;0;1;0;0;1;0;570270,701;5388294,168;9,953957314;48,64375589;0
6479;8,20011E+18;8;1;28;131;2020;1;14;6;3;4;1;0;0;1;0;0;0;0;535376,7917;5510118,205;9,491010396;49,74251086;0
6480;8,20011E+18;8;1;28;139;2020;1;16;6;3;5;3;0;0;1;0;0;0;0;551594,5476;5492069,014;9,713709873;49,57900594;0
6481;8,20011E+18;8;1;36;19;2020;1;20;6;3;3;6;2;0;1;0;0;1;0;586747,3706;5424346,768;10,18520832;48,96594386;1
6482;8,20011E+18;8;1;25;6;2020;1;17;6;3;2;6;1;0;1;0;0;0;0;507586,4138;5453803,415;9,104216268;49,23696131;1
6483;8,20011E+18;8;1;19;20;2020;1;14;6;3;5;3;0;1;1;0;0;0;0;519763,232;5405794,826;9,269151728;48,80482882;0
6484;8,20011E+18;8;1;19;42;2020;1;18;6;2;6;4;2;0;1;1;0;0;0;528295,8307;5415415,832;9,386017927;48,89104614;1
6485;8,20011E+18;8;1;18;51;2020;1;18;6;3;0;7;2;1;1;0;0;0;0;509255,0446;5414932,001;9,126249728;48,88727066;1
6486;8,20011E+18;8;1;18;79;2020;1;6;6;3;0;7;2;0;0;0;1;0;0;508020,2096;5422904,922;9,109561932;48,95901004;1
6487;8,20011E+18;8;1;15;28;2020;1;17;6;3;2;6;0;0;1;0;0;0;0;501778,9022;5402588,84;9,024212791;48,77629962;0
6488;8,20011E+18;8;1;11;0;2020;1;13;6;3;2;6;0;0;1;0;0;0;0;509078,9531;5395056,736;9,123408269;48,70847712;0
6489;8,20011E+18;8;1;11;0;2020;1;7;6;3;2;6;1;0;1;0;0;0;0;506497,6925;5395770,994;9,088333045;48,71493487;0
6490;8,20011E+18;8;1;17;38;2020;1;9;6;3;1;1;0;0;1;0;0;0;0;547298,3569;5397767,377;9,643206927;48,73113313;1
6491;8,20011E+18;8;1;16;80;2020;1;16;6;3;2;6;1;0;1;0;0;0;0;521415,4794;5395540,55;9,291119533;48,71252786;1
6492;8,20011E+18;8;1;16;7;2020;1;22;6;3;8;1;2;0;1;0;0;0;0;532078,8121;5400193,038;9,436434082;48,75392318;1
6493;8,20011E+18;8;1;15;41;2020;1;14;6;3;2;6;0;0;1;0;0;0;0;496215,3937;5401687,81;8,948495698;48,76818502;0
6494;8,20011E+18;8;1;15;37;2020;1;14;6;3;2;6;0;0;1;0;0;0;0;493103,5266;5386925,332;8,906393264;48,63535399;0
6495;8,20011E+18;8;1;35;19;2020;1;10;5;3;2;6;0;0;1;0;0;0;0;585524,3053;5395681,027;10,16251948;48,7082944;1
6496;8,20011E+18;8;4;37;100;2020;1;16;5;3;2;6;0;0;1;0;0;0;0;538048,1494;5316892,374;9,51010161;48,00419514;0
6497;8,20011E+18;8;4;36;3;2020;1;18;5;3;3;6;2;0;1;0;0;1;0;579522,5909;5306107,45;10,06407116;47,90336282;0
6498;8,20011E+18;8;4;36;64;2020;1;11;5;3;2;6;0;0;1;0;0;0;0;544499,7;5286066,346;9,593417289;47,7264394;0
6499;8,20011E+18;8;4;35;16;2020;1;16;5;3;5;3;0;1;1;0;0;0;0;535917,2407;5280771,986;9,478535999;47,67933897;0
6500;8,20011E+18;8;4;26;124;2020;1;10;5;3;5;2;0;0;1;0;0;0;0;546180,8685;5332184,344;9,620781396;48,14123418;0
6501;8,20011E+18;8;4;25;108;2020;1;17;5;2;6;4;2;0;0;1;0;0;1;554359,1125;5358209,078;9,73405204;48,37470758;0
6502;8,20011E+18;8;4;17;79;2020;1;14;5;3;1;6;0;0;0;0;1;0;1;502427,998;5339614,969;9,032681554;48,20975863;1
6503;8,20011E+18;8;4;16;36;2020;1;9;5;3;6;4;0;0;1;1;0;0;0;495066,7424;5368825,881;8,933254743;48,4725443;0
6504;8,20011E+18;8;4;16;36;2020;1;4;5;2;2;6;2;0;0;0;1;0;1;485281,5818;5372493,844;8,800736244;48,50538971;1
6505;8,20011E+18;8;4;16;41;2020;1;18;5;2;6;3;2;0;1;1;0;0;0;504809,5341;5373557,321;9,065125813;48,51511121;0
6506;8,20011E+18;8;3;37;96;2020;1;14;5;3;5;3;0;1;1;0;0;0;0;420990,1826;5267718,347;7,949756084;47,55807446;0
6507;8,20011E+18;8;3;36;91;2020;1;9;5;3;2;6;0;0;1;0;0;0;0;394672,7918;5271725,193;7,599063288;47,59038056;0
6508;8,20011E+18;8;3;35;63;2020;1;6;5;3;0;1;2;0;0;0;1;0;0;498758,3962;5288254,662;8,983436127;47,74766206;1
6509;8,20011E+18;8;3;35;66;2020;1;6;5;3;8;1;2;0;1;0;0;0;0;502205,3191;5286271,052;9,029410463;47,72981176;1
6510;8,20011E+18;8;3;35;77;2020;1;7;5;2;3;6;2;0;1;0;0;0;0;493259,394;5290947,811;8,910033836;47,77185978;1
6511;8,20011E+18;8;2;37;24;2020;1;14;5;3;3;6;0;0;1;0;0;1;1;479883,4117;5359623,558;8,728272825;48,389454;0
6512;8,20011E+18;8;3;17;47;2020;1;17;5;3;5;3;2;0;1;0;0;0;0;419784,4813;5364658,403;7,915611409;48,42996158;0
6513;8,20011E+18;8;3;17;47;2020;1;17;5;3;2;6;2;0;1;0;0;0;0;420413,386;5365290,819;7,923991537;48,43572991;0
6514;8,20011E+18;8;3;15;4;2020;1;14;5;3;1;1;0;0;1;0;0;0;0;394232,6782;5293231,586;7,587998868;47,78375795;0
6515;8,20011E+18;8;3;36;91;2020;1;18;5;3;6;4;2;0;1;1;0;0;0;394549,4965;5271748,807;7,597418191;47,59057294;0
6516;8,20011E+18;8;2;37;4;2020;1;18;5;2;8;7;2;0;1;0;0;0;0;454708,645;5373867,03;8,386695054;48,51628216;0
6517;8,20011E+18;8;2;36;76;2020;1;16;5;2;8;1;1;0;0;0;1;0;0;477587,6733;5423735,177;8,693787491;48,96612438;1
6518;8,20011E+18;8;2;26;103;2020;1;18;5;3;2;6;2;0;1;0;0;0;0;470935,5364;5455038,471;8,600650114;49,24742773;0
6519;8,20011E+18;8;2;25;33;2020;1;11;5;3;4;2;0;0;1;0;0;0;0;509911,559;5460854,637;9,13633188;49,30035503;1
6520;8,20011E+18;8;2;25;117;2020;1;19;5;2;8;1;2;0;1;0;0;0;0;515872,3603;5474870,407;9,218880095;49,42630082;1
6521;8,20011E+18;8;2;21;0;2020;1;15;5;3;2;6;0;0;1;0;0;0;0;472526,4488;5468732,806;8,621566639;49,37068089;0
6522;8,20011E+18;8;2;21;0;2020;1;16;5;3;1;6;0;0;1;0;0;0;0;477121,467;5468467,145;8,684874705;49,36848116;0
6523;8,20011E+18;8;2;16;24;2020;1;14;5;3;5;2;0;0;1;0;0;0;0;446210,867;5411478,26;8,266737408;48,85393886;0
6524;8,20011E+18;8;2;16;7;2020;1;17;5;3;1;6;2;0;1;0;0;0;0;435252,2775;5393873,461;8,120136705;48,69453857;0
6525;8,20011E+18;8;2;15;39;2020;1;17;5;3;2;6;2;0;1;0;0;0;0;472451,5208;5451865,433;8,621697483;49,2189562;0
6526;8,20011E+18;8;2;12;0;2020;1;6;5;3;3;2;2;1;0;0;0;0;0;455242,4782;5429262,778;8,387897047;49,01463153;0
6527;8,20011E+18;8;2;15;90;2020;1;12;5;2;2;6;0;0;1;0;0;1;1;465529,1948;5437249,806;8,527892445;49,08713718;0
6528;8,20011E+18;8;2;15;84;2020;1;17;5;3;2;6;1;0;1;0;0;0;0;470055,7962;5449171,45;8,589000558;49,19461124;0
6529;8,20011E+18;8;2;12;0;2020;1;10;5;3;0;7;0;0;0;0;0;0;1;461612,3781;5427076,106;8,475214254;48,99539113;0
6530;8,20011E+18;8;1;36;65;2020;1;17;5;2;6;2;2;0;1;1;0;0;0;557400,03;5407552,43;9,781932483;48,81830235;0
6531;8,20011E+18;8;4;25;72;2020;1;21;5;3;2;6;2;0;1;0;0;0;1;580935,8839;5370936,122;10,09533919;48,48633638;0
6532;8,20011E+18;8;1;28;7;2020;1;0;5;3;9;1;2;0;1;0;0;0;0;559619,8404;5477295,629;9,822481828;49,44539806;1
6533;8,20011E+18;8;1;27;76;2020;1;17;5;3;6;4;2;0;1;1;0;0;0;556433,9044;5439306,101;9,773175344;49,10401075;0
6534;8,20011E+18;8;1;27;43;2020;1;6;5;3;2;6;2;0;1;0;0;0;0;565917,1707;5447601,729;9,904442386;49,17768069;1
6535;8,20011E+18;8;1;25;24;2020;1;7;5;3;3;6;2;0;1;0;0;0;0;522500,8141;5444896,446;9,308597795;49,15647504;0
6536;8,20011E+18;8;1;19;67;2020;1;17;5;3;5;3;2;0;1;0;0;0;0;539040,9741;5406353,154;9,531735864;48,80893932;0
6537;8,20011E+18;8;1;18;73;2020;1;6;5;3;4;6;2;0;1;0;0;1;0;497294,4817;5424022,065;8,963033182;48,9691056;1
6538;8,20011E+18;8;1;15;28;2020;1;17;5;3;2;6;2;0;1;0;0;0;0;499926,0944;5403504,372;8,9989939;48,78453826;0
6539;8,20011E+18;8;1;15;28;2020;1;11;5;3;3;6;0;0;1;0;0;1;0;498466,9688;5403950,842;8,9791287;48,7885528;0
6540;8,20011E+18;8;1;15;28;2020;1;15;5;2;2;6;0;0;1;0;0;1;0;498557,4258;5403796,786;8,980360759;48,78716713;0
6541;8,20011E+18;8;1;17;2;2020;1;19;5;3;3;3;2;0;1;0;0;0;0;541057,464;5387139,067;9,557286148;48,63596665;0
6542;8,20011E+18;8;1;17;6;2020;1;18;5;3;6;4;2;0;1;1;0;0;0;551441,9664;5381680,177;9,697551778;48,5860927;0
6543;8,20011E+18;8;1;17;24;2020;1;12;5;3;5;3;0;0;1;0;0;0;0;561001,892;5386272,803;9,827846127;48,62654656;0
6544;8,20011E+18;8;1;16;41;2020;1;18;5;3;5;3;2;0;1;0;0;0;0;518765,818;5384321,019;9,254591905;48,6116817;1
6545;8,20011E+18;8;1;16;54;2020;1;6;5;3;2;6;2;0;1;0;0;0;0;532637,5596;5381360,862;9,442549625;48,58448241;1
6546;8,20011E+18;8;1;15;24;2020;1;17;5;3;1;6;2;0;1;0;0;0;0;501714,8878;5385083,902;9,023268794;48,61882381;0
6547;8,20011E+18;8;1;15;22;2020;1;7;5;3;5;3;1;1;1;0;0;0;0;497909,5842;5385823,925;8,97163205;48,62548007;1
6548;8,20011E+18;8;1;11;0;2020;1;16;5;3;6;7;1;0;1;0;0;0;1;512463,8013;5401332,788;9,169607431;48,76487796;0
6549;8,20011E+18;8;1;11;0;2020;1;11;5;3;2;6;0;0;1;0;0;0;0;514831,0692;5402604,836;9,201866891;48,77626929;1
6550;8,20011E+18;8;4;36;6;2020;1;6;4;3;0;6;2;0;1;0;0;1;0;560244,1415;5283992,92;9,803069074;47,70650766;1
6551;8,20011E+18;8;4;36;82;2020;1;14;4;3;2;6;0;0;1;0;0;0;0;547982,5113;5295600,191;9,640911769;47,81196574;1
6552;8,20011E+18;8;4;35;16;2020;1;19;4;3;2;6;2;0;1;0;0;0;0;533392,6877;5281374,479;9,444947814;47,6848952;1
6553;8,20011E+18;8;4;25;28;2020;1;7;4;3;0;7;2;0;1;0;0;1;0;580483,8649;5339514,066;10,0832165;48,20375222;1
6554;8,20011E+18;8;4;17;16;2020;1;16;4;3;1;5;0;0;1;0;0;0;1;484489,5535;5341942,448;8,791140455;48,23051354;1
6555;8,20011E+18;8;3;17;65;2020;1;17;4;3;2;6;2;0;1;0;0;0;0;419757,8882;5354104,409;7,917267464;48,33502529;0
6556;8,20011E+18;8;3;15;59;2020;1;7;4;2;5;3;2;1;1;0;0;0;0;399198,0621;5321969,316;7,647547543;48,04304503;0
6557;8,20011E+18;8;3;15;15;2020;1;14;4;3;5;3;0;0;1;0;0;0;0;398995,8931;5315068,741;7,646461379;47,9809448;0
6558;8,20011E+18;8;2;35;65;2020;1;4;4;3;9;1;2;0;1;0;0;0;0;471976,1606;5407744,984;8,618217661;48,82205431;2
6559;8,20011E+18;8;2;36;72;2020;1;6;4;2;8;6;2;0;1;0;0;0;1;467462,5754;5408892,571;8,556637631;48,83215752;2
6560;8,20011E+18;8;2;36;46;2020;1;12;4;3;2;6;0;0;1;0;0;0;1;484000,3588;5416323,182;8,781692085;48,8996479;0
6561;8,20011E+18;8;2;26;60;2020;1;9;4;3;5;3;0;0;1;0;0;0;0;476904,3211;5462908,208;8,682205998;49,31847067;1
6562;8,20011E+18;8;2;26;84;2020;1;10;4;3;3;2;0;0;1;0;0;0;1;467149,058;5466024,6;8,547721647;49,34605501;0
6563;8,20011E+18;8;2;22;0;2020;1;17;4;3;2;6;2;0;1;0;0;0;0;466644,946;5478798,009;8,539708745;49,46092056;1
6564;8,20011E+18;8;2;26;85;2020;1;17;4;3;2;6;1;0;1;0;0;1;0;485587,5229;5456760,722;8,801906613;49,26344014;0
6565;8,20011E+18;8;2;26;103;2020;1;8;4;3;1;6;0;0;1;0;0;0;0;470922,1449;5455202,919;8,600454181;49,24890631;0
6566;8,20011E+18;8;2;22;0;2020;1;12;4;3;1;6;0;0;1;0;0;0;0;463878,5529;5481983,485;8,501243825;49,4894142;1
6567;8,20011E+18;8;2;22;0;2020;1;18;4;2;4;6;2;0;1;0;0;0;0;466505,3945;5480833,998;8,537610699;49,47922576;1
6568;8,20011E+18;8;2;15;64;2020;1;18;4;3;2;6;2;0;1;0;0;0;0;476191,667;5451224,08;8,673095195;49,21334393;0
6569;8,20011E+18;8;2;15;9;2020;1;2;4;1;6;4;2;0;0;1;0;0;1;474439,722;5438754,674;8,649831833;49,10110853;0
6570;8,20011E+18;8;2;12;0;2020;1;10;4;3;3;6;0;0;1;0;0;1;0;459304,8419;5427459,398;8,443631729;48,99869113;0
6571;8,20011E+18;8;2;16;33;2020;1;8;4;2;3;6;0;1;0;0;0;1;0;448402,0993;5414581,389;8,296214892;48,88203806;0
6572;8,20011E+18;8;1;36;88;2020;1;19;4;3;5;3;2;0;1;0;0;0;0;587677,3581;5406804,383;10,1941484;48,80803938;1
6573;8,20011E+18;8;1;27;14;2020;1;11;4;3;2;2;0;0;1;0;0;0;0;576771,3042;5441988,263;10,05227631;49,12593171;1
6574;8,20011E+18;8;1;27;8;2020;1;18;4;2;5;3;2;0;1;0;0;0;0;571483,1867;5462224,155;9,983410107;49,30857021;1
6575;8,20011E+18;8;1;25;6;2020;1;19;4;3;4;1;2;0;1;0;0;0;0;506719,7074;5450525,768;9,092255246;49,20748816;0
6576;8,20011E+18;8;1;18;48;2020;1;7;4;3;2;6;0;0;1;0;0;0;0;513119,522;5416810,928;9,179025875;48,90410323;1
6577;8,20011E+18;8;1;15;28;2020;1;22;4;3;2;7;2;0;1;0;0;1;0;502440,3372;5400433,125;9,033202851;48,75690461;0
6578;8,20011E+18;8;1;16;63;2020;1;9;4;3;3;6;0;0;1;0;0;0;0;515680,0685;5384458,557;9,212733719;48,61300394;1
6579;8,20011E+18;8;1;16;19;2020;1;12;4;3;2;6;0;0;1;0;0;0;0;523373,8856;5396249,802;9,317781653;48,7188379;0
6580;8,20011E+18;8;1;16;56;2020;1;8;4;3;2;6;0;0;1;0;0;0;0;532718,566;5394591,628;9,444693156;48,70350089;0
6581;8,20011E+18;8;1;16;14;2020;1;17;4;3;5;3;2;0;1;0;0;0;0;527306,9036;5395884,549;9,371228069;48,71539226;0
6582;8,20011E+18;8;1;16;19;2020;1;16;4;3;5;3;0;0;1;0;0;0;1;522709,102;5398451,822;9,308864966;48,73867165;1
6583;8,20011E+18;8;1;11;0;2020;1;14;4;3;0;7;0;0;1;0;1;0;0;512041,5152;5404889,467;9,163965169;48,79688188;0
6584;8,20011E+18;8;4;36;96;2020;1;16;3;3;4;7;0;0;1;0;0;0;0;544902,1456;5302666,564;9,600502469;47,87576381;1
6585;8,20011E+18;8;4;16;49;2020;1;16;3;2;9;1;1;0;1;0;0;0;0;492215,3775;5369498,127;8,894664306;48,47856327;1
6586;8,20011E+18;8;4;16;36;2020;1;7;3;3;1;6;1;0;1;0;0;0;0;496631,3953;5368701,527;8,954424945;48,47143588;0
6587;8,20011E+18;8;4;16;36;2020;1;12;3;3;2;6;0;0;1;0;0;0;0;486078,7625;5369308,741;8,811634889;48,47675354;0
6588;8,20011E+18;8;4;15;53;2020;1;7;3;3;4;1;1;0;1;0;0;0;0;533412,14;5361686,601;9,451477952;48,40744942;2
6589;8,20011E+18;8;4;15;53;2020;1;6;3;3;4;1;2;0;1;0;0;0;0;535950,2933;5358666,738;9,485514695;48,38014232;2
6590;8,20011E+18;8;3;37;22;2020;1;16;3;3;2;2;1;0;1;0;0;0;0;450701,3513;5296524,721;8,34140433;47,82018414;1
6591;8,20011E+18;8;3;37;106;2020;1;18;3;2;8;1;2;0;1;0;0;0;0;461795,338;5294176,865;8,489812255;47,79981476;1
6592;8,20011E+18;8;3;26;27;2020;1;13;3;3;5;3;0;0;1;0;0;0;1;461437,2087;5307357,557;8,483854248;47,91838068;0
6593;8,20011E+18;8;3;25;53;2020;1;22;3;3;2;2;2;0;1;0;0;0;0;461823,7778;5345998,036;8,485572333;48,26603989;1
6594;8,20011E+18;8;3;17;56;2020;1;7;3;3;5;3;1;0;1;0;0;0;0;435229,7119;5382341,561;8,121633264;48,59080545;1
6595;8,20011E+18;8;3;17;1;2020;1;10;3;3;5;3;0;0;1;0;1;0;0;432190,8813;5386649,576;8,079724353;48,62923465;0
6596;8,20011E+18;8;3;17;96;2020;1;7;3;3;5;3;2;1;1;0;0;0;0;422147,5352;5370404,689;7,946481534;48,4819457;1
6597;8,20011E+18;8;3;15;84;2020;1;21;3;3;9;1;2;0;1;0;0;0;0;420111,7449;5306595,798;7,9309464;47,90771045;2
6598;8,20011E+18;8;2;36;68;2020;1;13;3;3;6;4;0;0;1;1;0;0;0;486794,9724;5413128,456;8,819926329;48,87097483;0
6599;8,20011E+18;8;2;37;28;2020;1;9;3;2;4;6;0;0;1;0;0;0;0;457839,394;5373580,685;8,429116211;48,51392427;1
6600;8,20011E+18;8;2;26;63;2020;1;6;3;3;2;6;1;0;1;0;0;0;0;469517,9596;5471572,277;8,579909755;49,39607822;0
6601;8,20011E+18;8;2;22;0;2020;1;17;3;3;1;6;2;1;1;0;0;0;0;461836,5596;5481251,94;8,473120314;49,48270935;0
6602;8,20011E+18;8;2;22;0;2020;1;17;3;3;1;6;2;0;1;0;0;0;0;465082,797;5479580,624;8,518083235;49,46787205;0
6603;8,20011E+18;8;2;16;52;2020;1;7;3;3;4;6;2;0;1;0;0;0;0;441779,0919;5414529,744;8,205894301;48,88098681;0
6604;8,20011E+18;8;2;16;43;2020;1;15;3;3;1;6;0;0;1;0;0;0;0;444111,9786;5412062,489;8,238047844;48,85900852;0
6605;8,20011E+18;8;2;15;9;2020;1;16;3;3;2;7;0;0;1;0;0;0;0;466486,6494;5438916,432;8,540866926;49,10218167;0
6606;8,20011E+18;8;2;12;0;2020;1;16;3;3;2;6;0;0;1;0;0;0;0;462062,2803;5422707,342;8,481771999;48,95612066;0
6607;8,20011E+18;8;1;36;28;2020;1;16;3;3;5;3;0;0;1;0;0;0;0;566638,9866;5405094,595;9,907375922;48,79527231;1
6608;8,20011E+18;8;1;36;79;2020;1;17;3;2;6;3;2;0;1;1;0;0;0;560250,7107;5401752,362;9,819911255;48,76586069;1
6609;8,20011E+18;8;1;36;19;2020;1;13;3;3;5;3;0;0;1;0;0;0;0;585608,9163;5422731,458;10,16931762;48,95157482;1
6610;8,20011E+18;8;1;36;88;2020;1;8;3;3;0;7;0;0;0;1;0;1;0;582725,7783;5407532,906;10,12686974;48,81527069;1
6611;8,20011E+18;8;1;36;45;2020;1;14;3;3;5;3;0;0;1;0;0;0;0;598247,5162;5400821,225;10,33664332;48,75264874;1
6612;8,20011E+18;8;1;36;9;2020;1;12;3;2;2;6;0;0;1;0;0;1;0;565768,3002;5408175,741;9,896015624;48,82307935;1
6613;8,20011E+18;8;1;35;25;2020;1;15;3;3;8;1;0;0;1;0;0;0;0;577439,7693;5397910,835;10,05306654;48,72940679;1
6614;8,20011E+18;8;4;25;72;2020;1;8;3;3;0;7;0;0;1;0;0;1;0;580071,267;5373935,976;10,0842155;48,51343018;1
6615;8,20011E+18;8;1;27;104;2020;1;16;3;3;2;6;2;0;1;0;0;0;0;578926,2285;5434714,636;10,08038694;49,06024071;0
6616;8,20011E+18;8;1;26;58;2020;1;17;3;3;4;2;2;0;1;0;0;0;1;542847;5451671,455;9,588355319;49,21633238;1
6617;8,20011E+18;8;1;25;98;2020;1;18;3;3;8;7;2;0;1;0;0;0;0;521420,124;5438240,014;9,293422858;49,09663709;0
6618;8,20011E+18;8;1;25;13;2020;1;18;3;2;6;4;2;0;1;1;0;0;0;504798,519;5435802,822;9,065703851;49,07506759;1
6619;8,20011E+18;8;1;25;98;2020;1;19;3;3;2;6;2;0;1;0;0;0;1;521637,7433;5438645,635;9,296425595;49,10027818;0
6620;8,20011E+18;8;1;25;27;2020;1;7;3;3;0;1;2;1;0;0;0;0;0;520866,4125;5445783,854;9,286228343;49,16451523;1
6621;8,20011E+18;8;1;25;74;2020;1;16;3;2;0;3;0;0;1;0;0;0;0;507465,8747;5438305,609;9,102272867;49,09755476;1
6622;8,20011E+18;8;1;16;35;2020;1;21;3;2;2;6;2;0;1;0;0;1;0;525807,4394;5391200,212;9,35055109;48,67331618;0
6623;8,20011E+18;8;1;15;28;2020;1;15;3;2;1;6;0;0;0;0;0;1;1;500689,3782;5403349,506;9,009384462;48,78314472;1
6624;8,20011E+18;8;1;17;51;2020;1;15;3;3;2;6;0;0;1;0;0;0;0;543763,1363;5395044,896;9,594845691;48,70690117;0
6625;8,20011E+18;8;1;17;26;2020;1;8;3;3;4;1;1;0;1;0;0;0;0;545471,4216;5395452,259;9,618108871;48,71044341;2
6626;8,20011E+18;8;1;17;26;2020;1;13;3;3;8;1;0;0;1;0;0;0;0;552237,7518;5397863,688;9,710384469;48,73160497;1
6627;8,20011E+18;8;1;16;76;2020;1;17;3;2;6;6;2;0;0;1;0;0;1;528711,0761;5399428,955;9,390563741;48,74721405;1
6628;8,20011E+18;8;1;15;45;2020;1;19;3;3;5;3;2;0;1;0;0;0;0;501720,532;5394889,658;9,023386155;48,70703779;0
6629;8,20011E+18;8;1;15;10;2020;1;13;3;3;2;6;0;0;1;0;0;0;0;486904,7527;5387835,878;8,822228036;48,64344629;1
6630;8,20011E+18;8;1;11;0;2020;1;14;3;3;6;4;0;0;1;1;0;0;0;511760,9329;5406565,502;9,160192605;48,81196468;1
6631;8,20011E+18;8;1;11;0;2020;1;8;3;3;2;6;0;0;1;0;0;0;0;512199,0763;5396616,876;9,165865407;48,72245895;1
6632;8,20011E+18;8;1;11;0;2020;1;7;3;3;2;6;1;0;1;0;0;0;0;516776,2723;5403676,712;9,228386746;48,78586235;1
6633;8,20011E+18;8;1;35;19;2020;1;17;2;1;6;4;2;0;1;1;0;0;0;584210,9203;5392420,84;10,14400595;48,67915003;0
6634;8,20011E+18;8;4;36;9;2020;1;14;2;3;2;6;0;0;1;0;0;0;0;553909,5014;5304982,515;9,721243236;47,89590647;0
6635;8,20011E+18;8;4;25;72;2020;1;12;2;3;8;1;0;0;1;0;0;0;0;577042,5891;5368943,201;10,04229159;48,46889947;1
6636;8,20011E+18;8;4;15;61;2020;1;17;2;3;3;6;2;0;1;0;0;0;0;516341,5136;5372358,206;9,221232389;48,50412933;1
6637;8,20011E+18;8;3;36;45;2020;1;5;2;3;8;1;2;0;1;0;0;0;0;401877,805;5286886,294;7,691465298;47,72789068;2
6638;8,20011E+18;8;3;27;50;2020;1;18;2;3;8;1;2;0;1;0;0;0;0;488379,225;5316539,52;8,844209962;48,00204735;1
6639;8,20011E+18;8;3;25;14;2020;1;11;2;3;8;1;0;0;1;0;0;0;0;464403,4328;5340470,207;8,520796802;48,21645907;2
6640;8,20011E+18;8;3;17;96;2020;1;18;2;3;8;1;2;0;0;0;1;0;0;422835,413;5368526,609;7,956135071;48,46513729;0
6641;8,20011E+18;8;3;17;75;2020;1;23;2;3;9;7;2;0;1;0;0;1;0;412987,6868;5359666,76;7,82478375;48,38416107;1