OBJECTID;UIDENTSTLAE;ULAND;UREGBEZ;UKREIS;UGEMEINDE;UJAHR;UMONAT;USTUNDE;UWOCHENTAG;UKATEGORIE;UART;UTYP1;ULICHTVERH;IstRad;IstPKW;IstFuss;IstKrad;IstGkfz;IstSonstige;LINREFX;LINREFY;XGCSWGS84;YGCSWGS84;STRZUSTAND
6642;8,20011E+18;8;3;15;107;2020;1;17;2;2;6;7;2;0;0;1;0;0;1;410806,0302;5308905,3;7,80596715;47,92725858;0
6643;8,20011E+18;8;2;36;40;2020;1;9;2;3;5;3;0;0;1;0;0;0;0;489792,6285;5423767,262;8,860538291;48,96673511;0
6644;8,20011E+18;8;2;36;71;2020;1;12;2;2;2;6;0;0;1;0;0;1;0;470944,1862;5418959,461;8,603362261;48,92288785;0
6645;8,20011E+18;8;2;22;0;2020;1;17;2;3;5;3;2;0;1;0;0;0;0;464967,1309;5481884,862;8,516282813;49,48859097;1
6646;8,20011E+18;8;2;21;0;2020;1;15;2;2;3;6;0;0;1;0;0;0;0;476441,574;5471004,102;8,675359838;49,39127487;0
6647;8,20011E+18;8;2;16;43;2020;1;12;2;3;2;6;0;0;1;0;0;0;0;441588,385;5410302,882;8,203896688;48,84294841;0
6648;8,20011E+18;8;1;27;71;2020;1;14;2;2;4;1;0;0;1;0;0;0;0;573792,438;5457247,438;10,01425524;49,26353615;0
6649;8,20011E+18;8;1;25;94;2020;1;7;2;3;9;1;2;0;1;0;0;0;0;516099,0938;5436750,607;9,22047423;49,08340153;2
6650;8,20011E+18;8;1;19;20;2020;1;15;2;2;6;4;0;0;1;1;0;0;0;519446,179;5404941,881;9,264793498;48,79716588;1
6651;8,20011E+18;8;1;18;10;2020;1;13;2;3;0;7;0;0;1;0;0;0;0;506895,3698;5431833,672;9,094347402;49,03934312;0
6652;8,20011E+18;8;1;16;22;2020;1;10;2;3;5;3;0;0;1;0;0;0;0;523639,8434;5382320,605;9,320601899;48,59352062;1
6653;8,20011E+18;8;1;16;36;2020;1;14;2;3;5;3;0;1;1;0;0;0;0;524480,4196;5378460,669;9,331774247;48,55876383;0
6654;8,20011E+18;8;1;16;80;2020;1;22;2;3;5;3;2;0;1;0;0;0;0;517979,092;5397725,635;9,244501429;48,73229338;0
6655;8,20011E+18;8;1;15;28;2020;1;0;2;2;8;1;2;0;1;0;0;0;0;499743,8965;5406474,628;8,99651173;48,81125844;2
6656;8,20011E+18;8;1;11;0;2020;1;21;2;3;2;6;2;0;1;0;0;0;0;513764,6535;5402142,843;9,187336441;48,77213775;0
6657;8,20011E+18;8;1;11;0;2020;1;21;2;3;3;7;2;0;1;0;0;0;0;512890,1195;5401935,631;9,175427631;48,77029242;0
6658;8,20011E+18;8;4;37;78;2020;1;11;1;3;5;3;0;0;1;0;0;0;0;508579,5776;5316807,981;9,115024711;48,0045108;0
6659;8,20011E+18;8;4;37;53;2020;1;19;1;3;9;1;2;0;1;0;0;0;0;527641,5831;5319114,463;9,370730366;48,02472201;0
6660;8,20011E+18;8;3;35;25;2020;1;20;1;3;7;7;2;0;1;0;0;0;0;497679,2451;5282737,16;8,96906889;47,69801467;0
6661;8,20011E+18;8;3;25;69;2020;1;21;1;3;2;7;2;0;1;0;0;0;0;470138,9325;5335959,543;8,598323624;48,17617406;0
6662;8,20011E+18;8;3;17;65;2020;1;20;1;3;5;3;2;0;1;0;0;0;0;414177,3682;5354964,597;7,84180792;48,34202916;0
6663;8,20011E+18;8;3;16;17;2020;1;10;1;3;2;6;0;0;1;0;0;0;0;407305,9804;5335620,869;7,75333681;48,16706822;0
6664;8,20011E+18;8;2;35;55;2020;1;22;1;3;8;1;2;0;1;0;0;0;0;474690,273;5397230,099;8,655839763;48,72758095;2
6665;8,20011E+18;8;2;36;46;2020;1;17;1;3;2;6;2;0;1;0;0;0;0;482695,2668;5417832,792;8,763820855;48,9131928;0
6666;8,20011E+18;8;2;22;0;2020;1;11;1;3;5;3;0;0;1;0;0;0;0;463078,327;5479851,38;8,490394;49,47018881;0
6667;8,20011E+18;8;2;16;7;2020;1;9;1;3;2;6;0;0;1;0;0;0;0;433583,3001;5396978,026;8,096960127;48,72228857;0
6668;8,20011E+18;8;2;16;7;2020;1;8;1;2;8;7;0;0;1;0;0;0;0;435093,1438;5398943,151;8,11717684;48,74012386;0
6669;8,20011E+18;8;1;28;115;2020;1;11;1;3;9;1;0;0;1;0;0;0;0;546493,2257;5491765,077;9,643112056;49,57668591;1
6670;8,2001E+18;8;4;26;70;2020;1;15;7;3;3;6;0;1;1;0;0;0;0;565167,826;5341914,166;9,877477848;48,22710037;0
6671;8,2001E+18;8;4;26;124;2020;1;12;7;2;9;1;0;0;1;0;0;0;0;548570,3662;5330303,629;9,652685394;48,12413656;0
6672;8,2001E+18;8;4;25;31;2020;1;6;7;3;8;1;2;0;1;0;0;0;0;569051,535;5369936,781;9,934362379;48,47876518;1
6673;8,2001E+18;8;4;25;72;2020;1;13;7;3;4;2;0;0;1;0;0;0;0;580224,4141;5371723,915;10,08586368;48,49351364;0
6674;8,2001E+18;8;3;37;39;2020;1;7;7;3;8;1;1;0;1;0;0;0;0;446482,7271;5290474,035;8,285797121;47,76541011;2
6675;8,2001E+18;8;3;36;78;2020;1;13;7;3;5;3;0;0;1;0;0;0;0;392457,3859;5290285,141;7,565035585;47,75696154;0
6676;8,2001E+18;8;3;36;69;2020;1;14;7;3;5;3;0;0;1;0;0;0;0;408757,2235;5269815,996;7,786747865;47,57534055;0
6677;8,2001E+18;8;3;35;26;2020;1;17;7;3;5;2;2;0;1;0;0;0;0;480905,2802;5282731,965;8,745506352;47,69768989;0
6678;8,2001E+18;8;3;35;79;2020;1;16;7;3;3;6;0;0;1;0;0;0;0;506105,6193;5300543,915;9,081626276;47,85820676;0
6679;8,2001E+18;8;3;17;96;2020;1;13;7;3;5;2;0;1;1;0;0;0;0;422587,396;5370224,014;7,952466266;48,48037487;0
6680;8,2001E+18;8;3;17;153;2020;1;17;7;3;7;7;2;0;1;0;0;0;1;419001,2444;5387056,83;7,900672367;48,6313285;0
6681;8,2001E+18;8;3;16;43;2020;1;13;7;3;2;6;0;0;1;0;0;0;0;410532,4012;5326717,603;7,798589078;48,08744569;0
6682;8,2001E+18;8;2;37;54;2020;1;23;7;3;8;1;2;0;1;0;0;0;0;467240,1275;5376193,816;8,556198753;48,5379931;2
6683;8,2001E+18;8;2;37;45;2020;1;7;7;3;9;1;2;0;1;0;0;0;0;461348,1552;5360439,779;8,477838769;48,3959332;1
6684;8,2001E+18;8;2;37;74;2020;1;9;7;2;9;1;0;0;1;0;0;0;0;466589,7464;5369625,008;8,547914202;48,4788651;1
6685;8,2001E+18;8;2;31;0;2020;1;16;7;3;1;7;1;0;1;0;0;0;0;477646,8526;5415507,374;8,695047093;48,8921125;0
6686;8,2001E+18;8;2;26;49;2020;1;0;7;2;8;1;2;0;1;0;0;0;0;486651,0988;5462294,28;8,816340133;49,3132393;1
6687;8,2001E+18;8;2;22;0;2020;1;15;7;3;2;6;0;0;1;0;0;0;0;464902,578;5479189,57;8,515630677;49,4643443;0
6688;8,2001E+18;8;2;22;0;2020;1;16;7;3;1;6;0;0;1;0;0;0;0;464946,4849;5479268,161;8,516229641;49,46505373;0
6689;8,2001E+18;8;2;22;0;2020;1;10;7;3;3;6;0;0;1;0;0;0;1;465062,847;5481823,537;8,517609786;49,4880449;1
6690;8,2001E+18;8;2;12;0;2020;1;0;7;3;0;1;2;0;0;0;1;0;0;455689,4293;5427751,5;8,394174131;49,0010697;1
6691;8,2001E+18;8;1;35;19;2020;1;7;7;3;5;3;2;0;1;0;0;0;0;584919,1977;5392424,938;10,15362672;48,67909095;1
6692;8,2001E+18;8;1;36;88;2020;1;23;7;3;2;6;2;0;1;0;0;0;0;588836,4045;5406137,249;10,20978638;48,80187464;0
6693;8,2001E+18;8;1;25;46;2020;1;21;7;3;5;2;2;0;1;0;1;0;0;519829,417;5433899,678;9,271420064;49,05764739;0
6694;8,2001E+18;8;2;25;58;2020;1;11;7;2;5;3;0;0;1;0;0;0;0;507508,826;5466809,948;9,103394858;49,35395784;1
6695;8,2001E+18;8;1;25;7;2020;1;12;7;3;5;3;0;0;1;0;0;0;0;511380,775;5451945,831;9,156287375;49,22019315;1
6696;8,2001E+18;8;1;19;8;2020;1;12;7;3;6;3;0;0;1;1;0;0;0;531961,145;5421167,526;9,436470064;48,94260721;0
6697;8,2001E+18;8;1;16;33;2020;1;0;7;3;5;3;2;1;1;0;0;0;0;531619,4224;5389206,031;9,429342695;48,65510947;1
6698;8,20012E+18;8;1;17;28;2020;1;11;1;3;2;6;0;0;1;0;0;0;0;547527,9301;5382917,672;9,644622784;48,59753407;0
6699;8,20012E+18;8;1;16;58;2020;1;21;1;3;3;2;2;0;1;0;0;0;0;534476,6054;5395225,542;9,468639616;48,70910874;0
6700;8,20012E+18;8;1;11;0;2020;1;22;1;3;5;3;2;0;1;0;0;0;0;513700,4873;5403168,967;9,186497337;48,78137009;1
6701;8,20012E+18;8;4;37;107;2020;1;11;7;3;8;1;0;0;1;0;0;0;0;507139,133;5330427,797;9,09594044;48,12706696;2
6702;8,20012E+18;8;4;37;100;2020;1;10;7;3;8;1;0;0;1;0;0;0;0;535800,3666;5321886,908;9,480384687;48,04925997;1
6703;8,20012E+18;8;4;37;76;2020;1;8;7;2;6;1;0;0;1;1;0;0;0;526485,0926;5321693,851;9,355379322;48,04797766;1
6704;8,20012E+18;8;4;36;55;2020;1;5;7;3;8;1;2;0;1;0;0;0;0;574891,8871;5300689,336;10,00117941;47,85517888;1
6705;8,20012E+18;8;4;17;75;2020;1;6;7;3;1;1;2;0;1;0;0;0;0;513089,8271;5337192,352;9,176117712;48,18783239;2
6706;8,20012E+18;8;4;16;25;2020;1;16;7;3;8;1;0;0;1;0;0;0;0;506416,8909;5361680,346;9,086708802;48,40824621;1
6707;8,20012E+18;8;4;15;53;2020;1;12;7;3;1;5;0;0;1;0;0;0;1;535433,3621;5356728,963;9,478370391;48,36273879;1
6708;8,20012E+18;8;4;15;53;2020;1;6;7;3;9;1;1;0;1;0;0;0;0;536578,184;5354141,68;9,493600693;48,3393975;2
6709;8,20012E+18;8;3;35;80;2020;1;16;7;3;5;3;0;0;1;0;0;0;0;474779,3105;5295948,476;8,663094175;47,8163942;0
6710;8,20012E+18;8;3;27;19;2020;1;12;7;3;9;1;0;0;1;0;0;0;0;484513,9166;5330048,449;8,791902011;48,12350562;2
6711;8,20012E+18;8;3;27;4;2020;1;5;7;3;8;1;2;0;1;0;0;0;0;494732,875;5322934,93;8,929309291;48,05967163;2
6712;8,20012E+18;8;3;26;6;2020;1;5;7;2;8;1;2;0;1;0;0;0;0;453404,168;5309765,23;8,376081124;47,9395084;2
6713;8,20012E+18;8;3;25;69;2020;1;10;7;2;9;1;0;0;1;0;0;0;0;466115,3826;5334164,982;8,544345522;48,15982719;2
6714;8,20012E+18;8;3;25;60;2020;1;9;7;3;4;1;0;0;1;0;0;0;1;470816,3667;5340566,896;8,607119122;48,21765636;2
6715;8,20012E+18;8;3;26;12;2020;1;22;7;3;4;6;2;0;1;0;0;0;0;464792,1125;5315509,686;8,528089107;47,99191803;1
6716;8,20012E+18;8;3;17;73;2020;1;23;7;2;2;6;2;0;1;0;0;0;0;410312,156;5352966,435;7,790083351;48,32351943;0
6717;8,20012E+18;8;3;15;50;2020;1;22;7;3;4;6;2;0;1;0;0;0;0;400025,8968;5304050,952;7,6628181;47,88200339;0
6718;8,20012E+18;8;2;37;40;2020;1;20;7;3;5;3;2;0;1;0;0;0;0;473619,5948;5366546,752;8,643229504;48,45150655;1
6719;8,20012E+18;8;2;35;25;2020;1;7;7;3;9;1;1;0;1;0;0;0;0;462306,2172;5389714,855;8,488133734;48,6593498;2
6720;8,20012E+18;8;2;36;46;2020;1;13;7;3;2;6;0;0;1;0;0;0;1;483769,8444;5416675,658;8,778532836;48,90281268;1
6721;8,20012E+18;8;2;31;0;2020;1;19;7;3;1;6;2;0;1;0;0;0;0;478524,5418;5414899,324;8,70705276;48,88667372;1
6722;8,20012E+18;8;2;25;32;2020;1;13;7;3;5;3;0;0;1;0;0;0;0;534756,2165;5495430,487;9,481092476;49,61044218;0
6723;8,20012E+18;8;2;21;0;2020;1;11;7;3;3;2;0;1;1;0;0;0;0;476326,6718;5471751,291;8,673731974;49,39799127;0
6724;8,20012E+18;8;2;21;0;2020;1;18;7;2;4;2;2;0;1;0;0;0;0;482308,4474;5473744,468;8,756083645;49,41612293;0
6725;8,20012E+18;8;2;15;99;2020;1;19;7;3;5;3;2;0;1;0;0;0;0;459835,0968;5443792,802;8,449259123;49,14564628;1
6726;8,20012E+18;8;2;15;82;2020;1;10;7;3;3;2;0;0;1;0;0;0;0;488802,1229;5440884,887;8,846532124;49,12069982;0
6727;8,20012E+18;8;2;15;97;2020;1;15;7;3;4;7;0;0;1;0;0;0;0;481984,6508;5442180,518;8,753040943;49,13219245;1
6728;8,20012E+18;8;2;15;9;2020;1;22;7;3;3;6;2;0;1;0;0;0;0;469009,8698;5442996,853;8,575120594;49,1390181;0
6729;8,20012E+18;8;2;15;100;2020;1;11;7;3;2;6;0;0;1;0;0;0;0;470988,8827;5451292,711;8,601654074;49,21373701;0
6730;8,20012E+18;8;1;28;115;2020;1;20;7;3;9;1;2;0;1;0;0;0;0;549026,3892;5495759,537;9,678647555;49,61241231;0
6731;8,20012E+18;8;1;28;115;2020;1;12;7;3;5;2;0;0;1;0;0;0;0;547373,1008;5498143,87;9,656051417;49,63398901;0
6732;8,20012E+18;8;1;27;14;2020;1;1;7;3;8;1;2;0;1;0;0;0;0;575762,4257;5439267,419;10,03793965;49,10158575;0
6733;8,20012E+18;8;1;25;58;2020;1;23;7;3;1;1;2;0;1;0;0;0;1;510248,7118;5443400,537;9,140523471;49,14334561;1
6734;8,20012E+18;8;1;21;0;2020;1;21;7;3;1;7;2;1;1;0;0;0;0;515116,1132;5441670,963;9,207196779;49,12768698;1
6735;8,20012E+18;8;1;19;79;2020;1;18;7;3;5;2;2;0;1;0;0;0;0;524325,1534;5408507,397;9,331439521;48,82906864;1
6736;8,20012E+18;8;1;18;21;2020;1;17;7;2;6;4;2;0;0;1;0;0;1;521286,3976;5427331;9,291017785;48,99851051;1
6737;8,20012E+18;8;1;18;1;2020;1;16;7;3;5;2;0;0;1;0;0;0;0;523705,8777;5418941,738;9,323606672;48,92295645;1
6738;8,20012E+18;8;1;18;7;2020;1;18;7;3;3;6;2;0;1;0;1;0;0;510647,4252;5427325,498;9,145567267;48,9987362;1
6739;8,20012E+18;8;1;18;81;2020;1;12;7;3;2;6;0;0;1;0;0;0;0;518495,3784;5414569,461;9,252281419;48,88380247;1
6740;8,20012E+18;8;1;16;33;2020;1;11;7;3;2;6;0;0;1;0;0;0;0;535424,4701;5387587,329;9,48086907;48,64034371;0
6741;8,20012E+18;8;1;11;0;2020;1;17;7;3;5;3;2;0;1;0;0;0;0;513558,2458;5406240,713;9,184662482;48,8090063;1
6742;8,20012E+18;8;1;11;0;2020;1;23;7;3;8;7;2;0;1;0;0;0;0;515479,9286;5405875,067;9,210821722;48,8056721;0
6743;8,20012E+18;8;1;11;0;2020;1;23;7;3;2;6;2;0;1;0;0;0;0;515900,7499;5404559,865;9,216501936;48,7938301;0
6744;8,20012E+18;8;1;11;0;2020;1;18;7;3;5;2;2;1;1;0;0;0;0;508076,8128;5397430,506;9,109832899;48,72984544;0
6745;8,20012E+18;8;4;37;88;2020;1;20;6;3;2;6;2;0;1;0;0;0;0;519053,252;5307778,397;9,255041932;47,92304381;1
6746;8,20012E+18;8;4;26;124;2020;1;6;6;3;7;7;2;0;1;0;0;0;0;546867,7639;5332023,523;9,629996636;48,13973712;1
6747;8,20012E+18;8;4;26;134;2020;1;17;6;3;2;1;2;0;1;0;0;0;0;559109,5935;5337105,614;9,795243008;48,18443625;1
6748;8,20012E+18;8;4;26;21;2020;1;21;6;3;4;6;2;0;1;0;0;0;0;565434,712;5324943,715;9,878461383;48,07440861;1
6749;8,20012E+18;8;4;26;66;2020;1;19;6;3;5;3;2;0;1;0;0;0;0;582195,572;5320403,738;10,10256495;48,03162919;1
6750;8,20012E+18;8;4;21;0;2020;1;15;6;3;2;6;0;0;1;0;0;0;0;572736,3473;5361562,419;9,982761213;48,40302086;0
6751;8,20012E+18;8;4;21;0;2020;1;10;6;3;2;6;0;0;1;0;0;0;0;572574,66;5360397,172;9,98037551;48,39255782;0
6752;8,20012E+18;8;4;21;0;2020;1;16;6;3;0;6;0;0;1;0;0;0;0;572820,1475;5361601,716;9,983900105;48,40336467;0
6753;8,20012E+18;8;4;16;36;2020;1;6;6;3;1;6;2;0;0;0;0;0;1;494328,2782;5374770;8,923182835;48,52601371;0
6754;8,20012E+18;8;4;15;87;2020;1;5;6;3;0;6;2;0;1;0;0;0;0;512991,0849;5380263,372;9,176120871;48,57532478;1
6755;8,20012E+18;8;4;15;61;2020;1;15;6;3;5;2;0;1;1;0;0;0;0;515348,794;5370729,556;9,207733118;48,48950248;0
6756;8,20012E+18;8;4;15;27;2020;1;7;6;3;8;1;0;0;1;0;0;0;0;526620,9183;5359574,292;9,359580472;48,38876974;2
6757;8,20012E+18;8;3;37;65;2020;1;18;6;3;5;3;2;0;1;0;0;0;0;447189,5479;5275707,675;8,297017316;47,63261575;1
6758;8,20012E+18;8;3;37;97;2020;1;9;6;3;5;3;0;0;1;0;0;0;0;434461,3948;5290195,605;8,125428628;47,76179489;0
6759;8,20012E+18;8;3;36;69;2020;1;17;6;3;5;3;2;0;1;0;0;0;0;409478,7721;5270033,128;7,79629531;47,57739492;1
6760;8,20012E+18;8;3;27;50;2020;1;18;6;2;5;3;2;0;1;0;0;0;0;485008,6613;5315124,157;8,799073327;47,98924297;1
6761;8,20012E+18;8;3;27;50;2020;1;7;6;2;5;3;2;0;1;0;0;0;0;482225,4163;5311262,808;8,761929952;47,95443051;0
6762;8,20012E+18;8;3;26;74;2020;1;18;6;2;5;2;2;0;1;0;0;0;0;460812,155;5324652,576;8,473909103;48,07394285;1
6763;8,20012E+18;8;3;17;26;2020;1;21;6;3;5;3;2;0;1;0;0;0;0;411685,2732;5346741,869;7,809905011;48,26772419;1
6764;8,20012E+18;8;3;17;65;2020;1;9;6;2;6;4;0;0;1;1;0;0;0;416920,2032;5354774,177;7,878853056;48,34068305;0
6765;8,20012E+18;8;3;17;141;2020;1;20;6;3;0;1;2;0;0;0;1;0;0;415642,687;5379272,875;7,856679899;48,56087201;1
6766;8,20012E+18;8;3;15;108;2020;1;15;6;3;1;6;0;0;1;0;0;0;0;404657,4087;5304643,055;7,724618865;47,88803407;0
6767;8,20012E+18;8;3;11;0;2020;1;17;6;3;9;1;0;0;1;0;0;0;0;415396,081;5315539,389;7,866095856;47,98755785;1
6768;8,20012E+18;8;3;36;91;2020;1;16;6;3;5;3;2;1;1;0;0;0;0;394649,213;5271729,533;7,598748725;47,59041577;1
6769;8,20012E+18;8;3;36;69;2020;1;7;6;1;6;7;1;0;1;1;0;0;0;405992,1457;5273759,099;7,749144505;47,61041671;0
6770;8,20012E+18;8;2;37;54;2020;1;23;6;2;5;3;2;1;1;0;0;0;0;468436,165;5375980,455;8,572417277;48,536135;1
6771;8,20012E+18;8;2;37;19;2020;1;16;6;3;5;3;1;0;1;0;0;0;0;463574,909;5368896,236;8,507184393;48,47214153;1
6772;8,20012E+18;8;2;35;65;2020;1;9;6;3;9;1;0;0;1;0;0;0;0;474703,0126;5405961,849;8,655476077;48,80613072;2
6773;8,20012E+18;8;2;36;13;2020;1;11;6;3;1;6;0;0;1;0;0;0;0;472186,4858;5409884,339;8,620937806;48,84130872;0
6774;8,20012E+18;8;2;31;0;2020;1;20;6;3;8;7;2;0;0;0;1;0;0;477083,6844;5411435,188;8,687592359;48,85545984;1
6775;8,20012E+18;8;2;26;68;2020;1;17;6;3;1;6;2;0;1;0;0;0;0;469923,9891;5461631,271;8,586255933;49,30668074;0
6776;8,20012E+18;8;2;25;14;2020;1;13;6;3;3;6;0;0;1;0;0;0;0;525834,016;5482419,388;9,356741792;49,49386022;0
6777;8,20012E+18;8;2;26;98;2020;1;13;6;2;5;3;0;0;1;0;1;0;0;477123,7387;5458970,108;8,685450648;49,28305568;0
6778;8,20012E+18;8;2;16;43;2020;1;13;6;3;5;2;0;0;1;0;0;0;0;439030,3558;5411714,594;8,168826402;48,85540063;1
6779;8,20012E+18;8;2;12;0;2020;1;14;6;3;2;6;0;0;1;0;0;0;0;459065,7668;5424497,388;8,440661637;48,97203141;1
6780;8,20012E+18;8;1;36;88;2020;1;12;6;3;5;2;0;1;1;0;0;0;0;580491,838;5409265,47;10,0967855;48,83114721;0
6781;8,20012E+18;8;1;36;88;2020;1;17;6;2;5;3;2;0;1;0;0;0;0;587676,302;5406799,809;10,19413305;48,80799839;1
6782;8,20012E+18;8;1;36;88;2020;1;17;6;2;2;1;1;0;1;0;0;0;0;581707,8839;5413922,057;10,11428128;48,87287043;1
6783;8,20012E+18;8;1;28;115;2020;1;12;6;3;5;3;0;0;1;0;0;0;0;550633,334;5494246,425;9,700694877;49,59867085;0
6784;8,20012E+18;8;1;28;139;2020;1;8;6;3;2;6;0;0;1;0;0;0;0;553127,3152;5488080,666;9,734372727;49,54300206;1
6785;8,20012E+18;8;1;28;7;2020;1;14;6;3;5;3;0;0;1;0;0;0;0;563308,276;5480424,977;9,873859716;49,47316992;0
6786;8,20012E+18;8;1;27;59;2020;1;15;6;3;5;3;0;0;1;0;0;0;0;548551,7745;5438326,792;9,665076387;49,09587473;0
6787;8,20012E+18;8;1;26;46;2020;1;9;6;3;8;6;0;1;1;0;0;0;0;550432,276;5458554,364;9,693371855;49,27766373;0
6788;8,20012E+18;8;1;26;46;2020;1;10;6;3;4;2;0;0;1;0;0;0;1;549763,4274;5459354,757;9,684276439;49,28491771;0
6789;8,20012E+18;8;1;25;63;2020;1;18;6;3;1;6;2;0;1;0;0;0;0;526373,1902;5463350,53;9,362920541;49,32231652;1
6790;8,20012E+18;8;1;21;0;2020;1;13;6;3;1;6;0;0;1;0;0;0;0;516230,6764;5441206,027;9,222455286;49,1234763;0
6791;8,20012E+18;8;1;19;79;2020;1;11;6;2;5;3;0;0;1;0;1;0;0;524993,1545;5409762,994;9,340617691;48,8403371;1
6792;8,20012E+18;8;1;19;86;2020;1;14;6;3;0;7;0;0;0;0;0;0;1;535195,425;5405287,939;9,479270405;48,79958676;1
6793;8,20012E+18;8;1;19;38;2020;1;14;6;3;8;1;0;1;0;0;0;0;0;524403,572;5421100,507;9,333259894;48,94234869;1
6794;8,20012E+18;8;1;18;48;2020;1;7;6;3;2;6;1;0;1;0;0;0;0;514279,5991;5414987,944;9,194792193;48,8876785;0
6795;8,20012E+18;8;1;18;79;2020;1;12;6;3;2;6;0;0;1;0;0;0;0;509988,2929;5422004,566;9,136425231;48,95088208;0
6796;8,20012E+18;8;1;15;28;2020;1;18;6;3;2;6;2;0;1;0;0;0;0;502268,9497;5401507,235;9,030876902;48,76656795;0
6797;8,20012E+18;8;1;15;21;2020;1;19;6;3;2;6;2;0;1;0;0;0;0;492365,7555;5382531,369;8,89646028;48,59581643;1
6798;8,20012E+18;8;1;15;13;2020;1;17;6;3;2;6;2;0;1;0;0;0;0;495162,674;5387767,764;8,934332482;48,64295199;1
6799;8,20012E+18;8;1;18;48;2020;1;12;6;3;4;7;0;0;1;0;0;0;1;516207,1778;5414039,356;9,221049055;48,87909784;0
6800;8,20012E+18;8;1;17;38;2020;1;13;6;2;8;1;0;0;1;0;0;0;0;547259,5189;5397461,467;9,642643737;48,72838427;0
6801;8,20012E+18;8;1;17;6;2020;1;19;6;3;1;6;2;0;1;0;0;0;0;549858,9668;5380397,82;9,675934098;48,57468508;1
6802;8,20012E+18;8;1;11;0;2020;1;14;6;3;2;6;0;0;1;0;0;0;0;517749,6041;5404168,166;9,241658479;48,7902564;0
6803;8,20012E+18;8;1;11;0;2020;1;17;6;3;5;2;2;1;1;0;0;0;0;513687,334;5403072,523;9,186315078;48,78050278;1
6804;8,20012E+18;8;4;36;55;2020;1;6;5;3;5;3;2;0;1;0;0;0;0;573972,716;5296220,991;9,98812998;47,81508766;0
6805;8,20012E+18;8;4;35;52;2020;1;17;5;3;5;3;2;0;1;0;0;0;0;520696,949;5291642,459;9,276271639;47,77781268;0
6806;8,20012E+18;8;4;26;109;2020;1;17;5;3;4;6;2;0;1;0;0;0;0;548161,8149;5329091,077;9,647058672;48,11325897;0
6807;8,20012E+18;8;4;21;0;2020;1;13;5;3;4;2;0;0;1;0;0;0;0;571883,9126;5365256,259;9,971878686;48,4363456;0
6808;8,20012E+18;8;4;16;41;2020;1;13;5;3;2;3;0;0;1;0;0;0;0;505418,2348;5373342,877;9,073365426;48,51317703;0
6809;8,20012E+18;8;3;37;65;2020;1;18;5;3;2;6;2;0;1;0;0;0;0;449190,5821;5274850,216;8,323751518;47,62506119;1
6810;8,20012E+18;8;3;36;91;2020;1;17;5;3;2;6;2;0;1;0;1;0;0;396026,573;5273377,342;7,616672487;47,60546044;0
6811;8,20012E+18;8;3;35;43;2020;1;15;5;3;0;7;0;0;0;0;0;0;1;513454,3717;5279340,436;9,179215232;47,66731622;0
6812;8,20012E+18;8;3;26;5;2020;1;16;5;1;9;1;0;0;0;0;1;0;1;465768,2067;5302176,154;8,542231767;47,87200916;0
6813;8,20012E+18;8;3;26;37;2020;1;7;5;3;4;6;1;0;1;0;0;0;0;457524,2883;5327091,676;8,429529568;48,09567592;0
6814;8,20012E+18;8;3;26;52;2020;1;18;5;3;2;1;2;0;1;0;0;0;0;454150,4452;5330515,967;8,383851586;48,12624866;0
6815;8,20012E+18;8;3;26;6;2020;1;7;5;3;4;6;1;0;1;0;0;0;1;457456,1036;5308907,824;8,430418422;47,93207637;0
6816;8,20012E+18;8;3;26;27;2020;1;14;5;3;6;4;0;0;1;1;0;0;0;461815,9984;5308014,772;8,488865725;47,92431629;0
6817;8,20012E+18;8;3;17;65;2020;1;15;5;3;2;6;0;0;1;0;0;0;0;414122,8402;5354145,921;7,841239128;48,33465792;0
6818;8,20012E+18;8;3;15;109;2020;1;8;5;3;2;6;0;0;1;0;1;0;0;422368,5756;5313712,545;7,959858251;47,97200844;0
6819;8,20012E+18;8;3;36;82;2020;1;12;5;3;4;6;0;0;0;0;0;1;0;417106,6785;5271170,273;7,897492242;47,58864438;0
6820;8,20012E+18;8;2;35;80;2020;1;16;5;3;2;6;0;0;1;0;0;0;1;485220,289;5390348,996;8,799271337;48,666017;0
6821;8,20012E+18;8;2;35;73;2020;1;9;5;2;6;7;0;0;1;1;0;0;0;478689,8805;5407947,503;8,709669976;48,82414274;1
6822;8,20012E+18;8;2;37;19;2020;1;18;5;3;5;3;2;0;1;0;0;0;0;460659,908;5368229,825;8,467810097;48,46597084;0
6823;8,20012E+18;8;2;35;85;2020;1;11;5;3;2;6;0;0;1;0;0;0;0;480575,9626;5398073,255;8,735832283;48,73537718;0
6824;8,20012E+18;8;2;37;40;2020;1;19;5;1;2;6;2;1;1;0;0;0;0;472603,3758;5369516,833;8,629291842;48,47818278;0
6825;8,20012E+18;8;2;31;0;2020;1;14;5;3;8;1;0;0;1;0;0;0;0;480541,575;5414836,433;8,734569828;48,88617459;0
6826;8,20012E+18;8;2;26;103;2020;1;7;5;3;2;6;2;0;1;0;0;0;0;472198,1189;5458248,206;8,617774842;49,27635798;0
6827;8,20012E+18;8;2;22;0;2020;1;9;5;3;5;3;0;0;1;0;0;0;0;461697,8157;5480625,366;8,471265601;49,4770649;0
6828;8,20012E+18;8;2;22;0;2020;1;14;5;3;6;2;0;0;1;1;0;0;0;464992,8396;5481899,755;8,516636454;49,48872641;0