OBJECTID;UIDENTSTLAE;ULAND;UREGBEZ;UKREIS;UGEMEINDE;UJAHR;UMONAT;USTUNDE;UWOCHENTAG;UKATEGORIE;UART;UTYP1;ULICHTVERH;IstRad;IstPKW;IstFuss;IstKrad;IstGkfz;IstSonstige;LINREFX;LINREFY;XGCSWGS84;YGCSWGS84;STRZUSTAND
6829;8,20012E+18;8;2;26;12;2020;1;15;5;3;2;6;0;0;1;0;0;1;0;474387,4649;5478149,037;8,646593051;49,45545907;0
6830;8,20012E+18;8;2;21;0;2020;1;18;5;3;2;6;2;0;1;0;0;0;0;478081,5773;5473329,527;8,697830773;49,412253;0
6831;8,20012E+18;8;2;15;111;2020;1;13;5;3;5;3;0;1;1;0;0;0;0;457138,9948;5444717,754;8,412193746;49,15378389;0
6832;8,20012E+18;8;2;15;47;2020;1;12;5;3;0;1;0;0;0;0;1;0;0;460023,0414;5414070,702;8,45476357;48,87830266;0
6833;8,20012E+18;8;2;12;0;2020;1;6;5;3;5;2;1;1;1;0;0;0;0;458071,4523;5427696,516;8,426745702;49,00074151;0
6834;8,20012E+18;8;2;12;0;2020;1;16;5;3;5;2;1;0;1;0;0;0;0;458620,281;5428008,345;8,434217223;49,00358349;0
6835;8,20012E+18;8;1;35;31;2020;1;14;5;2;5;3;0;0;1;0;0;0;0;595839,05;5377842,091;10,29856697;48,54635336;0
6836;8,20012E+18;8;1;35;19;2020;1;13;5;3;2;6;0;0;1;0;1;0;0;585167,1135;5391459,738;10,15679514;48,67037589;0
6837;8,20012E+18;8;1;28;131;2020;1;16;5;3;5;3;0;1;1;0;0;0;0;536603,2928;5513012,194;9,508304853;49,76846623;0
6838;8,20012E+18;8;1;27;25;2020;1;22;5;3;9;1;2;0;1;0;0;0;0;555487,4338;5428793,318;9,758768657;49,00953716;1
6839;8,20012E+18;8;1;27;25;2020;1;21;5;3;8;1;2;0;1;0;0;0;0;555230,8226;5428282;9,755190361;49,00496096;1
6840;8,20012E+18;8;1;36;88;2020;1;8;5;3;5;3;0;0;1;0;0;0;1;589028,211;5406617,967;10,21250205;48,80617073;0
6841;8,20012E+18;8;1;25;110;2020;1;12;5;3;1;6;0;0;1;0;0;0;0;527939,8649;5442685,39;9,383039248;49,13636273;0
6842;8,20012E+18;8;1;25;102;2020;1;7;5;3;4;6;2;0;1;0;0;0;0;521962,5089;5443887,487;9,301160048;49,14741869;0
6843;8,20012E+18;8;1;25;17;2020;1;19;5;3;2;6;2;0;1;0;0;0;0;502616,8741;5432173,668;9,035808168;49,04243459;0
6844;8,20012E+18;8;1;19;79;2020;1;14;5;3;2;6;0;0;1;0;0;0;0;526465,7888;5411827,696;9,360820424;48,85884945;0
6845;8,20012E+18;8;1;19;44;2020;1;10;5;3;5;2;0;1;1;0;0;0;0;541132,6029;5425444,532;9,562144609;48,98053801;1
6846;8,20012E+18;8;1;19;44;2020;1;16;5;3;9;1;0;0;0;0;1;0;0;543464,3031;5421786,986;9,593618746;48,94747803;0
6847;8,20012E+18;8;1;18;67;2020;1;7;5;3;2;6;0;0;1;0;0;0;0;506701,0856;5412959,075;9,091378435;48,8695555;0
6848;8,20012E+18;8;1;18;68;2020;1;17;5;3;8;1;2;0;0;0;1;0;0;501448,0663;5426282,691;9,01979369;48,98944563;1
6849;8,20012E+18;8;1;18;1;2020;1;14;5;2;2;6;0;0;1;0;1;0;0;524261,919;5418858,689;9,331192068;48,92218783;1
6850;8,20012E+18;8;1;11;0;2020;1;13;5;2;2;6;0;0;0;0;0;1;0;507114,656;5409299,578;9,096954435;48,83663067;0
6851;8,20012E+18;8;1;17;44;2020;1;19;5;3;8;1;2;0;1;0;0;0;0;538065,9253;5392215,645;9,517149766;48,68182376;1
6852;8,20012E+18;8;1;17;2;2020;1;8;5;2;5;3;0;0;1;0;0;0;0;541080,0082;5386835,832;9,557562073;48,63323734;0
6853;8,20012E+18;8;1;16;72;2020;1;17;5;3;2;2;1;0;1;0;0;0;0;531373,4089;5392170,048;9,426227126;48,68178584;0
6854;8,20012E+18;8;1;16;77;2020;1;20;5;3;0;1;2;1;0;0;0;0;0;517140,423;5388828,471;9,232727123;48,65227791;0
6855;8,20012E+18;8;1;16;54;2020;1;21;5;3;2;7;2;0;1;0;1;0;0;533259,3893;5381498,76;9,450992105;48,58569022;0
6856;8,20012E+18;8;1;15;50;2020;1;16;5;3;2;2;0;0;1;0;0;0;1;493558,1954;5399612,453;8,912366688;48,74949331;0
6857;8,20012E+18;8;1;15;3;2020;1;16;5;3;5;3;0;1;1;0;0;0;0;500814,2667;5392724,664;9,011063568;48,68756315;0
6858;8,20012E+18;8;1;15;13;2020;1;16;5;3;2;6;0;0;1;0;0;0;0;494866,795;5389444,938;8,930295084;48,65803775;0
6859;8,20012E+18;8;1;15;24;2020;1;8;5;3;3;6;0;0;1;0;0;1;0;500468,3503;5387260,875;9,006357364;48,63841047;0
6860;8,20012E+18;8;1;11;0;2020;1;17;5;3;2;6;2;0;1;0;0;0;1;508091,2233;5406157,55;9,110200522;48,80835341;0
6861;8,20012E+18;8;1;11;0;2020;1;18;5;3;2;6;2;0;1;0;0;0;0;512885,2109;5407396,921;9,175532142;48,81942172;0
6862;8,20012E+18;8;1;11;0;2020;1;10;5;3;2;6;0;0;1;0;0;1;0;508428,6445;5406121,373;9,114795365;48,80802347;0
6863;8,20012E+18;8;4;37;101;2020;1;9;4;3;5;3;0;0;1;0;0;0;0;522112,8505;5324619,479;9,296864384;48,07446593;0
6864;8,20012E+18;8;4;26;35;2020;1;8;4;3;4;2;0;0;1;0;0;1;0;539480,9756;5329119,465;9,530439132;48,11411182;0
6865;8,20012E+18;8;4;21;0;2020;1;5;4;2;5;3;2;0;1;0;0;0;0;571871,0415;5356435,554;9,970194756;48,35700244;0
6866;8,20012E+18;8;4;21;0;2020;1;8;4;3;2;6;0;0;1;0;0;0;0;572054,0854;5362497,111;9,973704873;48,41150701;0
6867;8,20012E+18;8;4;17;13;2020;1;19;4;3;5;7;2;0;1;0;0;0;0;508456,909;5348434,554;9,114008561;48,28905477;0
6868;8,20012E+18;8;4;16;36;2020;1;14;4;3;3;3;0;0;1;0;0;1;0;495957,7449;5368784,069;8,945310094;48,4721745;0
6869;8,20012E+18;8;4;16;41;2020;1;14;4;3;2;2;0;0;1;0;0;0;0;505247,3937;5373210,745;9,071050498;48,51198977;0
6870;8,20012E+18;8;3;37;70;2020;1;11;4;3;4;2;0;0;1;0;0;0;0;468277,5282;5273785,157;8,577857326;47,61669447;0
6871;8,20012E+18;8;3;35;75;2020;1;19;4;3;5;2;2;0;1;0;0;0;0;488236,7072;5288705,743;8,84305745;47,75161459;0
6872;8,20012E+18;8;3;25;14;2020;1;14;4;3;5;3;0;0;1;0;0;0;0;462122,0011;5343966,451;8,489772645;48,2477808;0
6873;8,20012E+18;8;3;25;69;2020;1;11;4;3;9;6;0;0;1;0;0;0;0;471805,4918;5339134,751;8,620529989;48,20481657;0
6874;8,20012E+18;8;3;17;1;2020;1;19;4;3;5;3;2;1;1;0;0;0;0;431733,2542;5386605,319;8,073521771;48,62878676;0
6875;8,20012E+18;8;3;15;43;2020;1;9;4;2;6;4;0;0;1;1;0;0;0;405364,7307;5322723,91;7,73009669;48,05077659;0
6876;8,20012E+18;8;3;15;47;2020;1;19;4;3;5;3;2;0;1;0;1;0;0;414923,6112;5322624,581;7,858358444;48,05122911;0
6877;8,20012E+18;8;2;37;4;2020;1;20;4;3;9;1;2;0;1;0;0;0;0;457154,8826;5375018,29;8,419700239;48,52681049;0
6878;8,20012E+18;8;2;31;0;2020;1;19;4;3;5;2;2;0;1;0;0;0;0;475115,187;5416615,324;8,660441936;48,90198269;0
6879;8,20012E+18;8;2;26;95;2020;1;17;4;3;1;6;2;0;1;0;0;0;0;473253,8073;5462885,067;8,631977895;49,31811348;0
6880;8,20012E+18;8;2;26;103;2020;1;17;4;3;2;6;2;0;1;0;0;0;0;474511,3927;5457840,093;8,649603489;49,27278782;0
6881;8,20012E+18;8;2;15;108;2020;1;14;4;2;2;2;0;0;1;0;0;0;1;452167,8224;5423131,643;8,346572426;48,95925095;0
6882;8,20012E+18;8;2;15;96;2020;1;7;4;3;5;3;2;0;1;0;0;0;0;464028,4534;5414776,895;8,509328102;48,88490056;0
6883;8,20012E+18;8;2;12;0;2020;1;7;4;3;2;6;0;0;1;0;0;0;0;452442,0146;5427608,227;8,349794284;48,9995393;0
6884;8,20012E+18;8;2;15;9;2020;1;14;4;2;2;6;0;0;1;0;0;1;0;466393,5597;5438739,818;8,539606335;49,10058791;0
6885;8,20012E+18;8;2;12;0;2020;1;7;4;3;2;6;2;0;1;0;0;0;0;459363,3554;5427515,912;8,444426009;48,99920333;0
6886;8,20012E+18;8;1;36;61;2020;1;10;4;3;5;3;0;0;1;0;0;1;0;558522,4158;5415726,456;9,798389059;48,89172275;0
6887;8,20012E+18;8;1;27;14;2020;1;15;4;2;4;1;0;0;1;0;0;0;0;579415,2922;5443835,383;10,08887358;49,14220835;0
6888;8,20012E+18;8;1;26;11;2020;1;9;4;3;3;6;0;0;1;0;0;0;1;533583,4415;5444540,043;9,460561576;49,15276294;0
6889;8,20012E+18;8;1;26;11;2020;1;15;4;3;2;6;0;0;1;0;1;0;0;533564,505;5444604,856;9,460307292;49,15334697;0
6890;8,20012E+18;8;1;25;110;2020;1;9;4;3;5;3;0;0;1;0;0;0;0;526829,4409;5440944,354;9,367700488;49,12075122;0
6891;8,20012E+18;8;1;25;56;2020;1;20;4;2;8;1;2;0;0;0;1;0;0;512877,9618;5436278,822;9,176346619;49,07923343;0
6892;8,20012E+18;8;1;25;1;2020;1;17;4;3;1;6;2;0;1;0;0;0;1;521405,6914;5436928,227;9,293155672;49,08483761;0
6893;8,20012E+18;8;1;25;65;2020;1;14;4;3;5;7;0;0;1;0;1;0;0;516614,063;5450248,94;9,22808317;49,20480966;0
6894;8,20012E+18;8;1;19;67;2020;1;19;4;3;5;3;2;0;1;0;0;0;0;539959,769;5409483,99;9,544554255;48,83704431;0
6895;8,20012E+18;8;1;19;93;2020;1;9;4;3;2;6;0;0;1;0;1;0;0;523320,818;5406940,259;9,317666186;48,81500957;0
6896;8,20012E+18;8;1;18;79;2020;1;20;4;3;5;3;2;0;1;0;0;1;0;510221,5312;5420688,409;9,139577886;48,93903854;0
6897;8,20012E+18;8;1;15;28;2020;1;7;4;3;2;6;1;0;1;0;0;0;0;501986,952;5402243,831;9,027042907;48,77319531;0
6898;8,20012E+18;8;1;15;52;2020;1;10;4;3;3;6;0;0;1;0;0;0;0;493307,181;5407239,475;8,908827735;48,81810292;0
6899;8,20012E+18;8;1;18;80;2020;1;17;4;3;2;6;2;0;1;0;0;0;0;507861,6736;5409803,518;9,107144011;48,84115503;0
6900;8,20012E+18;8;4;25;139;2020;1;6;4;3;4;2;2;0;1;0;0;0;0;549401,202;5368236,659;9,668288017;48,46532252;0
6901;8,20012E+18;8;1;17;26;2020;1;7;4;2;4;2;0;0;1;0;1;0;0;545597,4912;5394514,653;9,619718902;48,70199991;0
6902;8,20012E+18;8;1;16;19;2020;1;11;4;2;5;3;0;0;1;0;1;0;0;521339,6899;5398833,988;9,290259736;48,742158;0
6903;8,20012E+18;8;1;15;16;2020;1;18;4;3;5;3;2;1;1;0;0;0;0;489062,3942;5378691,795;8,851759484;48,56122568;0
6904;8,20012E+18;8;1;11;0;2020;1;13;4;3;5;3;0;1;0;0;0;0;1;512518,9396;5399636,804;9,170306167;48,74961985;0
6905;8,20012E+18;8;1;11;0;2020;1;16;4;3;2;6;0;0;1;0;0;0;0;516973,3906;5403658,098;9,231069459;48,78568956;0
6906;8,20012E+18;8;1;11;0;2020;1;15;4;2;0;2;0;0;1;0;0;0;1;513130,015;5403480,997;9,178741813;48,78418939;0
6907;8,20012E+18;8;3;27;50;2020;1;19;1;3;4;2;2;1;1;0;0;0;0;487443,5039;5314289,761;8,831731401;47,98178821;1
6908;8,20011E+18;8;4;21;0;2020;1;14;3;2;6;1;0;0;1;1;0;0;0;569903,7046;5361937,073;9,944556508;48,40671151;0
6909;8,20011E+18;8;4;36;94;2020;1;10;3;3;2;1;0;0;1;0;0;0;1;566690,787;5287538,392;9,889537135;47,73777111;0
6910;8,20011E+18;8;4;36;9;2020;1;8;3;3;2;3;0;0;1;0;0;1;0;555286,6764;5306486,232;9,739859339;47,9093176;0
6911;8,20011E+18;8;4;36;9;2020;1;16;3;3;2;2;0;0;1;0;0;0;0;556610,1817;5308762,647;9,757868276;47,92968195;0
6912;8,20011E+18;8;4;36;55;2020;1;7;3;3;4;6;1;0;1;0;0;0;0;578294,2233;5289046,188;10,04455322;47,75003154;0
6913;8,20011E+18;8;4;35;59;2020;1;11;3;3;5;3;0;0;1;0;0;0;1;515152,2086;5292395,084;9,202284928;47,78473869;1
6914;8,20011E+18;8;4;26;1;2020;1;8;3;2;8;1;0;0;1;0;0;0;0;567287,6488;5345756,089;9,906628007;48,2614397;1
6915;8,20012E+18;8;3;26;74;2020;1;17;1;3;4;1;0;0;1;0;0;0;0;471287,3571;5321607,741;8,614737662;48,0471066;2
6916;8,20011E+18;8;4;26;87;2020;1;6;3;3;2;6;2;0;1;0;0;0;0;571396,8511;5324144,35;9,958358476;48,06657792;0
6917;8,20011E+18;8;4;25;104;2020;1;21;3;2;4;6;2;0;1;0;0;0;0;550962,3676;5341489,822;9,686168059;48,22458353;0
6918;8,20011E+18;8;4;26;71;2020;1;17;3;3;5;3;2;0;1;0;0;0;0;564051,5544;5328740,859;9,860464397;48,10870827;0
6919;8,20012E+18;8;3;17;89;2020;1;7;1;3;8;7;2;0;1;0;0;0;0;432523,446;5378259,076;8,085600122;48,55379716;1
6920;8,20011E+18;8;4;25;20;2020;1;13;3;3;5;3;0;1;1;0;0;0;0;559127,1125;5360966,233;9,798819772;48,39908132;0
6921;8,20011E+18;8;4;25;134;2020;1;19;3;3;8;6;2;0;1;0;0;0;0;543662,053;5369638,73;9,590801128;48,47836011;0
6922;8,20011E+18;8;4;16;36;2020;1;8;3;3;2;1;0;0;1;0;0;0;0;496912,8362;5371327,49;8,958213257;48,4950616;0
6923;8,20012E+18;8;3;15;102;2020;1;15;1;2;8;1;0;0;1;0;0;0;0;439828,8147;5297180,173;8,196077198;47,82515585;2
6924;8,20011E+18;8;4;15;61;2020;1;7;3;3;3;6;0;0;1;0;0;0;0;517076,7107;5372656,588;9,231197658;48,50679412;0
6925;8,20011E+18;8;4;15;53;2020;1;6;3;3;8;1;2;0;0;0;0;0;1;533894,2095;5365434,28;9,458294661;48,44113867;1
6926;8,20011E+18;8;4;15;50;2020;1;14;3;3;2;6;0;0;1;0;0;0;0;519406,61;5377423,531;9,262963243;48,54961111;0
6927;8,20011E+18;8;3;37;126;2020;1;7;3;3;2;6;2;0;1;0;0;0;1;444094,095;5274576,694;8,255960322;47,62218042;1
6928;8,20011E+18;8;3;27;18;2020;1;7;3;3;3;6;1;0;1;0;0;0;0;477871,4912;5304915,48;8,703940949;47,89718675;0
6929;8,20011E+18;8;3;27;49;2020;1;10;3;3;1;7;0;0;0;0;1;1;0;472629,0209;5324617,952;8,632546848;48,07424814;0
6930;8,20011E+18;8;3;27;46;2020;1;13;3;3;1;6;0;0;1;0;0;0;0;480037,5171;5325402,391;8,73196731;48,08158072;0
6931;8,20012E+18;8;2;36;65;2020;1;16;1;3;3;2;0;0;1;0;0;0;0;493047,144;5415078,253;8,9051523;48,88861642;0
6932;8,20011E+18;8;3;17;51;2020;1;10;3;2;5;3;0;0;1;0;0;1;0;443062,8972;5339406,964;8,233673602;48,20533783;0
6933;8,20011E+18;8;3;17;96;2020;1;13;3;3;2;6;0;0;1;0;0;0;0;423010,8178;5372757,634;7,957727931;48,50321659;0
6934;8,20011E+18;8;3;17;96;2020;1;7;3;3;0;7;2;1;0;0;0;0;0;421798,007;5368841,59;7,942044861;48,46784239;0
6935;8,20011E+18;8;3;17;1;2020;1;16;3;2;9;7;0;0;1;0;0;0;0;430318,1909;5386323,44;8,054367399;48,6260952;0
6936;8,20011E+18;8;3;17;146;2020;1;10;3;2;5;2;0;0;1;0;1;0;0;432149,7703;5355886,509;8,084163707;48,35250845;0
6937;8,20011E+18;8;3;16;11;2020;1;7;3;3;4;2;2;1;0;0;0;0;1;412742,9712;5331284,796;7,827332738;48,12883468;2
6938;8,20011E+18;8;3;11;0;2020;1;11;3;3;1;6;0;0;1;0;0;0;0;408686,1473;5314868,238;7,776329138;47,98059791;0
6939;8,20011E+18;8;2;31;0;2020;1;21;3;3;6;4;2;0;1;1;0;0;0;477671,8552;5415456,669;8,695390957;48,89165728;0
6940;8,20011E+18;8;2;31;0;2020;1;17;3;3;2;6;2;0;1;0;0;0;0;484508,0649;5413854,33;8,788713051;48,87745168;0
6941;8,20011E+18;8;2;36;61;2020;1;17;3;2;6;4;2;0;1;1;0;0;0;489310,5995;5430385,355;8,853778278;49,02626062;0
6942;8,20011E+18;8;2;26;95;2020;1;6;3;3;2;6;2;0;1;0;0;1;0;472808,8656;5460784,414;8,625998784;49,29919857;0
6943;8,20011E+18;8;2;25;1;2020;1;17;3;3;2;6;2;0;1;0;0;0;0;528389,4061;5472206,658;9,391296534;49,40188552;1
6944;8,20011E+18;8;2;26;38;2020;1;19;3;3;3;6;2;1;1;0;0;0;0;472764,8476;5479783,354;8,624091901;49,47008869;0
6945;8,20012E+18;8;2;36;46;2020;1;17;1;3;2;6;1;0;1;0;0;0;0;484226,0986;5415849,825;8,784790461;48,89539551;1
6946;8,20011E+18;8;2;15;108;2020;1;16;3;2;6;4;0;0;1;1;0;0;0;450068,4579;5424782,643;8,317692838;48,97393574;0
6947;8,20011E+18;8;2;15;105;2020;1;8;3;3;5;3;0;0;1;0;0;0;0;458267,1462;5440803,68;8,428069887;49,1186547;0
6948;8,20011E+18;8;1;36;19;2020;1;14;3;2;5;3;0;1;1;0;0;0;0;582555,4794;5424122,331;10,1279019;48,96449944;0
6949;8,20011E+18;8;1;35;25;2020;1;18;3;3;1;6;2;0;1;0;0;0;0;575286,5115;5397526,515;10,02372019;48,72621384;1
6950;8,20011E+18;8;1;26;39;2020;1;20;3;3;2;6;2;0;1;0;0;0;0;546750,8754;5461271,498;9,643079147;49,30239588;0
6951;8,20011E+18;8;1;25;102;2020;1;12;3;3;2;1;0;0;1;0;0;1;0;520615,6921;5445418,928;9,282770519;49,1612411;0
6952;8,20011E+18;8;1;25;7;2020;1;17;3;2;2;6;2;0;1;0;0;0;0;511867,5397;5452814,751;9,162997588;49,22800004;0
6953;8,20011E+18;8;1;19;79;2020;1;10;3;3;2;6;0;0;1;0;1;0;0;522013,674;5410772,157;9,300066875;48,84952808;0
6954;8,20012E+18;8;2;31;0;2020;1;20;1;3;2;6;2;0;1;0;0;0;0;478929,9714;5416901,903;8,712479868;48,90470217;1
6955;8,20011E+18;8;1;19;86;2020;1;6;3;2;6;4;2;0;1;1;0;0;0;535191,0932;5405241,121;9,479207407;48,79916585;1
6956;8,20011E+18;8;1;19;75;2020;1;17;3;3;2;6;2;0;1;0;0;0;0;535962,7359;5427937,315;9,491713426;49,00328396;1
6957;8,20012E+18;8;2;37;28;2020;1;19;1;2;5;3;2;1;1;0;0;0;0;456718,9845;5368100,318;8,414513738;48,46454694;1
6958;8,20011E+18;8;1;19;42;2020;1;10;3;2;3;6;0;0;1;0;0;0;0;526563,3257;5411933,086;9,362157002;48,85979333;0
6959;8,20011E+18;8;1;16;47;2020;1;7;3;3;2;6;1;0;1;0;0;0;0;520573,135;5393573,484;9,279570919;48,69486055;1
6960;8,20012E+18;8;2;26;6;2020;1;20;1;3;8;1;2;0;1;0;0;0;0;485092,331;5466671,911;8,794730409;49,35258018;1
6961;8,20011E+18;8;1;16;47;2020;1;18;3;3;2;6;2;0;1;0;0;0;0;520672,9369;5393567,696;9,280926833;48,69480518;0
6962;8,20011E+18;8;1;18;6;2020;1;9;3;2;4;6;0;0;1;0;0;0;0;516442,288;5421580,592;9,224559523;48,94693023;1
6963;8,20011E+18;8;4;25;141;2020;1;14;3;3;8;1;0;0;1;0;0;0;0;563186,758;5363631,286;9,854061703;48,42266108;0
6964;8,20012E+18;8;2;25;14;2020;1;17;1;3;5;3;2;0;1;0;0;0;0;522834,013;5480656,63;9,31521366;49,47812503;0
6965;8,20011E+18;8;1;16;71;2020;1;6;3;2;1;6;2;0;1;0;0;0;1;528383,7248;5389276,671;9,385412882;48,65590032;0
6966;8,20011E+18;8;1;17;35;2020;1;17;3;3;5;3;2;0;1;0;0;0;0;548795,8206;5381280,583;9,661625747;48,58270984;0
6967;8,20011E+18;8;1;11;0;2020;1;17;3;3;3;6;1;0;1;0;0;0;1;513412,291;5402544,21;9,182553916;48,77575611;0
6968;8,20011E+18;8;1;11;0;2020;1;16;3;3;2;6;0;0;1;0;0;0;0;514769,8052;5403041,966;9,201048731;48,78020313;0
6969;8,20011E+18;8;1;11;0;2020;1;13;3;3;0;3;0;0;1;0;0;0;1;512272,7201;5402223,31;9,167033778;48,77289284;0
6970;8,20011E+18;8;4;25;33;2020;1;9;2;3;0;3;0;0;1;0;1;0;0;553210,036;5348603,238;9,717323385;48,28839179;1
6971;8,20011E+18;8;4;37;82;2020;1;11;2;3;2;6;0;0;1;0;0;0;0;512956,1456;5343206,941;9,174502872;48,24194723;0
6972;8,20012E+18;8;2;22;0;2020;1;18;1;2;6;4;2;0;1;1;0;0;0;463554,8769;5480763,027;8,496887258;49,47841743;1
6973;8,20011E+18;8;4;36;81;2020;1;9;2;3;5;3;0;0;1;0;0;0;0;555135,5254;5279750,52;9,734439979;47,66879541;0
6974;8,20011E+18;8;4;36;39;2020;1;12;2;3;2;6;0;0;1;0;0;0;0;548868,2614;5289149,665;9,652015978;47,75386406;0
6975;8,20011E+18;8;4;25;140;2020;1;18;2;2;5;1;2;0;1;0;0;0;0;580690,4633;5333998,308;10,08494903;48,15411016;0
6976;8,20012E+18;8;1;35;20;2020;1;16;1;2;9;1;0;0;1;0;0;0;0;587578,4266;5379676,404;10,18705218;48,56405977;2
6977;8,20011E+18;8;4;26;70;2020;1;15;2;3;6;3;0;0;1;1;0;0;0;565501,2827;5342945,256;9,882126674;48,23634145;0
6978;8,20011E+18;8;4;25;33;2020;1;19;2;3;5;3;2;0;1;0;0;0;0;554087,1346;5346211,48;9,728840425;48,26680113;0
6979;8,20011E+18;8;4;16;36;2020;1;18;2;3;4;1;2;0;1;0;0;0;0;494032,0324;5370705,91;8,919228642;48,48944886;1
6980;8,20012E+18;8;1;35;20;2020;1;15;1;3;3;1;0;0;1;0;0;0;1;589618,6251;5388336,131;10,21656833;48,64165881;2
6981;8,20011E+18;8;3;27;38;2020;1;8;2;2;1;6;0;0;1;0;0;1;0;493971,6003;5311724,75;8,919249744;47,95880507;1
6982;8,20011E+18;8;3;26;74;2020;1;7;2;3;2;2;2;0;1;0;0;0;0;461626,8956;5326873,553;8,484646849;48,09397385;1
6983;8,20011E+18;8;3;25;49;2020;1;12;2;2;4;2;0;0;1;0;0;0;0;474984,584;5331041,079;8,663792868;48,13213295;0
6984;8,20011E+18;8;3;17;96;2020;1;17;2;3;5;3;1;1;1;0;0;0;0;423729,621;5370664,691;7,967839593;48,48447836;0
6985;8,20011E+18;8;3;17;1;2020;1;14;2;3;2;6;0;0;1;0;0;1;0;429058,5836;5387959,409;8,036996078;48,640669;0
6986;8,20011E+18;8;3;15;50;2020;1;17;2;3;1;6;2;0;1;0;0;0;0;399270,2195;5303193,303;7,652913605;47,8741708;0
6987;8,20011E+18;8;3;15;13;2020;1;16;2;2;1;6;0;0;1;0;0;0;0;404339,3854;5324900,827;7,715854258;48,07020471;0
6988;8,20012E+18;8;1;27;100;2020;1;1;1;3;8;1;2;0;1;0;0;0;0;553186,496;5437118,967;9,728400055;49,08462744;0
6989;8,20011E+18;8;3;36;69;2020;1;14;2;3;5;3;0;1;1;0;0;0;0;409676,1947;5268933,882;7,799146055;47,56753375;0
6990;8,20011E+18;8;3;36;50;2020;1;17;2;3;2;6;2;0;1;0;0;0;0;399088,1376;5275389,004;7,656930387;47,62403989;0
6991;8,20012E+18;8;1;27;62;2020;1;1;1;3;8;1;2;0;1;0;0;0;0;548105,9572;5430344,616;9,658021307;49,02411067;1
6992;8,20011E+18;8;2;36;28;2020;1;10;2;3;2;6;0;0;1;0;0;1;0;496001,8739;5420988,797;8,945401443;48,94181228;0
6993;8,20011E+18;8;2;31;0;2020;1;21;2;3;4;2;2;0;1;0;0;0;0;477647,8759;5415169,648;8,695079528;48,88907447;1
6994;8,20011E+18;8;2;36;46;2020;1;15;2;3;2;6;0;0;1;0;0;0;0;484037,6982;5416253,533;8,782204283;48,89902233;0
6995;8,20011E+18;8;2;26;38;2020;1;3;2;2;8;1;2;0;1;0;0;0;0;472276,1329;5481166,15;8,617249749;49,48250436;0
6996;8,20011E+18;8;2;21;0;2020;1;17;2;2;2;5;1;0;1;0;0;0;1;478371,2487;5473382,165;8,701821282;49,41273684;0
6997;8,20011E+18;8;2;16;23;2020;1;9;2;3;5;3;0;0;1;0;0;1;0;436700,6686;5406530,714;8,137870894;48,80853904;0
6998;8,20011E+18;8;2;15;9;2020;1;16;2;3;2;6;0;0;1;0;0;0;0;466324,5659;5438609,125;8,538672079;49,09940854;0
6999;8,20011E+18;8;2;12;0;2020;1;12;2;3;3;6;0;0;1;0;0;1;0;459258,8869;5427407,464;8,44300869;48,99822094;0
7000;8,20011E+18;8;2;12;0;2020;1;14;2;1;5;2;0;1;0;0;0;0;1;456376,3771;5425982,362;8,403755672;48,98520498;1
7001;8,20011E+18;8;2;12;0;2020;1;15;2;2;8;1;0;0;1;0;0;0;0;458869,8532;5425657,967;8,437867364;48,98245807;0
7002;8,20011E+18;8;2;15;108;2020;1;16;2;3;2;6;0;0;1;0;0;0;0;451246,8415;5426218,293;8,333621979;48,98694358;0
7003;8,20012E+18;8;1;25;6;2020;1;18;1;3;5;3;2;0;1;0;0;0;0;504722,53;5454940,573;9,064887889;49,2472191;0
7004;8,20011E+18;8;1;36;89;2020;1;20;2;3;9;1;2;0;1;0;0;0;0;583883,0631;5418420,212;10,14486241;48,91303634;1
7005;8,20011E+18;8;1;36;88;2020;1;17;2;3;5;3;2;0;1;0;0;0;0;582664,149;5406977,591;10,12591856;48,81028429;1
7006;8,20011E+18;8;2;25;114;2020;1;8;2;2;4;2;1;0;1;0;0;1;0;534170,011;5472963,059;9,47103419;49,40839203;0
7007;8,20011E+18;8;1;27;14;2020;1;15;2;3;5;3;0;1;1;0;0;0;0;577350,7527;5442671,746;10,06034827;49,13200622;0
7008;8,20011E+18;8;1;27;71;2020;1;16;2;3;8;1;1;0;1;0;0;0;0;572841,906;5453203,333;10,00045737;49,22727799;1
7009;8,20011E+18;8;1;27;14;2020;1;15;2;2;6;3;0;0;1;1;0;0;0;578396,216;5442785,927;10,07469938;49,13290065;0
7010;8,20011E+18;8;1;27;91;2020;1;5;2;3;3;6;2;0;1;0;0;0;0;575500,1273;5454437,064;10,03719322;49,23805195;1
7011;8,20011E+18;8;1;27;76;2020;1;7;2;3;6;4;2;0;1;1;0;0;0;551291,3736;5439488,454;9,702748857;49,10610133;0
7012;8,20011E+18;8;1;19;85;2020;1;6;2;3;5;3;2;0;1;0;1;0;0;532089,2435;5411810,159;9,437484094;48,85842629;0
7013;8,20011E+18;8;1;15;28;2020;1;17;2;3;2;6;2;0;1;0;0;0;0;502286,7596;5401510,48;9,031119285;48,76659708;1
7014;8,20012E+18;8;1;16;78;2020;1;9;1;3;2;6;0;0;1;0;0;0;0;513276,3177;5394201,447;9,180434394;48,70070768;1