OBJECTID;UIDENTSTLAE;ULAND;UREGBEZ;UKREIS;UGEMEINDE;UJAHR;UMONAT;USTUNDE;UWOCHENTAG;UKATEGORIE;UART;UTYP1;ULICHTVERH;IstRad;IstPKW;IstFuss;IstKrad;IstGkfz;IstSonstige;LINREFX;LINREFY;XGCSWGS84;YGCSWGS84;STRZUSTAND
7015;8,20011E+18;8;1;18;11;2020;1;7;2;3;2;6;1;0;1;0;0;0;1;506115,6034;5408337,159;9,083325579;48,82798351;0
7016;8,20012E+18;8;3;27;54;2020;1;19;7;2;5;3;2;0;1;0;0;0;0;481092,5476;5315389,364;8,746575035;47,99152527;1
7017;8,20013E+18;8;1;19;79;2020;1;16;2;3;2;6;0;0;1;0;0;0;1;523707,212;5413460,981;9,32330676;48,87365352;0
7018;8,20013E+18;8;1;19;91;2020;1;20;2;3;5;3;2;0;1;0;0;0;0;525769,5859;5406945,45;9,351021956;48,81495953;1
7019;8,20013E+18;8;1;19;84;2020;1;5;3;2;8;1;2;0;1;0;0;0;0;542064,2074;5411521,737;9,573440419;48,85523566;1
7020;8,20013E+18;8;2;22;0;2020;1;15;3;3;2;2;0;0;1;1;0;0;0;460933,4434;5482492,442;8,460529986;49,49380952;1
7021;8,20013E+18;8;1;18;73;2020;1;5;2;3;2;6;2;0;1;0;0;0;0;496771,4397;5418618,045;8,955929433;48,92049015;1
7022;8,20013E+18;8;1;18;67;2020;1;7;2;3;5;3;2;0;1;0;0;0;1;507164,595;5414268,961;9,097721957;48,88133379;0
7023;8,20013E+18;8;1;18;53;2020;1;12;2;3;2;6;0;0;1;0;0;0;0;516473,404;5427888,468;9,225239985;49,00367244;1
7024;8,20013E+18;8;1;18;48;2020;1;7;2;3;2;6;2;0;1;0;0;0;1;511607,6951;5418475,642;9,158443279;48,91910871;1
7025;8,20013E+18;8;1;18;48;2020;1;16;2;3;2;6;1;0;1;0;0;0;0;511303,6126;5418946,045;9,15430565;48,92334595;1
7026;8,20013E+18;8;1;18;7;2020;1;7;2;3;5;3;0;1;1;0;0;0;0;509625,4801;5426974,183;9,131587365;48,99559269;1
7027;8,20013E+18;8;1;18;76;2020;1;9;3;3;5;3;0;0;1;0;0;0;1;503809,3547;5421493,264;9,052025406;48,9463515;0
7028;8,20013E+18;8;1;18;71;2020;1;8;2;3;5;3;1;0;1;0;0;0;1;508882,45;5419788,752;9,121272796;48,93096618;0
7029;8,20013E+18;8;1;15;4;2020;1;1;2;3;9;1;2;0;1;0;0;0;0;486754,936;5372664,283;8,820677578;48,50695584;1
7030;8,20013E+18;8;1;18;48;2020;1;9;3;3;0;7;0;1;0;0;0;0;0;515173,4026;5415182,556;9,206991973;48,88940794;0
7031;8,20013E+18;8;1;16;77;2020;1;6;2;3;0;7;2;0;1;0;0;0;0;516880,3267;5387364,698;9,229135987;48,63911674;0
7032;8,20013E+18;8;1;11;0;2020;1;9;2;2;5;3;0;1;0;0;0;0;1;515656,0461;5403517,461;9,213130397;48,78445896;0
7033;8,20013E+18;8;1;11;0;2020;1;7;2;2;6;4;1;0;1;1;0;0;0;513725,6062;5403160,334;9,186838977;48,78129188;0
7034;8,20013E+18;8;1;18;48;2020;1;15;3;3;2;6;0;0;1;0;1;0;0;512799,765;5417002,198;9,174668565;48,90583053;0
7035;8,20013E+18;8;1;11;0;2020;1;19;2;3;5;3;2;0;1;0;0;0;0;517244,915;5398329,465;9,234542559;48,73774616;0
7036;8,20013E+18;8;1;11;0;2020;1;0;2;2;6;4;2;0;1;1;0;0;0;515816,7619;5405507,247;9,215394864;48,80235477;0
7037;8,20013E+18;8;4;37;88;2020;1;13;1;3;8;1;0;0;1;0;0;0;0;521574,1563;5309578,9;9,288875895;47,93916337;0
7038;8,20013E+18;8;4;17;75;2020;1;14;1;3;4;6;0;0;1;0;0;0;0;511013,6183;5332370,908;9,148058467;48,14449377;0
7039;8,20013E+18;8;4;17;52;2020;1;16;1;2;4;6;0;0;1;0;0;0;0;490317,4817;5338416,619;8,869698022;48,19890804;0
7040;8,20013E+18;8;3;37;126;2020;1;21;1;3;8;1;2;0;1;0;0;0;0;442437,0854;5273309,142;8,234076108;47,61063113;1
7041;8,20013E+18;8;3;37;96;2020;1;17;1;2;6;3;1;0;1;1;0;0;0;420289,334;5267366,709;7,940505415;47,55482532;1
7042;8,20013E+18;8;3;36;34;2020;1;13;1;2;3;6;0;0;1;0;0;0;0;415799,82;5277776,097;7,878844155;47,64790245;0
7043;8,20013E+18;8;3;35;79;2020;1;16;1;3;8;7;0;0;1;0;0;0;0;499887,388;5303164,165;8,998493802;47,88181118;0
7044;8,20013E+18;8;3;17;96;2020;1;22;1;3;5;3;2;1;1;0;0;0;0;423097,36;5370533,496;7,959308869;48,48322123;0
7045;8,20013E+18;8;3;17;57;2020;1;18;1;3;8;1;2;0;1;0;0;0;0;415557,8222;5371208,218;7,857163297;48,48832248;0
7046;8,20013E+18;8;3;17;34;2020;1;10;1;3;5;3;0;0;1;0;0;0;0;425875,5415;5363427,655;7,998157015;48,41963725;0
7047;8,20013E+18;8;1;18;47;2020;1;18;3;3;0;1;2;0;0;0;1;0;0;508982,6733;5427181,238;9,122804326;48,99746496;1
7048;8,20013E+18;8;3;17;89;2020;1;18;1;3;4;6;2;0;1;0;0;0;0;429131,595;5376616,884;8,039921922;48,53865135;1
7049;8,20013E+18;8;3;11;0;2020;1;14;1;2;5;3;0;0;1;0;0;0;0;404103,5456;5314546,444;7,715006454;47,97703285;0
7050;8,20013E+18;8;2;35;79;2020;1;1;1;3;8;1;2;0;1;0;0;0;0;467064,8077;5400827,946;8,551864384;48,75958992;1
7051;8,20013E+18;8;1;18;11;2020;1;16;3;3;2;6;0;0;1;0;0;0;0;505880,3019;5407965,686;9,080114254;48,82464407;0
7052;8,20013E+18;8;2;36;40;2020;1;13;1;2;9;1;0;0;1;0;0;0;0;488264,284;5419824,793;8,839770439;48,93124285;0
7053;8,20013E+18;8;2;16;43;2020;1;19;1;3;2;6;2;0;1;0;0;0;0;444397,2454;5412571,682;8,241867509;48,86361437;0
7054;8,20013E+18;8;1;36;10;2020;1;15;1;2;2;1;0;0;1;0;0;0;0;602166,3437;5411079,843;10,39249412;48,84427672;1
7055;8,20013E+18;8;1;27;102;2020;1;13;1;3;2;6;0;0;1;0;0;0;0;587047,9049;5435908,373;10,19179378;49,06988257;1
7056;8,20013E+18;8;1;26;11;2020;1;12;1;3;4;2;0;0;1;0;0;0;0;527709,4482;5446135,558;9,380117814;49,16740805;0
7057;8,20013E+18;8;1;26;28;2020;1;6;1;3;8;1;2;0;1;0;0;0;0;532682,9348;5457532,004;9,449270228;49,26967434;1
7058;8,20013E+18;8;1;25;86;2020;1;19;1;3;9;1;2;0;1;0;0;0;0;501895,308;5442589,764;9,02598342;49,13613497;1
7059;8,20013E+18;8;1;16;80;2020;1;15;3;2;2;6;0;0;1;0;0;1;0;518579,696;5393856,336;9,25249484;48,69746764;1
7060;8,20013E+18;8;2;22;0;2020;1;19;3;2;2;6;2;0;1;0;0;1;0;461342,2085;5480912,376;8,466328868;49,47962386;1
7061;8,20013E+18;8;1;15;50;2020;1;11;1;2;7;1;0;0;1;0;0;0;0;489712,4414;5402322,437;8,859982031;48,77382057;0
7062;8,20013E+18;8;1;18;73;2020;1;15;1;2;5;3;0;0;1;0;0;0;0;501490,2726;5416463,731;9,020334689;48,90111708;0
7063;8,20013E+18;8;1;18;53;2020;1;19;3;3;5;3;2;0;1;0;0;1;0;517382,5373;5428058,252;9,237677675;49,0051748;1
7064;8,20013E+18;8;1;15;21;2020;1;7;3;3;2;6;0;0;1;0;0;0;0;492530,224;5381188,792;8,898715028;48,58374026;1
7065;8,20013E+18;8;4;25;141;2020;1;20;1;2;8;1;2;1;0;0;0;0;0;565552,7674;5363338,413;9,885992095;48,41978477;1
7066;8,20013E+18;8;1;15;44;2020;1;10;1;3;5;3;0;0;1;0;1;0;0;504529,5057;5390745,618;9,061521396;48,66974352;0
7067;8,20013E+18;8;1;11;0;2020;1;17;1;3;2;6;0;0;1;0;0;0;0;510540,203;5400139,448;9,143400633;48,75417826;0
7068;8,20013E+18;8;1;17;18;2020;1;17;3;3;5;3;2;0;1;0;0;0;0;537527,3265;5395034,002;9,510088928;48,70720957;0
7069;8,20013E+18;8;4;37;100;2020;1;9;7;3;5;2;0;1;1;0;0;0;0;537657,1948;5317777,645;9,504938134;48,01218293;0
7070;8,20013E+18;8;4;36;82;2020;1;17;7;3;2;6;2;0;1;0;0;0;0;547689,7298;5295527,924;9,636993329;47,81133733;0
7071;8,20013E+18;8;4;35;35;2020;1;13;7;3;5;3;0;0;1;0;0;0;0;545043,7451;5284576,381;9,600517818;47,71299625;0
7072;8,20013E+18;8;4;35;16;2020;1;7;7;2;2;6;1;0;1;0;0;0;1;532833,4765;5283103,582;9,437626857;47,70048129;1
7073;8,20013E+18;8;4;35;24;2020;1;14;7;3;5;3;0;0;1;0;0;0;0;525528,291;5279462,726;9,340047445;47,66805262;1
7074;8,20013E+18;8;4;26;90;2020;1;1;7;3;9;1;2;0;1;0;0;0;0;547576,815;5323652,752;9,638593645;48,06437713;1
7075;8,20013E+18;8;4;25;140;2020;1;15;7;2;4;6;0;0;1;0;0;0;0;580225,2154;5335515,946;10,07898083;48,16782069;0
7076;8,20013E+18;8;1;17;26;2020;1;19;3;3;5;3;2;0;1;0;0;0;0;548939,534;5393650,537;9,665035366;48,69397352;1
7077;8,20013E+18;8;2;26;96;2020;1;6;3;2;9;1;2;0;1;0;0;0;0;473098,4754;5488099,61;8,628130083;49,54490523;1
7078;8,20013E+18;8;3;37;126;2020;1;20;7;3;9;1;2;0;1;0;0;0;0;437809,2405;5272904,211;8,172562508;47,60656039;1
7079;8,20013E+18;8;3;36;105;2020;1;17;7;3;5;2;1;0;1;0;1;0;0;401458,4601;5267173,557;7,69031432;47,55050295;0
7080;8,20013E+18;8;3;35;75;2020;1;15;7;2;8;7;0;0;1;0;0;0;0;489771,2787;5294136,971;8,863403279;47,8005083;0
7081;8,20013E+18;8;3;35;98;2020;1;20;7;3;2;6;2;0;1;0;0;0;0;503810,6188;5298017,399;9,050922081;47,83549234;1
7082;8,20013E+18;8;3;26;74;2020;1;13;7;3;5;3;0;0;1;0;0;0;0;459732,0813;5323557,782;8,45951308;48,06402604;0
7083;8,20013E+18;8;1;17;24;2020;1;19;3;3;5;3;2;0;1;0;0;0;0;560191,0564;5386473,53;9,816872734;48,62843071;1
7084;8,20013E+18;8;3;26;60;2020;1;16;7;2;5;3;0;0;1;0;0;0;1;444210,6924;5327540,105;8,250676539;48,09868341;1
7085;8,20013E+18;8;3;17;65;2020;1;16;7;3;0;3;0;0;1;0;0;0;0;417438,9197;5354800,743;7,885846453;48,34099002;0
7086;8,20013E+18;8;3;17;26;2020;1;21;7;3;5;3;2;0;1;0;0;0;0;411054,996;5346300,843;7,801506326;48,26366905;0
7087;8,20013E+18;8;2;37;54;2020;1;12;7;3;4;7;0;0;1;0;0;0;0;464929,48;5372815,125;8,525181452;48,50747329;0
7088;8,20013E+18;8;2;35;22;2020;1;11;7;3;5;3;0;0;1;0;0;1;0;471864,622;5379136,37;8,618646804;48,56468912;0
7089;8,20013E+18;8;2;31;0;2020;1;12;7;3;2;6;0;0;1;0;0;0;0;479064,639;5414684,037;8,714431169;48,88475555;1
7090;8,20013E+18;8;2;26;68;2020;1;11;7;2;2;6;0;0;0;0;0;1;0;470469,5941;5460745,406;8,593826908;49,29873909;0
7091;8,20013E+18;8;2;22;0;2020;1;21;7;3;8;1;2;0;1;0;0;0;0;465101,5093;5476685,295;8,518596618;49,44183084;0
7092;8,20013E+18;8;2;12;0;2020;1;14;7;3;1;6;0;0;1;0;0;0;0;453130,9401;5428790,898;8,359076036;49,01023017;0
7093;8,20013E+18;8;4;25;31;2020;1;7;3;3;1;6;2;0;1;0;0;0;0;569051,0698;5367875,208;9,934015675;48,46022086;1
7094;8,20013E+18;8;2;26;12;2020;1;9;3;3;0;7;0;1;0;0;0;0;0;475973,0182;5477423,644;8,66851444;49,44899912;1
7095;8,20013E+18;8;2;12;0;2020;1;15;7;3;2;6;0;0;1;0;0;0;0;456191,422;5434902,726;8,400264346;49,06543131;0
7096;8,20013E+18;8;2;15;108;2020;1;0;7;3;8;1;2;0;1;0;0;0;0;448485,7359;5422892,777;8,296306098;48,95680648;0
7097;8,20013E+18;8;1;36;10;2020;1;13;7;3;9;1;0;0;1;0;0;0;0;601441,195;5413880,604;10,38330758;48,8695835;0
7098;8,20013E+18;8;1;35;19;2020;1;17;7;2;5;2;2;1;1;0;0;0;0;582854,9877;5392460,152;10,12559721;48,67968505;0
7099;8,20013E+18;8;1;27;63;2020;1;16;7;3;5;3;0;0;0;0;1;0;1;566265,8071;5434401,779;9,907057637;49,05891883;1
7100;8,20013E+18;8;1;25;86;2020;1;11;7;3;8;1;0;0;1;0;0;0;0;501325,5997;5440412,501;9,01816594;49,11655107;1
7101;8,20013E+18;8;1;16;18;2020;1;13;3;3;5;1;0;0;1;0;0;0;0;531678,4657;5377823,683;9,429275742;48,55271105;2
7102;8,20013E+18;8;1;21;0;2020;1;21;7;2;3;6;2;0;1;0;0;0;0;514577,3456;5444142,003;9,199901305;49,14992786;0
7103;8,20013E+18;8;1;18;48;2020;1;18;7;3;5;3;2;0;1;0;0;0;0;513019,9747;5415292,74;9,177619089;48,89044811;1
7104;8,20013E+18;8;1;11;0;2020;1;10;3;3;5;3;0;0;1;0;0;0;0;511792,1981;5406592,756;9,160619242;48,81220926;1
7105;8,20013E+18;8;4;25;31;2020;1;13;7;3;3;6;0;0;1;0;0;0;0;568130,6156;5368263,497;9,921630122;48,463814;0
7106;8,20013E+18;8;1;11;0;2020;1;19;7;3;5;2;2;0;1;0;0;0;0;514070,1449;5393896,238;9,191212597;48,6979446;1
7107;8,20012E+18;8;4;21;0;2020;1;8;6;3;2;6;0;0;1;0;0;0;0;572447,3835;5361414,738;9,978832045;48,40172571;0
7108;8,20013E+18;8;1;11;0;2020;1;6;3;3;0;7;2;0;0;0;1;0;0;512773,8122;5406500,73;9,17398669;48,811362;1
7109;8,20012E+18;8;4;17;31;2020;1;11;6;3;2;6;0;0;1;0;0;0;0;497069,949;5357627,796;8,960435682;48,37181302;0
7110;8,20013E+18;8;1;11;0;2020;1;5;3;3;2;3;2;0;1;0;1;0;0;512742,4042;5406517,66;9,173559423;48,81151495;1
7111;8,20012E+18;8;4;16;23;2020;1;10;6;3;5;2;0;0;1;0;0;0;0;508149,6151;5372718,838;9,110337341;48,50753343;0
7112;8,20012E+18;8;4;16;15;2020;1;20;6;3;2;6;2;0;1;0;0;0;0;506924,3293;5366452,416;9,093644446;48,45117276;1
7113;8,20012E+18;8;3;27;57;2020;1;6;6;2;5;3;2;0;1;0;0;0;0;489406,1918;5309407,604;8,858153426;47,93789787;1
7114;8,20013E+18;8;4;37;100;2020;1;8;2;3;4;1;0;0;1;0;1;0;0;536881,1702;5321283,111;9,494834784;48,04376619;1
7115;8,20012E+18;8;3;26;12;2020;1;13;6;3;5;3;0;0;1;0;0;0;0;465509,9799;5308276,684;8,538290953;47,92688214;0
7116;8,20012E+18;8;3;25;53;2020;1;15;6;3;2;2;0;0;1;0;0;0;0;461290,0737;5345937,972;8,478386434;48,26546714;0
7117;8,20012E+18;8;3;25;45;2020;1;6;6;3;2;6;2;0;1;0;0;0;0;469805,2266;5347338,751;8,593024037;48,2785325;1
7118;8,20012E+18;8;3;25;12;2020;1;15;6;3;2;6;0;0;1;0;0;0;1;468450,951;5353837,436;8,57428516;48,33693159;0
7119;8,20012E+18;8;3;25;61;2020;1;14;6;2;2;6;0;0;1;0;0;0;0;473547,3487;5351189,497;8,64321932;48,31334335;0
7120;8,20012E+18;8;2;37;27;2020;1;15;6;3;3;6;0;0;1;0;0;1;0;484256,014;5368450,161;8,787004191;48,46898642;0
7121;8,20012E+18;8;3;17;85;2020;1;15;6;3;4;1;0;0;1;0;0;1;0;435050,4404;5364126,953;8,122037523;48,42694053;0
7122;8,20013E+18;8;4;36;82;2020;1;7;2;3;2;6;1;0;1;0;0;0;0;547472,9956;5295829,882;9,634131661;47,81407005;1
7123;8,20012E+18;8;3;17;96;2020;1;7;6;2;3;6;2;0;1;0;0;0;0;418950,1294;5369706,711;7,903356896;48,47526341;1
7124;8,20012E+18;8;3;17;96;2020;1;7;6;3;2;6;1;0;1;0;0;0;0;418939,3006;5369781,142;7,903195973;48,47593151;0
7125;8,20012E+18;8;3;16;43;2020;1;17;6;3;2;6;1;0;1;0;0;0;0;409800,7967;5329664,077;7,788144189;48,11384615;0
7126;8,20013E+18;8;4;36;82;2020;1;14;2;3;2;6;0;0;1;0;0;0;0;547361,2344;5295363,445;9,632587911;47,80988179;0
7127;8,20012E+18;8;3;16;43;2020;1;16;6;2;2;6;0;0;1;0;0;0;0;410532,8587;5326716,482;7,798595455;48,08743567;0
7128;8,20012E+18;8;2;37;28;2020;1;8;6;3;5;3;0;0;1;0;0;0;0;459315,9653;5367313,842;8,449719275;48,45764511;0
7129;8,20012E+18;8;2;31;0;2020;1;21;6;3;1;7;2;0;1;0;0;0;0;477048,3177;5415926,688;8,686858146;48,89586262;0
7130;8,20012E+18;8;2;36;38;2020;1;9;6;3;2;6;0;0;1;0;1;0;0;485951,4632;5427356,246;8,807933296;48,99894476;0
7131;8,20012E+18;8;2;31;0;2020;1;7;6;3;5;3;2;0;1;0;0;0;0;482187,9457;5414482,161;8,757043001;48,88303716;1
7132;8,20012E+18;8;2;31;0;2020;1;11;6;3;0;7;0;0;0;0;0;0;1;479536,6986;5415983,921;8,720805119;48,89646466;0
7133;8,20012E+18;8;2;26;68;2020;1;18;6;3;2;6;2;0;1;0;0;0;0;468231,9433;5458611,237;8,563219887;49,27943018;0
7134;8,20012E+18;8;2;15;39;2020;1;13;6;2;2;6;0;0;0;0;0;1;0;471079,7959;5453295,089;8,602758005;49,2317528;0
7135;8,20012E+18;8;2;26;95;2020;1;19;6;3;2;6;2;0;1;0;0;0;0;471731,2706;5459250,402;8,611285836;49,28535129;0
7136;8,20012E+18;8;2;25;2;2020;1;10;6;3;4;2;0;0;1;0;0;0;1;499754,13;5466534,054;8,996614592;49,35152235;1
7137;8,20013E+18;8;4;36;64;2020;1;18;2;3;5;3;2;0;1;0;0;0;0;541456,8335;5290734,919;9,553286736;47,76864597;0
7138;8,20012E+18;8;2;26;63;2020;1;20;6;2;5;2;2;0;1;0;0;0;0;471152,6434;5471205,763;8,602464278;49,39286117;0
7139;8,20012E+18;8;2;22;0;2020;1;9;6;3;1;6;0;0;1;0;0;0;0;465422,7226;5480223,405;8,522718445;49,47367304;1
7140;8,20012E+18;8;2;26;41;2020;1;17;6;3;5;3;1;0;1;0;0;0;0;476628,4022;5465538,669;8,678255285;49,34212105;0
7141;8,20013E+18;8;4;26;21;2020;1;16;2;2;0;1;1;1;0;0;0;0;0;557592,928;5327079,97;9,773484098;48,09438343;0
7142;8,20012E+18;8;2;16;43;2020;1;14;6;3;2;6;0;0;0;0;0;0;1;442631,0317;5408970,861;8,218292191;48,83106408;0
7143;8,20012E+18;8;2;15;9;2020;1;18;6;2;6;4;2;0;1;1;0;0;0;473790,0311;5439004,024;8,640915261;49,10332416;1
7144;8,20012E+18;8;2;11;0;2020;1;17;6;3;5;2;1;0;1;0;0;0;0;440919,3462;5403708,639;8,195728552;48,78356973;0
7145;8,20012E+18;8;1;35;19;2020;1;16;6;3;1;6;0;0;1;0;0;0;0;585720,4873;5395026,772;10,16504972;48,70238295;0
7146;8,20012E+18;8;1;27;71;2020;1;15;6;2;4;2;0;0;1;0;1;0;0;574903,1737;5455361,312;10,02916663;49,24643777;0
7147;8,20012E+18;8;1;25;63;2020;1;18;6;3;5;3;2;0;1;0;0;0;0;526575,4152;5463138,612;9,365689178;49,32040156;0
7148;8,20012E+18;8;1;21;0;2020;1;20;6;3;0;7;2;1;1;0;0;0;0;514311,5596;5443248,779;9,196224835;49,14189926;0
7149;8,20013E+18;8;4;15;59;2020;1;19;2;3;1;6;2;0;1;0;0;0;0;517434,9106;5366407,189;9,235786511;48,45056244;0
7150;8,20013E+18;8;2;15;96;2020;1;17;3;3;5;3;0;0;1;0;0;0;0;461470,6033;5415196,028;8,474399575;48,8885171;0
7151;8,20012E+18;8;1;18;80;2020;1;13;6;3;2;6;0;0;1;0;0;1;0;509165,0358;5411604,951;9,124947354;48,85734253;0
7152;8,20012E+18;8;1;15;28;2020;1;9;6;3;2;6;0;0;1;0;0;0;0;501470,9944;5402785,169;9,020022534;48,7780666;0
7153;8,20012E+18;8;1;15;28;2020;1;6;6;3;3;6;2;0;1;0;0;1;0;501281,5224;5403848,213;9,017446838;48,78763012;0
7154;8,20012E+18;8;1;18;80;2020;1;17;6;3;2;6;2;0;1;0;0;0;0;508866,3871;5410930,953;9,120861276;48,85128371;0
7155;8,20013E+18;8;4;15;27;2020;1;0;2;3;9;1;2;0;1;0;0;0;0;532439,1627;5361401,184;9,438309043;48,40493256;1
7156;8,20013E+18;8;2;12;0;2020;1;12;3;3;5;3;0;0;1;0;0;0;0;457865,014;5427970,016;8,423895014;49,00318762;1
7157;8,20012E+18;8;1;18;51;2020;1;13;6;3;2;6;0;0;1;0;0;0;0;509680,3718;5412695,237;9,131998724;48,86714272;0
7158;8,20012E+18;8;1;18;19;2020;1;18;6;2;5;3;2;1;1;0;0;0;0;504642,08;5404423,56;9,063204456;48,7927899;1
7159;8,20012E+18;8;1;17;26;2020;1;6;6;3;4;1;2;0;1;0;0;0;0;546116,911;5393424,078;9,626656156;48,69215141;2
7160;8,20012E+18;8;1;16;41;2020;1;9;6;3;2;6;0;0;1;0;0;0;0;518778,826;5384187,514;9,254762338;48,61048027;0
7161;8,20012E+18;8;1;11;0;2020;1;14;6;3;3;2;0;0;1;0;0;1;0;507163,2283;5407298,225;9,097581385;48,81862619;0
7162;8,20012E+18;8;1;11;0;2020;1;21;6;2;0;1;2;0;0;0;0;0;1;514810,4631;5403849,951;9,201631283;48,78747072;0
7163;8,20012E+18;8;1;11;0;2020;1;13;6;3;2;6;0;0;1;0;0;0;0;511047,1768;5397306,95;9,15022209;48,72868834;0
7164;8,20012E+18;8;4;37;100;2020;1;12;5;3;4;7;0;0;1;0;0;0;0;534059,3297;5321688,086;9,45700767;48,0475665;0
7165;8,20012E+18;8;4;26;128;2020;1;19;5;2;9;1;2;0;1;0;0;0;0;562092,1287;5333342,92;9,834815293;48,1503026;0
7166;8,20012E+18;8;3;36;69;2020;1;6;5;2;2;6;2;0;1;0;0;1;0;406539,7949;5267839,081;7,757690484;47,55724108;0
7167;8,20013E+18;8;4;15;61;2020;1;18;2;3;0;2;0;1;1;0;0;0;0;513431,1719;5371709,139;9,181811354;48,49835908;1
7168;8,20013E+18;8;2;12;0;2020;1;8;3;3;2;6;1;0;1;0;0;0;0;460575,6748;5428781,419;8,460876881;49,01066545;1
7169;8,20012E+18;8;3;35;43;2020;1;10;5;3;5;2;0;1;1;0;0;0;0;513794,563;5280015,59;9,183767956;47,67338386;0
7170;8,20012E+18;8;3;35;75;2020;1;8;5;3;9;1;0;0;1;0;0;0;0;489400,8234;5294688,198;8,858442675;47,80546196;1
7171;8,20012E+18;8;3;17;47;2020;1;7;5;3;2;6;1;0;1;0;0;0;0;418771,4253;5364403,638;7,901968449;48,42754015;0
7172;8,20012E+18;8;3;17;57;2020;1;7;5;3;5;3;1;1;0;0;0;0;1;416563,4828;5379779,926;7,869055488;48,56555594;0
7173;8,20012E+18;8;4;16;41;2020;1;17;5;2;8;1;2;0;1;0;0;0;0;505383,5536;5373255,389;9,072894698;48,51239025;0
7174;8,20012E+18;8;3;16;17;2020;1;18;5;3;5;3;2;1;1;0;0;0;0;408017,7205;5342082,521;7,761506663;48,22529274;0
7175;8,20012E+18;8;3;15;39;2020;1;10;5;3;6;7;0;0;1;1;0;0;0;447224,0753;5304638,901;8,293963458;47,89290934;0
7176;8,20012E+18;8;2;36;50;2020;1;17;5;2;5;3;2;0;1;0;0;0;0;485407,4868;5423171,887;8,800646461;48,96129136;0
7177;8,20012E+18;8;2;31;0;2020;1;13;5;3;5;2;0;0;1;0;0;0;0;474135,1618;5415969,695;8,647110452;48,89613472;0
7178;8,20012E+18;8;2;36;75;2020;1;13;5;3;8;1;0;0;1;0;0;0;0;483172,9345;5426158,16;8,769996133;48,98809783;1
7179;8,20013E+18;8;3;37;51;2020;1;17;2;2;4;1;1;0;1;0;0;0;0;436344,1071;5284910,554;8,151322433;47,71443603;2
7180;8,20012E+18;8;2;26;85;2020;1;16;5;2;2;6;0;0;1;0;0;0;0;490089,1845;5454856,646;8,863826941;49,24640213;0
7181;8,20012E+18;8;2;26;3;2020;1;19;5;3;2;2;2;0;1;0;0;0;0;465881,5942;5459884,849;8,530797264;49,29075948;0
7182;8,20013E+18;8;3;36;69;2020;1;16;2;3;5;3;1;0;1;0;0;0;0;405430,422;5269679,269;7,742551736;47,57363422;0
7183;8,20012E+18;8;2;21;0;2020;1;17;5;3;2;6;2;0;1;0;0;0;0;479664,7131;5473645,694;8,719639534;49,41515184;0
7184;8,20012E+18;8;2;16;17;2020;1;5;5;3;5;3;2;0;1;0;0;0;1;450513,11;5401530,657;8,326581264;48,76481533;0
7185;8,20012E+18;8;2;15;64;2020;1;11;5;3;8;7;0;0;1;0;0;0;0;475634,3996;5450806,95;8,665468984;49,20956988;0
7186;8,20013E+18;8;3;35;63;2020;1;15;2;3;0;1;0;0;0;0;1;0;0;498204,619;5288549,156;8,976047132;47,75031048;1
7187;8,20012E+18;8;2;12;0;2020;1;9;5;3;0;7;0;0;1;0;1;0;0;456115,3901;5428906,767;8,399872774;49,01149188;0
7188;8,20012E+18;8;1;28;61;2020;1;5;5;3;9;1;2;0;1;0;0;0;0;538424,954;5492555,5;9,531591461;49,58436153;1
7189;8,20012E+18;8;1;25;27;2020;1;5;5;3;5;3;2;0;1;0;1;0;0;518260,498;5447076,945;9,250541616;49,17622999;1
7190;8,20012E+18;8;1;21;0;2020;1;21;5;3;6;4;2;0;0;1;0;1;0;515635,2093;5442594,243;9,214347788;49,13597923;0
7191;8,20012E+18;8;1;15;45;2020;1;16;5;3;5;3;0;0;1;0;0;1;0;504566,9299;5397150,43;9,062100538;48,72736147;0
7192;8,20012E+18;8;1;18;11;2020;1;18;5;3;2;6;2;0;1;0;0;0;1;505598,0584;5407493,846;9,076262483;48,82040205;0
7193;8,20012E+18;8;1;17;24;2020;1;7;5;3;2;6;1;0;1;0;1;0;0;559734,7372;5384698,114;9,810424808;48,61250405;0
7194;8,20013E+18;8;3;35;66;2020;1;8;2;3;2;6;0;0;1;0;0;0;0;508488,893;5282836,413;9,113142115;47,69885611;1
7195;8,20012E+18;8;1;16;49;2020;1;19;5;3;5;3;2;0;1;0;0;0;0;524479,7374;5386135,393;9,33221734;48,62780646;0
7196;8,20012E+18;8;1;15;54;2020;1;20;5;2;4;2;2;0;1;0;1;0;0;492485,9858;5396022,373;8,897845987;48,71718486;0
7197;8,20012E+18;8;1;15;24;2020;1;7;5;3;2;6;0;0;1;0;0;0;0;500962,4256;5386424,352;9,013061974;48,63088438;1
7198;8,20012E+18;8;1;11;0;2020;1;10;5;3;3;6;0;0;1;0;0;1;0;515771,7771;5404737,294;9,214752689;48,79542951;0
7199;8,20012E+18;8;1;11;0;2020;1;17;5;3;6;4;2;0;1;1;0;0;0;511099,9997;5403847,943;9,151116784;48,78752995;0
7200;8,20013E+18;8;3;27;46;2020;1;7;2;3;5;3;1;0;1;0;0;0;0;479971,8172;5324474,821;8,731128664;48,07323334;1