OBJECTID;UIDENTSTLAE;ULAND;UREGBEZ;UKREIS;UGEMEINDE;UJAHR;UMONAT;USTUNDE;UWOCHENTAG;UKATEGORIE;UART;UTYP1;ULICHTVERH;IstRad;IstPKW;IstFuss;IstKrad;IstGkfz;IstSonstige;LINREFX;LINREFY;XGCSWGS84;YGCSWGS84;STRZUSTAND
7201;8,20012E+18;8;1;11;0;2020;1;16;5;3;3;7;0;0;1;0;0;0;0;518343,5887;5403259,886;9,249704879;48,78206839;0
7202;8,20012E+18;8;1;11;0;2020;1;15;5;3;2;6;0;0;1;0;0;0;0;512650,9006;5402542,423;9,172190671;48,77575598;0
7203;8,20012E+18;8;4;36;13;2020;1;17;4;3;4;6;1;0;1;0;0;0;0;543432,0661;5298440,158;9,580418759;47,83784018;0
7204;8,20013E+18;8;3;26;6;2020;1;5;2;3;2;6;2;0;1;0;0;0;0;451867,0731;5309901,706;8,355485465;47,94062258;2
7205;8,20012E+18;8;4;35;15;2020;1;7;4;3;5;3;1;0;1;0;0;0;1;518975,912;5294882,484;9,253440455;47,80701756;0
7206;8,20012E+18;8;4;35;35;2020;1;13;4;3;2;2;0;0;1;0;0;1;0;542232,4004;5282785,955;9,562865787;47,69707741;0
7207;8,20012E+18;8;4;26;21;2020;1;7;4;3;1;6;2;0;1;0;0;0;0;559759,6195;5323064,772;9,802018677;48,05806244;1
7208;8,20012E+18;8;4;21;0;2020;1;13;4;3;2;6;0;0;1;0;0;0;0;569760,0438;5361656,333;9,942568932;48,40420207;0
7209;8,20012E+18;8;4;25;33;2020;1;13;4;3;2;6;0;0;1;0;0;0;0;553954,6658;5346470,007;9,727088508;48,26913814;0
7210;8,20012E+18;8;4;17;79;2020;1;14;4;2;6;6;0;0;1;1;0;0;0;500289,1479;5339922,339;9,003892224;48,21252857;1
7211;8,20012E+18;8;4;15;61;2020;1;13;4;3;5;3;0;1;1;0;0;0;0;515202,4731;5372141,151;9,205804193;48,50220524;0
7212;8,20013E+18;8;3;26;6;2020;1;5;2;3;9;1;2;0;1;0;0;0;0;451222,5841;5310165,069;8,34682629;47,94294322;2
7213;8,20013E+18;8;1;36;88;2020;1;19;3;3;4;1;2;0;1;0;0;0;0;584119,1963;5407061,015;10,14574987;48,81083935;2
7214;8,20012E+18;8;3;37;90;2020;1;11;4;3;5;2;0;0;0;0;1;0;1;423696,1676;5274773,147;7,984492558;47,62186609;1
7215;8,20012E+18;8;3;36;107;2020;1;7;4;2;8;1;1;0;1;0;0;0;0;409535,5454;5285387,156;7,793874139;47,71552388;1
7216;8,20013E+18;8;3;17;1;2020;1;20;2;3;0;1;2;0;0;0;1;0;0;432173,088;5386634,114;8,079485433;48,62909363;1
7217;8,20012E+18;8;3;36;107;2020;1;19;4;3;7;7;2;0;1;0;0;0;0;409865,7834;5284488,998;7,798461822;47,70749054;0
7218;8,20012E+18;8;3;27;18;2020;1;15;4;3;2;2;0;0;1;0;0;0;1;471797,062;5309983,184;8,62234062;47,9425432;0
7219;8,20013E+18;8;3;15;113;2020;1;18;2;3;0;7;2;0;1;0;0;0;0;445792,8366;5305176,082;8,274750419;47,89762284;1
7220;8,20012E+18;8;3;15;113;2020;1;6;4;3;3;6;2;0;1;0;0;1;0;446110,9724;5305071,67;8,27901952;47,89671029;0
7221;8,20012E+18;8;3;15;94;2020;1;12;4;2;4;6;0;0;1;0;0;0;0;429046,5286;5313663,713;8,049327267;47,97234449;2
7222;8,20012E+18;8;2;36;65;2020;1;22;4;2;5;3;2;0;1;0;0;0;0;488870,3132;5417389,706;8,848111055;48,90934872;1
7223;8,20012E+18;8;2;37;19;2020;1;16;4;2;5;2;0;0;1;0;0;0;0;461698,539;5369778,606;8,481718132;48,4799679;0
7224;8,20012E+18;8;2;26;96;2020;1;19;4;3;2;6;2;0;1;0;0;0;0;473774,6324;5488650,636;8,637439979;49,54989113;0
7225;8,20012E+18;8;2;26;32;2020;1;8;4;3;9;1;1;0;1;0;0;0;0;466908,8357;5464503,919;8,54454072;49,33236379;0
7226;8,20012E+18;8;2;16;43;2020;1;6;4;3;2;6;2;0;1;0;0;0;0;444553,6586;5412499,779;8,244009719;48,86298161;0
7227;8,20013E+18;8;3;15;76;2020;1;13;2;3;5;3;0;0;1;0;0;0;0;393859,976;5296252,523;7,582285696;47,81086922;0
7228;8,20013E+18;8;1;35;25;2020;1;13;3;3;5;3;0;0;1;0;0;0;1;580756,9816;5397796,777;10,09814491;48,72795987;1
7229;8,20012E+18;8;2;12;0;2020;1;17;4;3;2;6;2;0;1;0;0;1;0;458759,9634;5426565,396;8,436273487;48,99061325;0
7230;8,20012E+18;8;1;36;65;2020;1;13;4;3;6;4;0;0;1;1;0;0;0;558048,7886;5405026,891;9,790412196;48,79552469;0
7231;8,20012E+18;8;1;36;50;2020;1;7;4;3;5;3;0;0;1;0;0;1;0;580856,443;5402677,419;10,10045544;48,77184517;0
7232;8,20012E+18;8;1;28;139;2020;1;22;4;2;9;1;2;0;1;0;0;0;0;544371,3464;5489614,555;9,61352078;49,55750301;1
7233;8,20012E+18;8;1;27;89;2020;1;14;4;3;4;1;0;0;1;0;0;1;0;565831,5826;5442327,259;9,902405987;49,13024995;0
7234;8,20012E+18;8;1;18;48;2020;1;11;4;3;2;6;0;0;1;0;0;0;0;513088,2939;5416819,884;9,178600033;48,90418446;0
7235;8,20012E+18;8;1;18;71;2020;1;7;4;3;2;6;1;0;1;0;0;0;0;510273,5558;5420626,793;9,140286741;48,93848341;0
7236;8,20012E+18;8;1;18;47;2020;1;18;4;3;6;7;2;1;0;1;0;0;0;507662,0225;5428119,734;9,104767126;49,0059251;0
7237;8,20012E+18;8;1;18;79;2020;1;16;4;3;2;6;1;0;1;0;0;0;0;509210,0342;5422700,861;9,125811152;48,95715779;0
7238;8,20012E+18;8;1;18;79;2020;1;7;4;3;2;6;2;0;1;0;0;0;0;508278,1201;5420235,823;9,113030928;48,93499627;0
7239;8,20012E+18;8;1;15;28;2020;1;19;4;3;2;6;2;0;1;0;0;0;0;502451,3889;5400521,462;9,033353745;48,75769925;0
7240;8,20012E+18;8;1;16;12;2020;1;12;4;2;2;6;0;0;1;0;0;0;0;536931,0187;5383096,617;9,500919011;48,59985867;0
7241;8,20012E+18;8;1;16;19;2020;1;17;4;3;2;6;1;0;1;0;0;0;0;526699,734;5396906,487;9,363040132;48,72461178;1
7242;8,20012E+18;8;1;16;58;2020;1;15;4;1;6;4;0;0;0;1;0;1;0;534024,3084;5395236,847;9,462492697;48,70923528;1
7243;8,20012E+18;8;1;15;21;2020;1;18;4;3;3;6;2;0;1;0;0;0;0;490229,5191;5382494,06;8,867488445;48,5954511;1
7244;8,20013E+18;8;3;15;108;2020;1;6;2;3;8;1;2;0;1;0;0;0;0;404801,2633;5305025,179;7,72645841;47,89149268;1
7245;8,20013E+18;8;1;27;73;2020;1;14;3;3;2;6;0;0;1;0;0;0;1;578087,0445;5448254,366;10,07152239;49,18212204;1
7246;8,20012E+18;8;1;15;21;2020;1;17;4;3;2;6;0;0;1;0;0;0;0;490223,701;5382500,595;8,867409384;48,5955098;0
7247;8,20012E+18;8;1;11;0;2020;1;18;4;3;5;3;2;0;1;0;0;0;0;512441,3967;5398604,571;9,169220109;48,74033547;1
7248;8,20012E+18;8;1;11;0;2020;1;17;4;3;2;6;2;0;1;0;0;0;0;506266,9023;5407651,278;9,085376555;48,8218119;1
7249;8,20012E+18;8;4;37;123;2020;1;14;3;1;5;3;0;0;1;0;0;0;0;503331,4458;5311213,596;9,044620685;47,9542258;0
7250;8,20012E+18;8;4;36;82;2020;1;18;3;3;0;7;1;1;0;0;0;0;0;548512,0364;5295166,798;9,647935771;47,80802684;0
7251;8,20012E+18;8;4;36;9;2020;1;13;3;3;6;4;0;0;1;1;0;0;0;552351,6723;5305309,635;9,700442717;47,89897848;0
7252;8,20013E+18;8;3;11;0;2020;1;8;2;3;2;6;0;0;1;0;0;0;0;412591,2082;5314242,145;7,82877557;47,9755115;0
7253;8,20012E+18;8;4;36;81;2020;1;14;3;3;2;6;0;0;1;0;0;0;0;557954,8885;5279737,137;9,771990467;47,66842847;0
7254;8,20012E+18;8;4;36;55;2020;1;7;3;3;2;6;1;0;1;0;0;0;0;576606,131;5297692,648;10,02356176;47,82801857;1
7255;8,20013E+18;8;2;37;2;2020;1;10;2;3;5;3;0;0;1;0;0;0;0;455874,9905;5354906,592;8,404484491;48,34579671;0
7256;8,20012E+18;8;4;36;55;2020;1;9;3;3;8;7;0;0;1;0;0;1;0;578497,0938;5292316,944;10,04785015;47,77943076;0
7257;8,20012E+18;8;4;35;16;2020;1;17;3;3;0;7;2;1;0;0;0;0;0;534808,2728;5279484,185;9,463658749;47,66781277;0
7258;8,20012E+18;8;4;26;118;2020;1;18;3;3;8;1;2;0;0;0;1;0;0;548394,5743;5327052,078;9,649954301;48,09489758;0
7259;8,20013E+18;8;2;36;40;2020;1;5;2;3;4;2;2;0;1;0;0;0;1;489026,522;5421570,186;8,850130355;48,94695784;1
7260;8,20012E+18;8;4;26;43;2020;1;6;3;3;0;6;2;0;1;0;0;0;0;576505,5506;5323634,728;10,02683022;48,06140119;0
7261;8,20012E+18;8;4;26;43;2020;1;15;3;3;4;1;0;0;1;0;0;0;0;574706,2726;5324045,467;10,0027566;48,06530933;1
7262;8,20012E+18;8;4;21;0;2020;1;8;3;3;5;2;0;0;1;0;0;0;1;570771,1009;5361544,226;9,956209049;48,40308093;0
7263;8,20012E+18;8;1;16;33;2020;1;16;3;2;2;6;1;0;1;0;0;0;1;531443,891;5387889,048;9,42685931;48,64327085;0
7264;8,20013E+18;8;2;31;0;2020;1;8;2;2;2;6;0;0;1;0;0;0;0;476863,369;5417323,445;8,684255695;48,90842045;1
7265;8,20012E+18;8;4;15;60;2020;1;7;3;2;4;6;1;0;1;0;0;0;0;512730,1918;5377480,926;9,172498806;48,55029853;1
7266;8,20012E+18;8;4;15;50;2020;1;6;3;3;2;6;2;0;1;0;0;0;0;521527,0121;5376620,716;9,291653223;48,54231961;0
7267;8,20012E+18;8;3;37;76;2020;1;8;3;3;3;6;0;1;1;0;0;0;0;427635,6603;5268796,125;8,037900636;47,5685456;0
7268;8,20012E+18;8;3;36;57;2020;1;10;3;3;5;3;0;0;1;0;0;0;0;407632,782;5277708,303;7,770136113;47,64617849;0
7269;8,20012E+18;8;3;17;96;2020;1;16;3;3;2;3;0;0;1;0;0;0;0;423419,1404;5367801,692;7,964162949;48,45868802;0
7270;8,20012E+18;8;3;17;73;2020;1;11;3;3;2;6;0;0;1;0;0;0;0;410221,0772;5347087,531;7,790105207;48,27062746;0
7271;8,20012E+18;8;3;16;20;2020;1;18;3;2;4;6;2;0;1;0;0;0;1;411800,2908;5339033,915;7,813059384;48,19840806;0
7272;8,20012E+18;8;3;11;0;2020;1;8;3;2;5;3;0;0;1;0;0;0;0;404103,3922;5314541,775;7,715005441;47,97699083;0
7273;8,20013E+18;8;2;31;0;2020;1;14;2;3;6;4;0;0;1;1;0;0;0;478248,1507;5415649,224;8,703242636;48,89340993;0
7274;8,20012E+18;8;3;36;69;2020;1;13;3;3;8;1;0;0;1;0;0;0;0;404483,6082;5270509,172;7,729784989;47,58096103;0
7275;8,20012E+18;8;2;37;30;2020;1;18;3;3;5;2;0;0;1;0;0;0;0;463159,6726;5365272,882;8,501885619;48,43952118;0
7276;8,20012E+18;8;2;35;6;2020;1;11;3;3;5;3;0;0;1;0;0;1;0;474125,7372;5385502,02;8,64889728;48,62205248;0
7277;8,20013E+18;8;2;31;0;2020;1;17;2;2;9;7;1;0;1;0;0;0;0;477494,383;5413475,597;8,693078918;48,87382979;1
7278;8,20012E+18;8;2;37;19;2020;1;15;3;2;5;2;0;0;1;0;0;0;0;461704,3389;5369774,374;8,481796998;48,47993018;0
7279;8,20012E+18;8;2;36;46;2020;1;17;3;3;3;6;2;0;1;0;0;0;0;484027,7224;5416272,166;8,782067442;48,89918969;0
7280;8,20012E+18;8;2;25;33;2020;1;22;3;3;8;1;2;0;1;0;0;0;0;510224,8919;5462157,041;9,140675058;49,31206513;0
7281;8,20012E+18;8;2;25;58;2020;1;9;3;3;0;1;0;0;1;0;0;0;0;508748,408;5472407,353;9,120586715;49,40428999;2
7282;8,20012E+18;8;2;25;58;2020;1;8;3;3;5;3;0;0;1;0;0;0;0;507509,2243;5466811,003;9,103400363;49,35396733;0
7283;8,20012E+18;8;2;22;0;2020;1;8;3;3;4;2;0;0;1;0;0;1;0;460732,7889;5488196,198;8,45719172;49,54509843;0
7284;8,20012E+18;8;2;26;96;2020;1;14;3;3;3;6;0;0;1;0;0;1;0;473420,5779;5490480,501;8,632421842;49,56633452;0
7285;8,20013E+18;8;2;37;54;2020;1;7;2;2;9;1;1;0;1;0;0;0;0;467307,1657;5376222,786;8,557104625;48,53825721;2
7286;8,20012E+18;8;2;16;41;2020;1;14;3;3;5;3;0;0;1;0;0;0;0;431543,0143;5395957,682;8,069392305;48,71288998;0
7287;8,20012E+18;8;2;16;7;2020;1;14;3;3;1;2;0;0;1;0;0;0;0;438970,3683;5394174,039;8,170612106;48,69761708;0
7288;8,20012E+18;8;2;16;7;2020;1;7;3;3;2;6;2;0;1;0;0;0;0;435218,8311;5393784,306;8,119696237;48,69373315;2
7289;8,20013E+18;8;2;26;103;2020;1;16;2;2;5;3;1;0;1;0;0;0;0;474233,2424;5455108,792;8,645955576;49,24820801;1
7290;8,20012E+18;8;2;16;7;2020;1;14;3;3;2;6;0;0;1;0;0;0;1;432931,1045;5396228,416;8,088215545;48,71547606;0
7291;8,20012E+18;8;1;36;44;2020;1;20;3;3;2;6;2;0;1;0;0;0;0;557723,0352;5407392,362;9,786309672;48,8168326;0
7292;8,20012E+18;8;1;36;88;2020;1;12;3;3;2;6;0;0;1;0;0;0;0;583463,458;5415365,829;10,13851253;48,88562193;0
7293;8,20013E+18;8;2;26;103;2020;1;12;2;3;2;6;0;0;1;0;0;0;0;470921,3861;5455216,135;8,600442796;49,24902515;1
7294;8,20012E+18;8;1;36;33;2020;1;7;3;3;5;3;0;0;1;0;0;0;0;580131,053;5414844,117;10,09296226;48,88136937;1
7295;8,20012E+18;8;1;21;0;2020;1;10;3;3;2;1;0;0;1;0;0;0;0;509356,9864;5448165,952;9,128407556;49,18622635;0
7296;8,20012E+18;8;1;25;98;2020;1;12;3;3;8;7;0;0;1;0;0;0;0;521198,3491;5436971,533;9,290318383;49,08523434;0
7297;8,20012E+18;8;1;25;113;2020;1;18;3;3;2;6;2;0;1;0;0;0;0;529207,4587;5453181,432;9,401179286;49,23071682;1
7298;8,20012E+18;8;1;25;13;2020;1;6;3;3;9;1;2;0;1;0;0;0;0;501039,4501;5439882,869;9,014243199;49,11178735;2
7299;8,20012E+18;8;1;19;91;2020;1;10;3;3;2;6;0;0;1;0;0;0;0;526920,4056;5406845,681;9,366691041;48,81401324;1
7300;8,20012E+18;8;1;19;68;2020;1;17;3;2;4;1;2;0;1;0;0;0;0;523881,1022;5413385,238;9,325673722;48,87296549;0
7301;8,20013E+18;8;2;21;0;2020;1;8;2;3;0;7;0;1;1;0;0;0;0;477668,3183;5473644,317;8,692115926;49,41506946;0
7302;8,20013E+18;8;1;27;43;2020;1;14;3;3;2;6;0;0;1;0;0;0;0;569448,9142;5446156,989;9,952644828;49,16429691;1
7303;8,20012E+18;8;1;11;0;2020;1;15;3;3;3;6;0;0;1;0;0;1;0;509564,6108;5395127,96;9,130011344;48,70911059;0
7304;8,20012E+18;8;1;16;15;2020;1;7;3;3;2;6;2;0;1;0;0;0;1;522977,0355;5393054,154;9,312208459;48,69010478;0
7305;8,20012E+18;8;1;18;68;2020;1;6;3;2;8;1;2;0;1;0;0;0;0;501606,1385;5424604,761;9,021947757;48,97435117;2
7306;8,20012E+18;8;1;16;41;2020;1;7;3;3;2;6;2;1;1;0;0;0;0;519578,1005;5383034,582;9,265551169;48,60008385;1
7307;8,20013E+18;8;1;27;73;2020;1;7;3;2;5;2;2;0;1;0;0;0;1;578187,5117;5448549,656;10,07295818;49,184765;1
7308;8,20012E+18;8;1;16;19;2020;1;19;3;3;5;2;2;0;1;0;0;0;0;523104,743;5396716,286;9,314148692;48,72304439;1
7309;8,20012E+18;8;1;16;56;2020;1;15;3;3;2;6;0;0;1;0;0;0;0;531423,6652;5395154,287;9,427136915;48,70862906;0
7310;8,20012E+18;8;1;16;78;2020;1;7;3;3;5;3;1;0;0;0;1;0;1;512052,3409;5393149,664;9,163769079;48,69127063;1
7311;8,20012E+18;8;1;11;0;2020;1;13;3;3;2;6;0;0;1;0;0;0;0;511564,601;5408832,738;9,157582357;48,8323641;0
7312;8,20012E+18;8;1;11;0;2020;1;7;3;2;6;7;1;0;1;1;0;0;0;516465,468;5398165,632;9,223935091;48,73629341;1
7313;8,20012E+18;8;1;11;0;2020;1;10;3;3;2;6;0;0;1;0;0;0;0;513352,5164;5402677,931;9,181744674;48,77696034;0
7314;8,20012E+18;8;4;37;88;2020;1;18;2;3;9;1;2;0;0;0;0;1;0;519604,805;5309174,343;9,262488346;47,93558679;1
7315;8,20012E+18;8;4;36;39;2020;1;7;2;3;2;6;0;0;1;0;0;0;0;548170,2151;5289217,867;9,642710587;47,7545302;2
7316;8,20012E+18;8;4;35;57;2020;1;10;2;3;5;3;0;0;1;0;0;0;0;550583,738;5278380,463;9,673653212;47,65684094;0
7317;8,20013E+18;8;2;16;43;2020;1;21;2;3;1;7;2;0;1;0;0;1;0;444330,5856;5411783,835;8,241065854;48,85652168;1
7318;8,20013E+18;8;1;25;65;2020;1;16;3;3;2;1;0;0;1;0;0;0;0;517065,5248;5450214,831;9,234279479;49,20449044;1
7319;8,20012E+18;8;4;26;21;2020;1;20;2;2;8;1;2;0;1;0;0;0;0;564198,2574;5325329,911;9,861921967;48,07800854;0
7320;8,20012E+18;8;4;17;75;2020;1;16;2;3;4;2;0;0;1;0;0;0;0;509500,969;5334957,264;9,127781416;48,16778739;1
7321;8,20012E+18;8;3;36;69;2020;1;17;2;3;2;6;1;0;1;0;0;0;0;407847,7495;5268648,229;7,774902496;47,56470701;0
7322;8,20012E+18;8;3;26;5;2020;1;18;2;2;5;2;2;0;1;0;0;1;0;464912,0858;5303472,816;8,530678246;47,88362912;0
7323;8,20012E+18;8;3;26;3;2020;1;17;2;3;2;1;2;0;1;0;0;0;0;470588,1759;5313674,246;8,605900596;47,97569746;1
7324;8,20012E+18;8;3;25;60;2020;1;8;2;3;0;1;0;1;0;0;0;0;0;469395,934;5339576,982;8,588068672;48,20868354;2
7325;8,20012E+18;8;3;17;1;2020;1;14;2;3;2;6;0;0;1;0;0;0;0;432952,0926;5389626,759;8,089571921;48,6560966;0
7326;8,20012E+18;8;3;17;1;2020;1;18;2;3;9;7;2;0;1;0;0;0;0;429231,7725;5384839,27;8,039879291;48,61262318;0
7327;8,20013E+18;8;2;16;43;2020;1;21;2;2;9;1;2;0;1;0;0;0;0;444256,2579;5411652,874;8,240070479;48,855337;1
7328;8,20012E+18;8;3;16;56;2020;1;19;2;3;5;3;2;0;1;0;0;0;0;418720,9724;5326569,276;7,908555382;48,08720837;0
7329;8,20012E+18;8;3;15;94;2020;1;16;2;3;6;4;0;0;1;1;0;0;0;432348,4056;5317569,064;8,092946231;48,00783494;0
7330;8,20013E+18;8;2;12;0;2020;1;8;2;3;0;7;0;1;0;0;0;0;0;455648,8836;5427297,754;8,393669357;48,99698528;1
7331;8,20012E+18;8;3;15;6;2020;1;13;2;3;2;6;0;0;1;0;0;0;0;400457,787;5311727,908;7,666820095;47,95112383;0
7332;8,20012E+18;8;3;15;98;2020;1;6;2;3;5;3;2;1;1;0;0;0;0;407199,3619;5312225,947;7,756980509;47,95661624;1
7333;8,20013E+18;8;2;15;103;2020;1;21;2;3;3;3;2;0;1;0;0;1;0;468241,5992;5444744,499;8,564450034;49,15469916;1
7334;8,20012E+18;8;2;36;4;2020;1;11;2;3;1;6;0;0;1;0;0;0;0;474023,4844;5412888,389;8,645782599;48,86841176;0
7335;8,20012E+18;8;2;31;0;2020;1;12;2;3;5;3;0;0;1;0;0;0;0;477782,1409;5417243,713;8,696798275;48,90773685;0
7336;8,20012E+18;8;2;26;56;2020;1;14;2;3;2;2;0;0;1;0;0;0;0;485544,3341;5469081,399;8,800866676;49,37426439;0
7337;8,20013E+18;8;2;12;0;2020;1;10;2;3;2;6;0;0;1;0;0;0;0;458764,2396;5425977,727;8,436391562;48,98532734;1
7338;8,20012E+18;8;2;15;39;2020;1;14;2;3;2;6;0;0;1;0;0;0;0;471125,7452;5452793,794;8,603425233;49,2272458;0
7339;8,20012E+18;8;2;22;0;2020;1;19;2;3;0;5;2;0;1;0;1;0;0;465451,5743;5476286,053;8,523460174;49,43825981;0
7340;8,20012E+18;8;2;26;13;2020;1;14;2;2;8;1;0;0;1;0;0;0;0;501192,7751;5478411,191;9,016459107;49,45835587;0
7341;8,20012E+18;8;3;17;141;2020;1;18;2;3;2;6;2;0;1;0;0;1;0;421187,8496;5376093,848;7,932422751;48,53299912;0
7342;8,20012E+18;8;2;16;43;2020;1;7;2;3;2;6;0;0;1;0;0;0;0;444579,9597;5412509,813;8,244366934;48,86307421;0
7343;8,20012E+18;8;2;12;0;2020;1;19;2;3;5;3;2;1;1;0;0;0;0;457254,7951;5428185,634;8,415529342;49,00508518;0
7344;8,20012E+18;8;2;12;0;2020;1;15;2;3;6;7;0;0;0;1;0;1;0;458938,0428;5428167,625;8,438545637;49,00503747;0
7345;8,20013E+18;8;1;36;88;2020;1;18;2;3;4;6;2;0;1;0;0;0;0;581608,5612;5415241,737;10,11319044;48,88475285;1
7346;8,20012E+18;8;2;12;0;2020;1;9;2;3;5;3;0;1;1;0;0;0;0;455226,5322;5429034,809;8,387704133;49,01257977;0
7347;8,20012E+18;8;2;16;43;2020;1;12;2;2;2;6;0;0;0;0;0;1;1;445103,5931;5412251,3;8,25154053;48,86079543;0
7348;8,20012E+18;8;1;36;15;2020;1;5;2;3;9;1;2;0;1;0;0;0;0;556876,4703;5411050,715;9,775286394;48,84981776;1
7349;8,20013E+18;8;1;35;19;2020;1;14;2;3;0;3;0;0;1;0;0;0;0;585532,0227;5395525,852;10,1625922;48,70689767;0
7350;8,20012E+18;8;1;36;65;2020;1;14;2;3;1;5;0;0;0;0;0;1;0;553939,951;5404078,841;9,734345373;48,78736684;0
7351;8,20012E+18;8;1;36;88;2020;1;20;2;3;0;1;2;1;0;0;0;0;0;579891,6144;5410190,305;10,08878864;48,83954292;0
7352;8,20012E+18;8;1;28;115;2020;1;17;2;3;2;2;2;0;1;0;0;0;0;548269,1358;5496874,677;9,668303183;49,62250289;0
7353;8,20013E+18;8;1;35;16;2020;1;22;2;3;5;3;2;0;1;0;0;0;0;591061,8436;5386129,59;10,23567047;48,6216044;1
7354;8,20012E+18;8;1;27;59;2020;1;19;2;3;4;7;2;0;1;0;0;1;0;547861,3584;5438309,062;9,655617419;49,09576936;0
7355;8,20012E+18;8;1;25;111;2020;1;9;2;3;1;1;0;0;0;0;0;1;0;525527,3093;5453144,716;9,350629292;49,23055104;0
7356;8,20012E+18;8;1;25;69;2020;1;7;2;2;2;6;0;0;1;0;0;0;1;522414,7555;5454073,781;9,307929576;49,23902994;0
7357;8,20012E+18;8;1;19;79;2020;1;16;2;3;0;6;0;0;1;0;0;1;0;523402,2793;5407186,07;9,31878982;48,81721777;0
7358;8,20012E+18;8;1;19;67;2020;1;11;2;3;5;7;0;1;1;0;0;0;0;538758,8804;5405192,764;9,527784391;48,79851864;0
7359;8,20012E+18;8;1;19;20;2020;1;5;2;3;2;1;0;0;1;0;0;0;0;520239,224;5405266,672;9,275608062;48,80006233;0
7360;8,20012E+18;8;1;18;49;2020;1;13;2;3;1;2;0;0;0;0;0;0;1;519183,647;5420174,18;9,261932871;48,93419973;0
7361;8,20013E+18;8;1;27;8;2020;1;16;2;3;2;6;1;0;1;0;0;0;0;572742,66;5459586,906;10,00025407;49,28470265;1
7362;8,20012E+18;8;1;18;51;2020;1;7;2;3;2;6;2;0;1;0;0;0;1;509716,3625;5412787,582;9,132491675;48,86797287;0
7363;8,20012E+18;8;1;15;45;2020;1;8;2;3;2;6;0;0;1;0;0;0;0;503964,5012;5395507,168;9,053892998;48,71258272;0
7364;8,20013E+18;8;1;27;14;2020;1;16;2;3;5;3;0;0;1;0;0;0;0;575546,138;5446023,77;10,03624291;49,16237855;1
7365;8,20012E+18;8;1;17;51;2020;1;7;2;3;1;6;1;0;1;0;0;0;0;542404,801;5394852,897;9,576363932;48,70526785;1
7366;8,20012E+18;8;1;16;81;2020;1;11;2;3;9;1;0;0;1;0;0;0;0;514099,2573;5386651,725;9,191361332;48,63277165;1
7367;8,20012E+18;8;1;16;42;2020;1;7;2;3;2;6;0;0;1;0;0;0;0;518493,3263;5380828,696;9,250739584;48,5802723;0
7368;8,20012E+18;8;1;16;77;2020;1;14;2;3;2;6;0;0;1;0;0;0;0;517485,4548;5388833,125;9,237412008;48,65231022;0
7369;8,20012E+18;8;1;16;19;2020;1;20;2;3;2;6;2;0;1;0;0;0;0;522505,1533;5398014,652;9,30606724;48,73474631;0
7370;8,20012E+18;8;1;11;0;2020;1;6;2;3;2;6;2;0;1;0;0;0;0;512816,5227;5407531,203;9,174600619;48,82063111;0
7371;8,20012E+18;8;1;11;0;2020;1;8;2;3;3;6;0;0;1;0;0;1;0;515767,7118;5404743,52;9,214697575;48,79548562;0
7372;8,20012E+18;8;4;36;93;2020;1;16;1;3;8;1;2;0;1;0;0;0;0;545003,553;5310355,645;9,602661218;47,94493407;2
7373;8,20012E+18;8;4;37;100;2020;1;13;1;3;2;6;0;0;1;0;0;0;0;536313,4572;5318911,221;9,487016939;48,0224593;2
7374;8,20012E+18;8;4;36;8;2020;1;16;1;3;4;1;0;0;1;0;0;0;0;547871,657;5308889,2;9,640903693;47,93153292;2
7375;8,20012E+18;8;4;36;4;2020;1;15;1;3;3;1;0;0;1;0;0;0;0;577322,3228;5309263,1;10,03520116;47,93201959;2
7376;8,20013E+18;8;1;26;46;2020;1;17;2;3;0;7;2;0;1;0;0;0;0;551978,647;5458771,894;9,71465881;49,27949078;1
7377;8,20013E+18;8;1;19;85;2020;1;15;3;3;5;3;0;0;1;0;0;0;0;528287,432;5413260,203;9,385754197;48,87165535;0
7378;8,20012E+18;8;4;36;93;2020;1;11;1;3;8;1;0;0;1;0;0;0;0;542907,749;5311105,909;9,574671761;47,95182789;2
7379;8,20012E+18;8;4;35;57;2020;1;21;1;3;8;1;2;0;1;0;0;0;0;546022,2372;5279813,015;9,613059697;47,67007049;0
7380;8,20012E+18;8;4;26;124;2020;1;17;1;3;9;1;2;0;1;0;0;0;0;548639,4091;5330117,903;9,653591928;48,12246042;2
7381;8,20012E+18;8;4;26;73;2020;1;16;1;3;8;1;0;0;1;0;0;0;0;563861,8406;5334992,499;9,858853612;48,16496684;1
7382;8,20012E+18;8;4;21;0;2020;1;17;1;3;2;6;2;0;1;0;0;0;0;569661,8346;5362512,191;9,941384248;48,41191166;1
7383;8,20012E+18;8;4;17;57;2020;1;16;1;3;8;1;1;0;1;0;0;0;0;480764,2398;5339457,247;8,741089619;48,20805274;2
7384;8,20012E+18;8;4;17;54;2020;1;15;1;3;8;1;0;0;1;0;0;0;0;483080,974;5345242,984;8,772041135;48,26017155;2
7385;8,20012E+18;8;4;15;92;2020;1;15;1;3;2;6;0;0;1;0;0;0;0;521195,9332;5361158,54;9,286383862;48,40322803;0
7386;8,20012E+18;8;4;15;50;2020;1;13;1;3;5;3;0;1;1;0;0;0;0;520088,8933;5377265,163;9,272200563;48,54816491;1
7387;8,20012E+18;8;3;35;22;2020;1;16;1;3;4;1;0;0;1;0;0;0;0;486131,7823;5299922,609;8,814615556;47,85249596;2