OBJECTID;UIDENTSTLAE;ULAND;UREGBEZ;UKREIS;UGEMEINDE;UJAHR;UMONAT;USTUNDE;UWOCHENTAG;UKATEGORIE;UART;UTYP1;ULICHTVERH;IstRad;IstPKW;IstFuss;IstKrad;IstGkfz;IstSonstige;LINREFX;LINREFY;XGCSWGS84;YGCSWGS84;STRZUSTAND
7388;8,20013E+18;8;1;21;0;2020;1;18;2;3;3;1;2;0;1;0;0;1;1;509849,0335;5448170,296;9,135160091;49,18625773;1
7389;8,20012E+18;8;3;35;97;2020;1;16;1;2;4;1;0;0;1;0;0;0;0;484261,8617;5295983,942;8,789762612;47,81701517;2
7390;8,20013E+18;8;1;25;26;2020;1;19;2;3;8;1;2;0;1;0;0;0;0;492044,071;5442698,316;8,890927425;49,13706284;1
7391;8,2002E+18;8;2;16;49;2020;2;17;2;3;5;3;2;0;1;0;1;0;0;435866,1668;5401618,961;8,127272954;48,76427273;1
7392;8,2002E+18;8;2;16;22;2020;2;13;2;3;4;7;0;0;1;0;0;1;0;434914,6742;5405418,424;8,113725188;48,79834968;1
7393;8,2002E+18;8;1;36;65;2020;2;7;2;3;6;4;1;0;1;1;0;0;0;559726,374;5409058,203;9,813839152;48,83162744;1
7394;8,2002E+18;8;1;35;19;2020;2;13;2;3;9;1;0;0;1;0;0;1;0;588822,3103;5402263,628;10,20875741;48,7670375;1
7395;8,2002E+18;8;1;27;14;2020;2;13;2;3;2;2;0;0;1;0;0;1;1;578612,8287;5442542,306;10,07762079;49,13068188;1
7396;8,2002E+18;8;1;27;103;2020;2;7;2;2;6;2;0;0;1;1;0;0;0;571457,7014;5436978,774;9,978569846;49,08151646;1
7397;8,2002E+18;8;1;27;73;2020;2;6;2;2;8;1;2;0;1;0;0;0;0;576904,8484;5448439,095;10,05533835;49,18393282;1
7398;8,2002E+18;8;1;19;90;2020;2;16;2;3;5;3;0;1;1;0;0;0;0;531932,8647;5406701,883;9,434954188;48,81248228;0
7399;8,2002E+18;8;1;19;87;2020;2;6;2;3;6;2;2;0;1;1;0;0;0;528348,9695;5424373,524;9,387365719;48,9716228;1
7400;8,2002E+18;8;1;18;48;2020;2;7;2;3;2;6;1;0;1;0;0;0;0;514208,5707;5416440,209;9,19387379;48,90074433;1
7401;8,2002E+18;8;1;18;48;2020;2;19;2;3;2;6;2;0;1;0;0;0;0;514214,7385;5416274,096;9,193952166;48,89924987;0
7402;8,2002E+18;8;1;18;63;2020;2;5;2;3;2;6;2;0;1;0;0;0;0;515979,9963;5423022,731;9,218302447;48,95991529;1
7403;8,2002E+18;8;1;18;67;2020;2;15;2;3;2;6;0;0;1;0;0;0;0;503908,3153;5414632,403;9,053311223;48,88463232;0
7404;8,2002E+18;8;1;17;3;2020;2;5;2;3;8;6;2;0;1;0;0;0;0;539711,5926;5392333,9;9,53951755;48,68278501;1
7405;8,2002E+18;8;1;17;26;2020;2;20;2;2;8;1;2;0;1;0;0;0;0;549328,5314;5393235,038;9,670271429;48,69020527;1
7406;8,2002E+18;8;1;17;61;2020;2;7;2;1;4;6;0;0;1;0;0;0;0;562513,8477;5395098,47;9,84969595;48,70578546;1
7407;8,2002E+18;8;1;16;33;2020;2;21;2;3;5;3;2;0;1;0;0;0;0;534966,936;5387766,06;9,474673589;48,64197731;1
7408;8,2002E+18;8;1;16;58;2020;2;6;2;3;2;7;2;0;1;0;0;0;0;535663,199;5395253,936;9,484770813;48,70929743;1
7409;8,2002E+18;8;1;16;19;2020;2;5;2;3;5;3;2;0;1;0;0;0;0;520251,8501;5398612,235;9,275452361;48,74019945;1
7410;8,2002E+18;8;1;15;4;2020;2;15;2;3;5;3;0;1;1;0;0;0;0;487385,702;5373992,946;8,829177184;48,51892193;1
7411;8,2002E+18;8;1;15;4;2020;2;6;2;3;2;6;2;0;1;0;0;0;0;486780,8791;5372659,008;8,821028982;48,50690893;1
7412;8,2002E+18;8;1;15;21;2020;2;6;2;3;2;6;2;0;1;0;0;0;0;489881,5763;5380195,836;8,86282547;48,5747702;1
7413;8,2002E+18;8;1;11;0;2020;2;8;2;3;4;6;0;0;1;0;0;0;0;510665,3003;5401599,137;9,145140419;48,76730744;1
7414;8,2002E+18;8;1;11;0;2020;2;14;2;3;3;6;0;0;1;0;0;0;0;512402,0644;5406889,896;9,168935056;48,81487041;1
7415;8,2002E+18;8;1;11;0;2020;2;17;2;3;5;3;2;0;1;0;0;0;0;509772,5339;5402660,223;9,133016316;48,77686757;1
7416;8,2002E+18;8;1;11;0;2020;2;6;2;2;6;7;2;0;1;1;0;0;0;514954,8008;5404205,535;9,203609242;48,79066606;1
7417;8,2002E+18;8;1;11;0;2020;2;6;2;3;3;7;1;0;1;0;0;0;0;512769,3098;5407611,034;9,173959922;48,82135024;1
7418;8,2002E+18;8;1;11;0;2020;2;7;2;3;2;6;1;0;1;0;0;0;0;513138,535;5403463,176;9,178857227;48,78402889;1
7419;8,2002E+18;8;4;37;56;2020;2;9;1;3;8;1;0;0;1;0;0;0;0;526159,3435;5302575,254;9,349845126;47,87597958;1
7420;8,2002E+18;8;4;36;9;2020;2;21;1;3;8;1;2;0;1;0;0;0;0;554113,8254;5306863,388;9,724212624;47,91281077;1
7421;8,2002E+18;8;4;26;21;2020;2;7;1;3;4;2;0;0;1;0;0;0;0;559050,187;5327043,023;9,793048335;48,09391766;1
7422;8,2002E+18;8;4;26;70;2020;2;21;1;3;2;6;2;0;1;0;0;0;0;565107,0614;5340608,382;9,8764592;48,21536006;1
7423;8,2002E+18;8;3;37;126;2020;2;9;1;3;2;6;0;0;1;0;0;0;0;441973,4668;5273591,253;8,22787048;47,61312793;1
7424;8,2002E+18;8;3;15;76;2020;2;18;1;3;2;1;2;0;1;0;0;0;0;391966,122;5296704,807;7,556884942;47,81462219;1
7425;8,2002E+18;8;2;15;96;2020;2;18;1;3;3;1;2;0;1;0;0;0;0;464567,2781;5420739,443;8,516160046;48,93856731;1
7426;8,2002E+18;8;2;31;0;2020;2;11;1;3;2;6;0;0;1;0;0;0;0;475980,801;5415493,553;8,672319165;48,89192583;1
7427;8,2002E+18;8;2;36;71;2020;2;23;1;3;8;1;2;0;1;0;0;0;0;470191,7894;5419219,775;8,593072617;48,92519374;1
7428;8,2002E+18;8;2;26;106;2020;2;12;1;3;9;1;0;0;1;0;0;0;0;502773,6818;5462489,999;9,038162954;49,31513944;1
7429;8,2002E+18;8;2;16;41;2020;2;19;1;3;5;3;2;0;1;0;0;0;0;434262,561;5392217,609;8,106952462;48,67954067;1
7430;8,2002E+18;8;2;15;66;2020;2;18;1;3;5;3;2;0;1;0;0;0;0;457843,6137;5452920,546;8,420996109;49,22761563;1
7431;8,2002E+18;8;2;11;0;2020;2;14;1;3;9;1;0;0;1;0;0;0;0;443946,169;5402185,455;8,23713675;48,77014858;1
7432;8,2002E+18;8;1;36;43;2020;2;12;1;3;8;1;0;0;1;0;0;0;0;572845,6043;5408102,256;9,992408123;48,82162871;1
7433;8,2002E+18;8;1;36;65;2020;2;18;1;3;2;6;2;0;1;0;0;0;0;561296,7465;5405932,363;9,83476788;48,80335765;1
7434;8,2002E+18;8;1;28;115;2020;2;18;1;2;5;3;2;0;1;0;0;0;0;549807,5684;5495037,019;9,689368555;49,60585007;1
7435;8,2002E+18;8;1;26;85;2020;2;22;1;3;9;1;2;0;1;0;0;0;0;546896,5911;5449233,743;9,643674235;49,19410922;1
7436;8,2002E+18;8;1;25;108;2020;2;18;1;2;8;1;2;0;1;0;0;0;0;495146,2092;5434683,223;8,933552771;49,0649958;1
7437;8,2002E+18;8;1;19;67;2020;2;11;1;3;5;2;0;1;1;0;0;0;0;537554,2204;5408796,704;9,511710931;48,831012;1
7438;8,2002E+18;8;1;18;73;2020;2;9;1;3;2;6;0;0;1;0;0;0;0;496528,5345;5418725,512;8,952612809;48,92145558;0
7439;8,2002E+18;8;1;18;79;2020;2;20;1;3;2;6;2;0;1;0;0;0;0;510220,7921;5421740,988;9,1395942;48,94850721;1
7440;8,2002E+18;8;1;15;45;2020;2;15;1;3;9;1;0;0;1;0;0;0;0;505192,7625;5396920,673;9,070607631;48,72528967;1
7441;8,2002E+18;8;4;25;71;2020;2;2;1;2;9;1;2;0;1;0;0;0;0;554101,6696;5371517,457;9,732294378;48,49444881;0
7442;8,2002E+18;8;1;17;28;2020;2;17;1;2;6;4;2;0;1;1;0;0;0;547257,111;5382955,331;9,640954182;48,59789334;1
7443;8,2002E+18;8;1;16;49;2020;2;20;1;3;2;6;2;0;1;0;0;0;0;524097,674;5385817,761;9,327013941;48,62496387;1
7444;8,2002E+18;8;1;16;77;2020;2;20;1;3;8;1;2;0;1;0;0;0;0;516457,9276;5390628,46;9,223532084;48,6684891;1
7445;8,2002E+18;8;4;35;34;2020;2;16;7;2;9;7;1;0;1;0;0;0;0;533274,5357;5285779,642;9,443709754;47,72453622;0
7446;8,2002E+18;8;4;21;0;2020;2;20;7;3;1;6;2;0;1;0;0;0;1;569060,4964;5357070,07;9,932364402;48,36302388;1
7447;8,2002E+18;8;4;21;0;2020;2;20;7;3;5;2;2;0;1;0;0;0;0;570093,353;5362007,833;9,947130541;48,40732695;1
7448;8,2002E+18;8;4;21;0;2020;2;17;7;3;2;6;2;0;1;0;0;0;0;570137,0432;5361536,329;9,947642015;48,40308076;1
7449;8,2002E+18;8;4;17;22;2020;2;10;7;3;1;6;0;0;1;0;0;0;0;485920,1721;5348404,223;8,810189581;48,28868176;0
7450;8,2002E+18;8;4;16;41;2020;2;19;7;3;3;3;2;0;1;0;0;0;0;505253,9478;5373411,637;9,071141772;48,51379702;1
7451;8,2002E+18;8;4;16;31;2020;2;10;7;3;5;3;0;0;1;0;0;0;0;502992,8691;5363101,149;9,040451564;48,42105407;1
7452;8,2002E+18;8;3;36;50;2020;2;16;7;3;8;7;0;1;0;0;0;0;0;402900,2685;5273711,396;7,7080256;47,60953168;1
7453;8,2002E+18;8;3;27;18;2020;2;20;7;3;9;1;2;0;1;0;0;0;0;474270,998;5307104,536;8,655639886;47,91674777;1
7454;8,2002E+18;8;3;26;3;2020;2;18;7;3;5;2;2;0;1;0;0;0;0;464336,8943;5319579,347;8,521649298;48,02850696;1
7455;8,2002E+18;8;3;25;69;2020;2;12;7;2;4;6;0;0;1;0;0;0;0;470084,088;5335978,585;8,597584561;48,1763428;1
7456;8,2002E+18;8;3;17;152;2020;2;13;7;3;8;1;0;0;0;0;1;0;0;407570,6791;5350205,308;7,753713936;48,29828936;0
7457;8,2002E+18;8;3;17;57;2020;2;9;7;3;1;5;0;0;0;0;1;0;1;416623,8335;5383521,832;7,869122682;48,59922062;0
7458;8,2002E+18;8;3;15;76;2020;2;14;7;3;5;3;0;0;1;0;0;0;0;391495,9737;5296650,816;7,550620297;47,81405745;1
7459;8,2002E+18;8;2;36;38;2020;2;19;7;3;8;1;2;0;1;0;0;0;0;487545,2229;5428283,634;8,829694072;49,00732136;1
7460;8,2002E+18;8;2;36;46;2020;2;9;7;3;2;6;0;0;1;0;0;0;0;482671,7253;5418103,731;8,763488053;48,91562943;0
7461;8,2002E+18;8;2;26;96;2020;2;10;7;2;9;2;0;0;1;0;0;0;0;475271,8447;5486759,011;8,658256896;49,53293969;0
7462;8,2002E+18;8;2;25;52;2020;2;19;7;2;8;1;2;0;1;0;0;0;0;515233,5109;5478719,503;9,210218377;49,46093925;1
7463;8,2002E+18;8;2;21;0;2020;2;16;7;3;2;6;0;0;1;0;0;0;0;474179,627;5474028,653;8,643993686;49,41838841;1
7464;8,2002E+18;8;2;16;7;2020;2;17;7;3;5;2;2;0;1;0;0;0;0;435526,506;5396811,179;8,123403884;48,72099181;1
7465;8,2002E+18;8;2;15;106;2020;2;17;7;3;5;2;1;0;1;0;0;0;0;465238,9941;5451575,399;8,522681642;49,21598054;1
7466;8,2002E+18;8;2;15;101;2020;2;15;7;3;5;2;0;0;1;0;0;0;0;465593,2428;5428247,13;8,529534231;49,00615954;1
7467;8,2002E+18;8;1;36;65;2020;2;6;7;3;9;7;2;0;1;0;0;0;0;565210,0545;5408032,383;9,888388352;48,82184873;0
7468;8,2002E+18;8;1;36;82;2020;2;14;7;2;6;4;0;0;1;1;0;0;0;591623,9169;5416156,732;10,24997898;48,89158243;1
7469;8,2002E+18;8;1;35;20;2020;2;20;7;2;2;6;2;0;1;0;0;0;0;589112,068;5385069,244;10,20899127;48,61234821;1
7470;8,2002E+18;8;1;35;15;2020;2;7;7;2;5;7;2;0;1;0;0;0;0;575944,9182;5387648,918;10,03085664;48,63728837;0
7471;8,2002E+18;8;1;27;89;2020;2;16;7;2;5;3;0;0;1;0;0;0;1;567015,3678;5441790,635;9,918541738;49,12529545;1
7472;8,2002E+18;8;1;25;13;2020;2;16;7;3;1;6;0;0;1;0;1;0;0;504652,979;5435821,815;9,06371126;49,07523956;1
7473;8,2002E+18;8;1;25;26;2020;2;18;7;3;4;2;2;0;1;0;0;0;0;494015,606;5444064,033;8,917936057;49,14937036;1
7474;8,2002E+18;8;1;19;89;2020;2;12;7;3;0;1;0;0;0;0;1;0;0;530620,5673;5411066,938;9,41740609;48,8518148;0
7475;8,2002E+18;8;1;19;20;2020;2;14;7;3;5;3;0;0;1;0;0;0;0;520879,7636;5405860,362;9,284360704;48,80538186;0
7476;8,2002E+18;8;1;18;63;2020;2;11;7;3;2;6;0;0;1;0;0;0;0;516331,2421;5422905,141;9,223096055;48,95884832;0
7477;8,2002E+18;8;1;18;48;2020;2;15;7;3;2;6;0;0;1;0;0;0;0;512681,0362;5417216,26;9,173055022;48,90775862;1
7478;8,2002E+18;8;1;18;11;2020;2;11;7;3;2;6;0;0;1;0;0;0;0;506141,0194;5407679,841;9,083662031;48,82207011;0
7479;8,2002E+18;8;1;18;71;2020;2;17;7;3;9;1;2;0;1;0;0;0;0;509090,846;5420019,815;9,124123189;48,93304172;1
7480;8,2002E+18;8;1;18;79;2020;2;9;7;3;2;6;0;0;1;0;0;0;0;509744,892;5422898,349;9,133122138;48,95892613;0
7481;8,2002E+18;8;1;16;78;2020;2;18;7;2;8;1;2;0;1;0;0;0;0;512342,2968;5394712,715;9,167755744;48,70532625;1
7482;8,2002E+18;8;1;17;18;2020;2;4;7;2;0;7;2;0;1;0;0;0;0;536983,3608;5395491,691;9,502736406;48,71135931;0
7483;8,2002E+18;8;1;17;24;2020;2;12;7;3;5;3;0;0;1;0;0;0;0;560192,1509;5386473,022;9,816887513;48,62842604;0
7484;8,2002E+18;8;1;17;7;2020;2;23;7;3;6;4;2;0;1;1;0;0;0;556251,796;5383832,717;9,763058736;48,60504224;1
7485;8,2002E+18;8;1;11;0;2020;2;12;7;3;3;6;0;0;1;0;0;0;1;516142,9619;5393355,645;9,21936075;48,69303122;0
7486;8,2002E+18;8;1;15;28;2020;2;17;7;2;4;2;2;0;1;0;0;0;0;501430,6012;5403574,553;9,019475467;48,78516796;1
7487;8,2002E+18;8;1;11;0;2020;2;11;7;3;5;3;0;0;1;0;0;0;0;511087,4118;5403814,981;9,150944522;48,78723365;0
7488;8,2002E+18;8;1;11;0;2020;2;12;7;3;2;6;0;0;1;0;0;0;1;514583,2862;5406034,302;9,198616052;48,80712625;0
7489;8,2002E+18;8;1;11;0;2020;2;18;7;3;3;6;2;0;1;0;1;0;0;515056,3328;5404880,041;9,20501631;48,79673138;1
7490;8,2002E+18;8;1;11;0;2020;2;15;7;3;8;1;0;0;1;0;0;0;0;517054,1821;5403518,35;9,232163517;48,78443019;1
7491;8,2002E+18;8;1;11;0;2020;2;19;7;3;2;6;2;0;1;0;0;0;0;507561,197;5397447,671;9,102821602;48,73000632;1
7492;8,2002E+18;8;1;11;0;2020;2;11;7;3;2;6;0;0;1;0;0;0;1;513685,0587;5400245,019;9,186190045;48,75506679;0
7493;8,20013E+18;8;4;36;64;2020;1;9;6;2;6;6;0;0;1;1;0;0;0;547853,099;5285356,102;9,638055102;47,71980935;1
7494;8,20013E+18;8;4;36;55;2020;1;19;6;3;5;3;2;0;1;0;0;0;0;576084,4113;5298968,991;10,01681633;47,83956253;0
7495;8,20013E+18;8;4;35;16;2020;1;17;6;3;5;3;2;0;1;0;0;0;1;538723,257;5284121,504;9,516217228;47,7093136;0
7496;8,20013E+18;8;4;16;41;2020;1;10;6;3;1;6;0;0;1;0;0;1;0;502326,4708;5371527,449;9,031491391;48,49686379;0
7497;8,20013E+18;8;4;15;61;2020;1;15;6;3;1;6;0;0;1;0;0;0;0;517429,1935;5372134,197;9,235947985;48,50208484;0
7498;8,20013E+18;8;4;15;61;2020;1;15;6;3;1;6;0;0;1;0;0;0;0;514578,0626;5371710,057;9,197336205;48,49834177;0
7499;8,20013E+18;8;3;35;79;2020;1;11;6;3;0;7;0;0;0;1;0;0;1;500925,3555;5299694,049;9,012369304;47,85058851;0
7500;8,20013E+18;8;3;25;69;2020;1;8;6;3;2;6;1;0;1;0;0;0;0;468019,7456;5336210,923;8,569799252;48,1783325;1
7501;8,20013E+18;8;3;25;70;2020;1;6;6;3;4;6;2;0;1;0;0;0;1;462102,2236;5347515,586;8,489188197;48,27970911;1
7502;8,20013E+18;8;3;17;47;2020;1;6;6;3;5;3;2;0;1;0;0;0;1;418048,4352;5363538,51;7,892366218;48,4196648;1
7503;8,20013E+18;8;3;15;6;2020;1;12;6;3;5;3;0;0;1;0;0;0;0;401701,7403;5306353,367;7,684702395;47,90297239;0
7504;8,20013E+18;8;3;36;50;2020;1;10;6;3;2;6;0;0;1;0;0;0;0;398644,2161;5272952,744;7,651587346;47,60205568;0
7505;8,20013E+18;8;2;36;72;2020;1;7;6;3;5;3;1;0;1;0;0;0;0;464904,955;5410753,368;8,521628754;48,84875713;1
7506;8,20013E+18;8;2;36;40;2020;1;13;6;3;0;6;0;0;1;0;0;0;1;489779,0329;5418871,042;8,860475378;48,92269006;0
7507;8,20013E+18;8;2;37;54;2020;1;10;6;3;5;3;0;0;1;0;0;0;0;466691,5053;5374379,866;8,548911716;48,52164579;1
7508;8,20013E+18;8;2;36;71;2020;1;9;6;3;3;1;0;0;1;0;0;1;0;470754,2334;5419134,918;8,60075672;48,92445724;1
7509;8,20013E+18;8;2;36;74;2020;1;6;6;3;1;6;2;0;1;0;0;0;0;472407,9437;5421523,746;8,623169813;48,94602192;1
7510;8,20013E+18;8;2;25;74;2020;1;19;6;3;2;6;2;0;1;0;0;0;0;505954,2283;5466863,968;9,081989228;49,35446092;1
7511;8,20013E+18;8;2;25;58;2020;1;16;6;3;5;3;1;0;1;0;0;0;0;508214,7317;5463638,825;9,113049646;49,32542428;1
7512;8,20013E+18;8;2;21;0;2020;1;11;6;3;6;7;0;1;0;1;0;0;0;476559,9278;5472742,526;8,676888179;49,4069163;0
7513;8,20013E+18;8;2;16;59;2020;1;13;6;3;8;1;0;0;1;0;0;0;0;453461,1471;5395933,584;8,367327791;48,71469442;0
7514;8,20013E+18;8;2;16;59;2020;1;10;6;3;2;6;0;0;1;0;0;0;0;453528,9783;5395842,564;8,368260115;48,71388071;1
7515;8,20013E+18;8;2;16;5;2020;1;14;6;3;2;6;0;0;1;0;0;0;0;445568,5333;5416554,592;8,25730607;48,89954472;0
7516;8,20013E+18;8;2;16;43;2020;1;13;6;3;2;6;0;0;1;0;0;0;0;442787,945;5410219,15;8,220255819;48,84230696;0
7517;8,20013E+18;8;2;15;107;2020;1;14;6;3;2;6;0;0;1;0;0;0;0;464013,419;5456038,985;8,5054527;49,25605933;0
7518;8,20013E+18;8;2;12;0;2020;1;15;6;3;2;6;0;0;1;0;0;0;0;456383,4746;5426520,622;8,403794911;48,99004721;0
7519;8,20013E+18;8;3;17;1;2020;1;20;6;2;1;7;2;0;1;0;0;1;0;430142,9905;5391393,395;8,051134841;48,67167956;0
7520;8,20013E+18;8;1;28;7;2020;1;11;6;2;8;1;0;0;1;0;0;0;0;554848,3723;5477848,793;9,756740217;49,45082265;1
7521;8,20013E+18;8;1;27;8;2020;1;6;6;3;0;6;1;0;1;0;0;0;0;567766,5158;5464327,117;9,932643456;49,32790786;1
7522;8,20013E+18;8;1;26;11;2020;1;17;6;2;4;6;2;0;1;0;0;0;0;526977,9102;5447357,465;9,370164752;49,17843189;0
7523;8,20013E+18;8;1;25;27;2020;1;7;6;3;3;6;2;0;1;0;0;1;0;517872,8955;5446774,334;9,245210154;49,17351934;0
7524;8,20013E+18;8;1;25;65;2020;1;7;6;3;0;3;2;0;1;0;0;0;0;516004,107;5447482,456;9,219599387;49,17994068;0
7525;8,20013E+18;8;1;21;0;2020;1;19;6;3;4;3;2;0;1;0;0;0;0;516972,2441;5443946,949;9,232734421;49,14811177;0
7526;8,20013E+18;8;1;18;73;2020;1;13;6;2;2;6;0;0;1;0;0;0;0;496033,5771;5420828,34;8,945835945;48,94036906;0
7527;8,20013E+18;8;1;18;70;2020;1;5;6;3;0;6;2;0;1;0;0;0;1;519517,0344;5424655,136;9,266699666;48,97449815;1
7528;8,20013E+18;8;1;18;51;2020;1;11;6;3;0;6;0;0;1;0;0;0;0;510360,2546;5414841,914;9,141323767;48,88644277;0
7529;8,20013E+18;8;1;18;46;2020;1;18;6;3;1;6;2;0;1;0;0;0;0;517617,3036;5412474,156;9,24021412;48,86497925;0
7530;8,20013E+18;8;1;15;3;2020;1;11;6;3;8;1;0;0;1;0;0;0;0;497659,7542;5392122,662;8,968206128;48,68214362;1
7531;8,20013E+18;8;1;15;21;2020;1;14;6;3;2;6;0;0;1;0;0;0;0;492514,828;5381324,21;8,89850383;48,58495834;0
7532;8,20013E+18;8;1;18;63;2020;1;9;6;3;3;6;0;0;1;0;0;0;0;516018,6312;5423089,233;9,218832851;48,96051252;0
7533;8,20013E+18;8;1;17;26;2020;1;23;6;2;9;1;2;0;1;0;0;0;0;547633,398;5394630,164;9,647400585;48,70288685;0
7534;8,20013E+18;8;4;25;79;2020;1;17;6;3;3;6;1;0;1;0;0;0;0;556079,492;5374115,996;9,759412007;48,51765082;0
7535;8,20013E+18;8;1;15;34;2020;1;19;6;3;2;6;2;1;1;0;0;0;0;485493,5217;5376522,546;8,80346538;48,5416381;1
7536;8,20013E+18;8;1;15;21;2020;1;11;6;3;2;6;0;0;1;0;0;0;1;489957,2751;5380187,039;8,863851921;48,57469227;0
7537;8,20013E+18;8;1;11;0;2020;1;13;6;3;3;2;0;0;1;0;1;0;0;511782,6623;5406582,953;9,160489075;48,81212126;0
7538;8,20013E+18;8;1;11;0;2020;1;8;6;3;5;3;0;1;1;0;0;0;0;514983,7836;5395301,903;9,203679844;48,71056873;1
7539;8,20013E+18;8;1;11;0;2020;1;11;6;3;2;6;0;0;1;0;0;0;0;513873,2094;5406068,767;9,188946432;48,80745255;1
7540;8,20013E+18;8;4;36;8;2020;1;17;5;3;2;7;2;0;1;0;0;0;0;547916,1697;5310549,716;9,641684431;47,94646878;0
7541;8,20013E+18;8;4;36;6;2020;1;7;5;3;8;1;0;0;1;0;0;0;0;556104,5255;5282707,688;9,747726649;47,69531747;2
7542;8,20013E+18;8;4;26;135;2020;1;7;5;3;9;1;0;0;1;0;0;0;0;568994,4176;5331352,68;9,927280578;48,13168742;2
7543;8,20013E+18;8;4;26;38;2020;1;16;5;3;2;6;0;0;1;0;0;0;1;557986,6645;5315504,037;9,777203366;47,99020727;0
7544;8,20013E+18;8;4;17;13;2020;1;19;5;3;5;3;2;0;1;0;0;0;0;508124,425;5348486,169;9,109527307;48,28952349;1
7545;8,20013E+18;8;4;17;2;2020;1;14;5;3;2;6;0;0;1;0;0;1;1;489893,6016;5351653,443;8,863677451;48,3179899;0
7546;8,20013E+18;8;4;15;59;2020;1;10;5;3;5;3;0;0;1;0;0;0;0;517015,6154;5369938,581;9,23025976;48,48234367;1
7547;8,20013E+18;8;4;15;62;2020;1;8;5;3;1;6;0;0;1;0;0;0;0;519191,4725;5378473,47;9,260096531;48,55906322;1
7548;8,20013E+18;8;3;35;75;2020;1;19;5;3;5;3;0;1;1;0;0;0;0;487986,6215;5289006,946;8,839712568;47,75432007;0
7549;8,20013E+18;8;3;26;74;2020;1;7;5;3;4;1;0;0;1;0;0;0;0;465520,4253;5322975,952;8,537249873;48,05913062;2
7550;8,20013E+18;8;3;17;110;2020;1;9;5;3;2;2;0;0;1;0;0;0;0;427404,947;5382323,601;8,015538179;48,58978568;0
7551;8,20013E+18;8;3;15;72;2020;1;20;5;3;4;1;2;0;1;0;0;0;0;403056,6775;5318497,834;7,700089788;48,01241736;1
7552;8,20013E+18;8;3;15;47;2020;1;7;5;3;2;6;0;0;1;0;0;0;0;414788,1965;5321955,299;7,856674961;48,04519063;0
7553;8,20013E+18;8;2;37;40;2020;1;18;5;3;8;1;2;0;1;0;0;0;0;477726,0911;5363390,311;8,698933017;48,42326879;1
7554;8,20013E+18;8;2;35;85;2020;1;14;5;3;2;6;0;0;1;0;0;0;0;481521,306;5395690,645;8,748795631;48,71397207;0
7555;8,20013E+18;8;2;35;50;2020;1;5;5;2;9;1;2;0;1;0;0;0;0;469038,5667;5387558,09;8,579714735;48,64031766;2
7556;8,20013E+18;8;2;35;29;2020;1;7;5;3;2;6;1;0;1;0;0;0;0;487072,0049;5393618,327;8,824317784;48,69546922;1
7557;8,20013E+18;8;2;31;0;2020;1;7;5;3;9;6;0;0;1;0;0;0;0;477649,6633;5415353,327;8,695093864;48,89072684;0
7558;8,20013E+18;8;2;37;4;2020;1;17;5;2;4;2;2;1;1;0;0;0;0;451083,0889;5374046,006;8,337582522;48,51762017;1
7559;8,20013E+18;8;2;31;0;2020;1;12;5;2;2;6;0;0;0;0;0;1;0;484475,6729;5414303,764;8,78825421;48,88149387;0
7560;8,20013E+18;8;2;36;19;2020;1;18;5;3;1;6;2;0;1;0;0;0;0;487393,7513;5409741,642;8,828195978;48,84052018;0
7561;8,20013E+18;8;2;22;0;2020;1;3;5;3;9;1;2;0;1;0;0;0;0;460963,3366;5483138,049;8,460878978;49,49961833;0
7562;8,20013E+18;8;2;26;85;2020;1;7;5;2;0;4;2;0;1;1;0;0;0;491217,8484;5455466,628;8,879321196;49,25190628;0
7563;8,20013E+18;8;2;12;0;2020;1;16;5;3;2;6;0;0;1;0;0;0;0;456381,9614;5426520,022;8,403774292;48,99004171;0
7564;8,20013E+18;8;2;12;0;2020;1;17;5;2;2;6;2;0;1;0;0;0;1;462581,731;5428303,832;8,488352313;49,00649435;0
7565;8,20013E+18;8;2;15;9;2020;1;11;5;2;1;6;0;0;0;0;0;1;1;467266,0211;5441316,28;8,551349346;49,12381067;0
7566;8,20013E+18;8;1;36;43;2020;1;8;5;3;8;1;0;0;1;0;0;0;0;572480,7789;5408123,996;9,987442559;48,82186693;0
7567;8,20013E+18;8;1;28;115;2020;1;17;5;3;9;1;0;0;1;0;0;0;0;549429,0111;5494701,862;9,684087296;49,60286675;0
7568;8,20013E+18;8;1;27;14;2020;1;12;5;3;2;2;0;0;1;0;0;0;0;580879,296;5444783,602;10,10913318;49,15054532;1
7569;8,20013E+18;8;1;27;73;2020;1;8;5;3;2;6;0;0;0;0;0;1;0;582101,7364;5450177,544;10,12699456;49,19889407;0
7570;8,20013E+18;8;1;25;46;2020;1;12;5;3;3;6;0;1;1;0;0;0;0;519943,8926;5434241,348;9,273003791;49,06071716;0
7571;8,20013E+18;8;1;19;79;2020;1;10;5;3;2;6;0;0;1;0;0;0;0;522373,674;5409510,086;9,30490501;48,83816195;0
7572;8,20013E+18;8;1;19;53;2020;1;0;5;3;8;1;2;0;1;0;0;0;0;535173,743;5427530,833;9,480890834;48,99967301;1
7573;8,20013E+18;8;1;18;73;2020;1;16;5;3;2;7;0;0;1;0;0;0;0;498062,114;5418818,074;8,973546472;48,92229494;0
7574;8,20013E+18;8;1;18;49;2020;1;7;5;2;9;7;1;0;1;0;0;0;0;518580,745;5421108,211;9,253743539;48,94262032;1