OBJECTID;UIDENTSTLAE;ULAND;UREGBEZ;UKREIS;UGEMEINDE;UJAHR;UMONAT;USTUNDE;UWOCHENTAG;UKATEGORIE;UART;UTYP1;ULICHTVERH;IstRad;IstPKW;IstFuss;IstKrad;IstGkfz;IstSonstige;LINREFX;LINREFY;XGCSWGS84;YGCSWGS84;STRZUSTAND
7575;8,20013E+18;8;1;15;15;2020;1;5;5;3;3;6;2;0;1;0;0;0;0;494167,472;5387010,686;8,920833117;48,63613269;1
7576;8,20013E+18;8;1;16;78;2020;1;1;5;2;8;1;2;0;1;0;0;0;0;512342,7983;5394674,93;9,16776143;48,70498632;1
7577;8,20013E+18;8;1;15;21;2020;1;7;5;3;2;6;1;0;1;0;0;0;0;492462,9923;5381781,345;8,897792665;48,58907021;1
7578;8,20013E+18;8;1;18;53;2020;1;10;5;2;5;3;0;0;1;0;0;0;1;517251,4017;5428035,347;9,235883654;49,00497244;0
7579;8,20013E+18;8;1;16;50;2020;1;8;5;3;2;6;0;0;1;0;0;0;0;526727,2729;5387965,256;9,362836321;48,6441759;0
7580;8,20013E+18;8;1;16;49;2020;1;7;5;3;2;6;1;0;1;0;0;0;0;526258,1186;5385933,358;9,35633869;48,62591681;1
7581;8,20013E+18;8;1;16;80;2020;1;19;5;3;2;6;2;0;1;0;0;0;0;519243,527;5394990,236;9,261568943;48,70764807;1
7582;8,20013E+18;8;1;16;78;2020;1;8;5;3;2;6;0;0;1;0;0;0;0;513750,339;5391262,509;9,186778836;48,67425855;0
7583;8,20013E+18;8;1;16;77;2020;1;17;5;3;2;6;2;0;1;0;0;0;0;517050,5109;5387908,011;9,231468435;48,64399982;1
7584;8,20013E+18;8;1;16;19;2020;1;17;5;3;2;6;1;0;1;0;0;0;0;523662,7556;5397701,057;9,321792228;48,73188236;0
7585;8,20013E+18;8;1;16;77;2020;1;17;5;2;6;2;2;0;1;1;0;0;0;515247,01;5389082,33;9,207028509;48,65461072;1
7586;8,20013E+18;8;1;15;45;2020;1;15;5;3;5;3;0;1;1;0;0;0;0;500008,307;5395374,909;9,000112922;48,71140551;0
7587;8,20013E+18;8;1;15;41;2020;1;18;5;3;2;6;2;0;1;0;0;0;0;496207,6841;5401667,75;8,948390964;48,76800452;1
7588;8,20013E+18;8;1;15;3;2020;1;17;5;3;6;4;2;0;1;1;0;0;0;500154,8367;5392283,637;9,002103625;48,68359614;0
7589;8,20013E+18;8;1;15;24;2020;1;17;5;3;2;6;2;0;1;0;0;0;0;500976,2268;5386413,812;9,013249258;48,63078954;1
7590;8,20013E+18;8;1;11;0;2020;1;11;5;3;5;3;0;0;1;0;0;0;0;516722,3692;5398719,931;9,227451488;48,74127302;1
7591;8,20013E+18;8;1;11;0;2020;1;11;5;3;5;3;0;0;1;0;0;0;0;517593,2764;5407186,316;9,23965945;48,81741165;0
7592;8,20013E+18;8;1;11;0;2020;1;22;5;3;5;2;2;0;1;0;0;0;0;511741,1523;5402015,854;9,159793158;48,77103683;0
7593;8,20013E+18;8;1;11;0;2020;1;18;5;3;2;6;2;0;1;0;0;0;0;517298,3834;5403301,739;9,235478754;48,78247484;1
7594;8,20013E+18;8;1;11;0;2020;1;19;5;3;2;6;2;0;1;0;0;0;0;511926,639;5396668,064;9,162162694;48,72292471;1
7595;8,20013E+18;8;4;37;104;2020;1;7;4;2;8;1;2;0;1;0;0;0;0;518614,747;5327025,65;9,250007839;48,0962259;2
7596;8,20013E+18;8;4;36;93;2020;1;4;4;3;8;1;2;0;1;0;0;0;0;543218,2506;5314226,812;9,579143956;47,97988509;2
7597;8,20013E+18;8;4;36;8;2020;1;4;4;3;8;1;2;0;1;0;0;0;0;551831,6886;5311469,481;9,694227319;47,95443862;2
7598;8,20013E+18;8;4;36;10;2020;1;11;4;3;5;3;0;0;1;0;0;0;0;563627,116;5299999,628;9,850505444;47,85018833;1
7599;8,20013E+18;8;4;26;21;2020;1;15;4;3;5;3;0;1;1;0;0;0;0;558950,397;5326756,479;9,79166871;48,0913491;1
7600;8,20013E+18;8;4;26;70;2020;1;9;4;3;2;6;0;0;0;0;0;1;1;565236,4359;5339545,406;9,878037108;48,20578445;1
7601;8,20013E+18;8;4;15;59;2020;1;6;4;3;5;3;2;0;1;0;0;0;0;517432,4425;5366411,212;9,235753301;48,4505987;1
7602;8,20013E+18;8;4;15;89;2020;1;15;4;3;8;1;0;0;1;0;0;0;0;523425,7163;5357968,728;9,31633269;48,37445216;1
7603;8,20013E+18;8;3;35;43;2020;1;19;4;3;5;2;2;0;1;0;1;0;0;511459,472;5280191,795;9,152665167;47,6750149;0
7604;8,20013E+18;8;3;35;43;2020;1;8;4;3;2;6;0;0;1;0;1;0;0;513794,3141;5280020,15;9,183764784;47,6734249;1
7605;8,20013E+18;8;3;26;12;2020;1;6;4;3;8;1;2;0;1;0;0;0;1;464551,8016;5315195,189;8,524894173;47,98907526;2
7606;8,20013E+18;8;3;26;74;2020;1;6;4;2;4;6;2;0;1;0;0;0;1;461572,2474;5319945,296;8,484535643;48,03163894;1
7607;8,20013E+18;8;3;17;96;2020;1;17;4;3;2;6;0;0;1;0;0;0;0;421363,998;5368788,314;7,936184441;48,46730906;0
7608;8,20013E+18;8;3;17;96;2020;1;6;4;3;2;6;2;0;1;0;0;0;0;423020,1119;5372782,352;7,957849173;48,50344006;1
7609;8,20013E+18;8;3;15;113;2020;1;8;4;3;3;1;0;0;1;0;0;1;0;444789,3418;5305681,859;8,261260851;47,90208754;2
7610;8,20013E+18;8;2;37;28;2020;1;9;4;3;9;1;0;0;1;0;0;0;0;459940,7537;5368154,663;8,458089078;48,46524928;1
7611;8,20013E+18;8;2;37;27;2020;1;14;4;2;4;1;0;0;1;0;0;1;0;484358,661;5366590,378;8,788462393;48,45225763;1
7612;8,20013E+18;8;2;31;0;2020;1;15;4;3;5;3;0;0;1;0;0;0;0;478369,6535;5415623,223;8,704901635;48,89318029;0
7613;8,20013E+18;8;2;31;0;2020;1;22;4;3;5;3;2;0;1;0;0;0;0;477091,5256;5413372,039;8,687590822;48,87288345;0
7614;8,20013E+18;8;2;31;0;2020;1;7;4;2;6;4;2;0;1;1;0;0;0;478249,4884;5416267,756;8,70322795;48,89897408;1
7615;8,20013E+18;8;2;31;0;2020;1;17;4;3;1;6;2;0;1;0;0;0;0;475793,886;5414995,085;8,669798757;48,88743451;1
7616;8,20013E+18;8;2;31;0;2020;1;13;4;3;3;6;0;0;1;0;0;0;0;475510,9218;5415223,028;8,665925185;48,88947389;0
7617;8,20013E+18;8;2;12;0;2020;1;16;4;3;2;6;1;0;1;0;0;0;0;456676,9066;5426668,694;8,407789894;48,9913998;1
7618;8,20013E+18;8;2;15;21;2020;1;12;4;3;2;6;0;0;0;0;0;1;0;468617,0646;5445585,597;8,56953363;49,16228423;1
7619;8,20013E+18;8;1;36;65;2020;1;14;4;3;2;1;0;0;1;0;0;0;0;555879,6482;5404461,373;9,760802289;48,79063651;1
7620;8,20013E+18;8;1;28;139;2020;1;18;4;1;6;4;2;0;1;1;0;0;0;550969,1557;5493322,967;9,70522204;49,59033704;1
7621;8,20013E+18;8;1;27;89;2020;1;21;4;3;0;1;2;0;1;0;0;0;1;565809,6532;5443208,384;9,902249253;49,13817739;2
7622;8,20013E+18;8;1;26;56;2020;1;23;4;3;8;1;2;0;1;0;0;0;0;556024,6598;5464335,459;9,77106315;49,32917386;2
7623;8,20013E+18;8;1;26;47;2020;1;8;4;3;5;3;0;0;1;0;0;0;0;548080,784;5451451,034;9,660192094;49,21396136;1
7624;8,20013E+18;8;1;19;8;2020;1;14;4;3;3;6;0;0;1;0;0;0;0;532081,3821;5421142,035;9,438109998;48,94237168;0
7625;8,20013E+18;8;1;19;87;2020;1;13;4;3;2;6;0;0;1;0;0;0;0;529297,7517;5423317,128;9,400253669;48,96207578;0
7626;8,20013E+18;8;1;18;48;2020;1;17;4;3;3;6;1;0;1;0;0;1;0;513933,813;5415146,391;9,190080653;48,88911173;0
7627;8,20013E+18;8;1;15;45;2020;1;16;4;3;0;1;0;1;0;0;0;0;0;499700,3303;5394691,481;8,995926914;48,70525728;1
7628;8,20013E+18;8;1;16;41;2020;1;16;4;3;5;3;0;0;1;0;0;0;0;518933,6859;5383617,992;9,256837235;48,60535211;1
7629;8,20013E+18;8;1;15;45;2020;1;7;4;3;3;2;1;0;1;0;0;0;0;497404,7926;5394192,118;8,964729297;48,70075964;1
7630;8,20013E+18;8;1;15;28;2020;1;6;4;3;3;6;2;1;1;0;0;0;0;500466,7113;5405414,116;9,006355657;48,80171804;1
7631;8,20013E+18;8;1;15;4;2020;1;16;4;3;2;6;0;0;1;0;0;0;0;488353,8136;5372197,513;8,842337414;48,5027883;0
7632;8,20013E+18;8;1;15;34;2020;1;6;4;2;9;1;2;0;1;0;0;0;0;483931,856;5377474,119;8,782271276;48,55016064;2
7633;8,20013E+18;8;1;15;24;2020;1;20;4;3;2;6;2;0;1;0;0;0;0;500974,7342;5386414,891;9,013229003;48,63079925;1
7634;8,20013E+18;8;1;11;0;2020;1;8;4;3;2;6;0;0;1;0;0;0;0;516839,3604;5406622,657;9,229366397;48,81236196;1
7635;8,20013E+18;8;1;11;0;2020;1;11;4;2;2;6;0;0;1;0;0;0;0;514054,894;5403964,882;9,191348875;48,78852216;0
7636;8,20013E+18;8;1;11;0;2020;1;12;4;3;2;7;0;0;1;0;0;0;0;515858,4409;5404604,56;9,215927594;48,79423324;0
7637;8,20013E+18;8;4;36;12;2020;1;18;3;3;5;3;2;0;1;0;0;0;0;548090,3009;5300833,945;9,642932888;47,85904515;1
7638;8,20013E+18;8;4;36;13;2020;1;17;3;3;4;1;2;0;1;0;0;0;0;544658,3892;5297150,476;9,596673199;47,82615294;1
7639;8,20013E+18;8;4;35;52;2020;1;13;3;3;8;1;0;0;1;0;0;0;0;523223,9488;5295082,287;9,310186748;47,80867598;1
7640;8,20013E+18;8;4;35;16;2020;1;13;3;3;6;4;0;0;1;1;0;0;0;536802,0363;5279556,074;9,490221478;47,66834919;0
7641;8,20013E+18;8;4;26;21;2020;1;14;3;3;5;3;0;1;1;0;0;0;0;559307,2234;5327841,466;9,796610968;48,10107671;0
7642;8,20013E+18;8;4;26;14;2020;1;8;3;2;5;3;1;0;1;0;0;0;1;548235,9714;5319097,21;9,646927096;48,02334349;1
7643;8,20013E+18;8;4;16;6;2020;1;18;3;2;6;4;2;0;1;1;0;0;0;498000,9614;5360067,119;8,972995484;48,39376222;1
7644;8,20013E+18;8;4;15;91;2020;1;20;3;3;8;1;2;0;1;0;0;0;0;517713,2244;5360903,333;9,23931776;48,40103957;2
7645;8,20013E+18;8;3;36;82;2020;1;16;3;3;8;1;0;0;1;0;0;0;0;415618,7204;5274779,661;7,87701098;47,62092283;1
7646;8,20013E+18;8;3;37;66;2020;1;10;3;3;1;6;0;0;1;0;0;1;0;432957,9157;5270386,747;8,10840907;47,58342773;1
7647;8,20013E+18;8;3;36;19;2020;1;7;3;3;2;6;1;0;1;0;0;0;0;394459,5291;5276233,168;7,595141875;47,63089554;0
7648;8,20013E+18;8;3;35;97;2020;1;12;3;3;0;6;0;1;1;0;0;0;0;486962,0296;5293839,464;8,825897017;47,79778073;1
7649;8,20013E+18;8;3;35;43;2020;1;12;3;3;5;3;0;0;1;0;0;0;1;512280,0395;5280788,416;9,163613654;47,68036802;0
7650;8,20013E+18;8;3;27;46;2020;1;10;3;3;6;2;0;0;1;1;0;0;0;480790,7615;5324326,451;8,742129256;48,07192366;1
7651;8,20013E+18;8;3;26;12;2020;1;23;3;3;4;1;2;0;1;0;0;0;0;457322,2461;5312916,265;8,428228751;47,96813068;2
7652;8,20013E+18;8;3;25;69;2020;1;7;3;3;5;3;2;1;1;0;0;0;0;468173,3549;5335919,273;8,571887401;48,17571634;1
7653;8,20013E+18;8;3;27;19;2020;1;6;3;2;6;4;2;0;1;1;0;0;0;482423,4043;5331794,578;8,763738428;48,13916108;1
7654;8,20013E+18;8;3;17;96;2020;1;6;3;3;0;1;2;0;0;0;1;0;0;423717,426;5370667,959;7,967673991;48,48450628;1
7655;8,20013E+18;8;3;15;113;2020;1;19;3;3;8;1;2;0;1;0;0;0;0;441758,6714;5306079,9;8,220659381;47,90540049;2
7656;8,20013E+18;8;3;11;0;2020;1;16;3;3;5;2;0;1;1;0;0;0;0;414693,4081;5318836,179;7,856024632;48,01712041;1
7657;8,20013E+18;8;3;11;0;2020;1;8;3;2;5;2;1;0;1;0;0;0;1;412596,8357;5314407,47;7,828817323;47,97699943;1
7658;8,20013E+18;8;2;35;57;2020;1;17;3;3;4;1;2;0;1;0;0;0;0;487628,8658;5397547,541;8,831767285;48,73082782;2
7659;8,20013E+18;8;2;36;71;2020;1;13;3;2;4;1;0;0;1;0;0;0;0;466404,6339;5420060,942;8,541304517;48,93256641;1
7660;8,20013E+18;8;2;31;0;2020;1;15;3;2;2;6;0;0;0;0;0;1;0;478454,0407;5417805,621;8,705937739;48,91281532;0
7661;8,20013E+18;8;2;36;74;2020;1;6;3;3;2;6;2;0;1;0;0;0;0;471775,4797;5418299,954;8,614755514;48,9169937;1
7662;8,20013E+18;8;2;26;40;2020;1;14;3;2;8;7;0;0;1;0;0;0;0;474730,895;5496229,693;8,65017277;49,61810189;1
7663;8,20013E+18;8;2;26;85;2020;1;5;3;3;2;6;2;0;0;0;0;1;0;490156,7974;5454824,804;8,864756711;49,2461168;1
7664;8,20013E+18;8;2;25;74;2020;1;21;3;3;8;1;2;0;1;0;0;0;0;502934,6637;5466666,174;9,040408634;49,35270376;2
7665;8,20021E+18;8;3;35;79;2020;2;22;1;3;9;1;2;1;0;0;0;0;0;499598,6275;5297603,169;8,99463676;47,83177649;0
7666;8,20021E+18;8;3;35;35;2020;2;22;1;3;9;7;2;0;1;0;0;0;0;479414,6218;5293903,621;8,725110383;47,79816087;0
7667;8,20021E+18;8;3;35;66;2020;2;15;1;3;2;6;0;0;1;0;0;0;0;508489,3657;5282919,216;9,113150028;47,69960113;0
7668;8,20021E+18;8;3;25;49;2020;2;22;1;3;0;7;2;0;1;0;0;0;0;476911,4583;5337862,948;8,689319241;48,19358078;1
7669;8,20021E+18;8;3;25;69;2020;2;18;1;3;5;3;2;1;1;0;0;0;0;470374,2791;5334809,104;8,601569497;48,16583493;0
7670;8,20021E+18;8;3;25;15;2020;2;8;1;2;8;1;0;0;1;0;0;0;0;474147,721;5346301,353;8,651615965;48,26939169;2
7671;8,20021E+18;8;3;17;39;2020;2;22;1;3;4;7;2;0;1;0;0;0;1;440444,051;5347854,856;8,197241266;48,28109407;0
7672;8,20021E+18;8;3;17;57;2020;2;4;1;3;8;1;2;0;1;0;0;0;0;414512,2933;5384847,294;7,840215755;48,61085756;0
7673;8,20021E+18;8;3;17;110;2020;2;23;1;3;7;7;2;0;1;0;0;0;0;426129,9016;5380947,987;7,998494531;48,57726307;0
7674;8,20021E+18;8;2;35;32;2020;2;16;1;2;9;1;1;0;1;0;0;0;0;473269,8786;5372936,627;8,638091322;48,50897673;0
7675;8,20021E+18;8;2;36;65;2020;2;19;1;3;8;1;2;0;1;0;0;0;0;488637,3968;5418288,95;8,844907375;48,91743383;0
7676;8,20021E+18;8;2;25;109;2020;2;14;1;3;2;6;0;0;1;0;0;0;0;520320,4578;5497417,147;9,281380297;49,62896923;0
7677;8,20021E+18;8;2;21;0;2020;2;14;1;3;9;7;0;0;1;0;0;0;0;483871,7324;5473173,81;8,777659921;49,41103338;0
7678;8,20021E+18;8;2;16;43;2020;2;13;1;3;5;3;0;0;1;0;1;0;0;441577,4453;5411350,413;8,203598186;48,8523699;0
7679;8,20021E+18;8;1;27;73;2020;2;17;1;2;2;6;1;0;1;0;0;0;0;578196,5377;5448392,829;10,07305152;49,1833534;0
7680;8,20021E+18;8;1;26;11;2020;2;17;1;3;4;2;2;0;1;0;0;0;1;530138,793;5447456,363;9,413541613;49,17917434;1
7681;8,20021E+18;8;1;26;66;2020;2;11;1;3;8;1;0;0;1;0;0;0;0;540395,338;5447495,911;9,554272069;49,17894041;0
7682;8,20021E+18;8;1;25;6;2020;2;0;1;3;2;6;2;0;1;0;0;0;0;504912,6295;5451175,422;9,067453742;49,21334913;0
7683;8,20021E+18;8;1;26;11;2020;2;4;1;2;8;6;2;0;1;0;0;0;1;529995,3014;5447469,115;9,411573735;49,17929608;0
7684;8,20021E+18;8;1;19;42;2020;2;12;1;3;5;3;0;1;1;0;0;0;0;530697,9219;5416555,114;9,41887252;48,90118025;0
7685;8,20021E+18;8;1;19;41;2020;2;18;1;1;8;1;2;0;1;1;0;0;0;525231,2956;5409478,491;9,343845603;48,83776816;0
7686;8,20021E+18;8;1;18;60;2020;2;13;1;3;2;6;0;0;1;0;0;0;0;523657,1398;5430159,842;9,323593837;49,02387094;0
7687;8,20021E+18;8;1;16;49;2020;2;16;1;2;0;1;0;1;0;0;0;0;0;525782,8167;5384056,733;9,349772032;48,60905437;1
7688;8,20021E+18;8;1;16;35;2020;2;10;1;2;0;7;0;1;0;0;0;0;0;526972,321;5391901,835;9,366419509;48,6795787;1
7689;8,20021E+18;8;1;16;19;2020;2;0;1;3;2;6;2;0;1;0;0;0;0;523498,9402;5397154,732;9,31953338;48,72697387;1
7690;8,20021E+18;8;1;11;0;2020;2;16;1;3;5;3;0;1;1;0;0;0;0;515777,6635;5405492,095;9,214861838;48,80221945;0
7691;8,20021E+18;8;1;11;0;2020;2;23;1;3;4;6;2;0;1;0;0;0;0;510233,3799;5406461,183;9,139383671;48,81105327;0
7692;8,20021E+18;8;1;11;0;2020;2;19;1;3;2;6;2;0;1;0;0;0;0;515827,9715;5405516,07;9,215547857;48,80243385;0
7693;8,20021E+18;8;4;37;65;2020;2;16;7;3;9;1;0;0;1;0;0;0;0;514512,3467;5318621,387;9,194625186;48,02071904;0
7694;8,20021E+18;8;4;36;87;2020;2;16;7;2;0;1;0;0;0;0;0;0;1;547366,0844;5302572,295;9,633441787;47,87473863;0
7695;8,20021E+18;8;4;36;55;2020;2;17;7;3;5;3;2;0;1;0;0;0;0;578280,6858;5292677,617;10,04502687;47,78270172;0
7696;8,20021E+18;8;4;35;16;2020;2;12;7;3;2;2;0;0;1;0;0;0;0;535571,55;5279718,834;9,473844631;47,66988247;0
7697;8,20021E+18;8;3;37;62;2020;2;19;7;2;9;6;2;0;1;0;0;0;0;457343,996;5273348,984;8,432409655;47,61214243;0
7698;8,20021E+18;8;3;36;69;2020;2;13;7;3;2;6;0;0;1;0;0;0;0;409671,4745;5268928,879;7,799084343;47,56748808;0
7699;8,20021E+18;8;3;35;43;2020;2;9;7;3;0;1;0;1;0;0;0;0;0;513445,9525;5280300,889;9,179132657;47,67595823;0
7700;8,20021E+18;8;3;27;19;2020;2;18;7;3;2;6;2;0;1;0;0;0;0;482073,3605;5331655,066;8,759039116;48,13789614;0
7701;8,20021E+18;8;3;27;49;2020;2;10;7;2;5;3;0;0;1;0;0;0;0;472819,173;5324324,446;8,63511824;48,07161564;0
7702;8,20021E+18;8;3;26;74;2020;2;10;7;3;2;6;0;0;1;0;0;0;0;465599,7128;5323519,627;8,538270214;48,06402623;0
7703;8,20021E+18;8;3;26;74;2020;2;9;7;3;2;6;0;0;1;0;0;0;0;465481,5215;5321631,003;8,536836289;48,04702827;2
7704;8,20021E+18;8;3;25;72;2020;2;16;7;3;9;1;0;0;1;0;0;0;0;469363,06;5325630,51;8,588630081;48,08320939;0
7705;8,20021E+18;8;3;17;65;2020;2;15;7;3;5;3;0;1;1;0;0;0;0;414174,9613;5354944,081;7,841779627;48,3418443;0
7706;8,20021E+18;8;3;17;57;2020;2;14;7;3;2;2;0;0;1;0;0;0;0;413053,7998;5372893,341;7,822930451;48,5031379;0
7707;8,20021E+18;8;3;15;113;2020;2;9;7;1;6;4;0;0;1;1;0;0;0;438040,5729;5307371,138;8,1707263;47,91666855;1
7708;8,20021E+18;8;3;11;0;2020;2;9;7;3;2;1;0;0;1;0;0;0;0;413408,598;5316063,446;7,839358498;47,99200592;0
7709;8,20021E+18;8;3;15;56;2020;2;14;7;2;0;1;0;1;0;0;0;0;0;415047,5472;5310054,391;7,86250945;47,93817152;1
7710;8,20021E+18;8;2;35;20;2020;2;5;7;2;5;3;2;0;1;0;0;0;0;476923,596;5380700,835;8,687129266;48,57896998;0
7711;8,20021E+18;8;2;35;55;2020;2;9;7;3;4;2;0;0;1;0;0;0;0;472865,8087;5396383,65;8,631087016;48,71988964;0
7712;8,20021E+18;8;2;36;4;2020;2;15;7;3;9;1;0;0;0;0;1;0;0;470486,231;5412412,341;8,597583897;48,86397117;0
7713;8,20021E+18;8;2;31;0;2020;2;22;7;3;5;2;2;0;1;0;0;0;0;477769,3426;5414942,309;8,69674888;48,88703377;0
7714;8,20021E+18;8;2;36;74;2020;2;12;7;3;1;6;0;0;1;0;0;0;0;472246,8229;5421831,97;8,620948403;48,94878735;0
7715;8,20021E+18;8;2;22;0;2020;2;15;7;1;8;1;0;0;1;0;0;0;0;463143,4482;5479817,004;8,49129599;49,46988357;0
7716;8,20021E+18;8;2;26;12;2020;2;15;7;1;5;3;0;1;1;0;0;0;0;474761,0893;5477862,581;8,651766549;49,45289811;0
7717;8,20021E+18;8;2;15;97;2020;2;17;7;3;8;7;0;0;0;0;1;0;0;483122,8329;5442112,1;8,768646163;49,13160933;0
7718;8,20021E+18;8;2;15;108;2020;2;10;7;3;2;6;0;0;1;0;0;0;0;448613,325;5423026,88;8,298031924;48,95802336;0
7719;8,20021E+18;8;3;17;110;2020;2;11;7;2;9;7;0;0;1;0;0;0;0;425609,1427;5383787,598;7,990926913;48,60274337;0
7720;8,20021E+18;8;1;36;42;2020;2;18;7;3;6;1;2;1;0;1;0;0;0;549802,5617;5405294,877;9,678170139;48,79865055;0
7721;8,20021E+18;8;1;27;14;2020;2;23;7;3;5;3;2;0;1;0;0;0;0;577637,105;5438570,846;10,06348417;49,09508708;0
7722;8,20021E+18;8;1;27;103;2020;2;1;7;2;8;1;2;0;1;0;0;0;0;578177,864;5436827,287;10,07055299;49,07933719;0
7723;8,20021E+18;8;1;36;18;2020;2;9;7;3;2;6;0;0;1;0;0;0;0;587519,3455;5429604,002;10,19688537;49,01311685;0
7724;8,20021E+18;8;1;25;63;2020;2;12;7;3;3;6;0;0;1;0;0;0;0;525780,2718;5458614,628;9,354455917;49,27974254;0
7725;8,20021E+18;8;1;25;68;2020;2;12;7;3;2;1;0;0;1;0;0;0;0;525777,5615;5458608,315;9,354418246;49,27968588;0
7726;8,20021E+18;8;1;26;11;2020;2;6;7;3;2;6;2;0;1;0;0;1;0;530367,1558;5448415,65;9,416747403;49,18779195;0
7727;8,20021E+18;8;1;25;66;2020;2;10;7;3;0;3;0;0;1;0;1;0;0;517433,847;5431479,877;9,238526285;49,03595261;0
7728;8,20021E+18;8;1;25;34;2020;2;23;7;3;2;6;2;0;1;0;0;0;0;499740,4567;5444130,361;8,99644084;49,14999611;0
7729;8,20021E+18;8;1;19;91;2020;2;10;7;3;5;3;0;0;1;0;0;0;0;525526,389;5406273,061;9,347667475;48,80892093;0
7730;8,20021E+18;8;1;19;24;2020;2;9;7;3;8;1;0;0;1;0;0;0;0;541660,5522;5431643,312;9,56999566;49,03626164;2
7731;8,20021E+18;8;1;18;51;2020;2;16;7;3;2;6;0;0;1;0;0;0;0;509516,3246;5414531,604;9,129804563;48,88366483;0
7732;8,20021E+18;8;1;16;20;2020;2;18;7;3;8;1;1;0;1;0;0;0;0;528255,9008;5380757,335;9,383096897;48,57926604;0
7733;8,20021E+18;8;1;16;33;2020;2;20;7;3;8;1;2;0;1;0;0;0;0;530364,463;5386962,869;9,412138305;48,63499237;0
7734;8,20021E+18;8;1;15;45;2020;2;18;7;3;1;6;2;0;1;0;0;0;0;500298,8519;5394317,565;9,0040617;48,7018935;0
7735;8,20021E+18;8;1;11;0;2020;2;16;7;3;5;3;0;0;1;0;0;0;0;512465,48;5399599,158;9,169577773;48,74928226;0
7736;8,20021E+18;8;1;11;0;2020;2;13;7;3;2;6;0;0;1;0;0;0;0;512177,5569;5409049,781;9,165941071;48,83430487;0
7737;8,20021E+18;8;4;36;5;2020;2;14;6;2;6;2;0;0;1;1;0;0;0;539730,94;5309099,769;9,531940911;47,93398387;0
7738;8,20021E+18;8;4;36;9;2020;2;14;6;3;2;6;0;0;1;0;0;0;0;553925,7653;5304996,356;9,721462539;47,89602963;0
7739;8,20021E+18;8;4;36;9;2020;2;23;6;3;5;3;2;1;1;0;0;0;0;556526,827;5308310,048;9,756693069;47,9256175;0
7740;8,20021E+18;8;4;36;81;2020;2;14;6;3;4;6;0;0;1;0;0;0;0;556215,5369;5275541,681;9,748284049;47,63083562;0
7741;8,20021E+18;8;4;35;57;2020;2;7;6;3;6;4;2;0;1;1;0;0;0;543995,1115;5280964,772;9,586174007;47,68057421;0
7742;8,20021E+18;8;4;26;74;2020;2;16;6;3;0;6;0;0;1;0;0;0;0;555951,9153;5329099,476;9,75171184;48,11269764;0
7743;8,20021E+18;8;4;26;87;2020;2;8;6;3;4;2;0;0;1;0;0;0;0;571665,4698;5323884,773;9,9619201;48,06421269;0
7744;8,20021E+18;8;4;21;0;2020;2;11;6;3;5;3;0;0;1;0;0;0;0;570843,6196;5361350,694;9,957156063;48,4013319;0
7745;8,20021E+18;8;4;15;61;2020;2;13;6;3;2;6;0;0;1;0;0;0;0;515184,7754;5370337,947;9,205499043;48,48598341;0
7746;8,20021E+18;8;3;36;14;2020;2;9;6;3;2;6;0;0;1;0;0;0;0;393778,1582;5277885,589;7,585673784;47,64564769;0
7747;8,20021E+18;8;3;35;55;2020;2;16;6;3;8;1;0;0;1;0;0;0;0;494111,0626;5285973,406;8,921468315;47,72711055;0
7748;8,20021E+18;8;3;35;28;2020;2;12;6;3;2;6;0;0;1;0;0;0;0;483978,5901;5289254,222;8,78622699;47,75645779;0
7749;8,20021E+18;8;3;26;12;2020;2;14;6;3;2;1;0;0;1;0;0;0;0;464227,5691;5314538,227;8,520603437;47,98314659;0
7750;8,20021E+18;8;3;25;24;2020;2;13;6;3;0;3;0;0;1;0;0;0;1;456347,1351;5336316,354;8,412775013;48,17858616;1
7751;8,20021E+18;8;3;25;49;2020;2;8;6;3;2;6;0;0;1;0;0;0;0;474587,0543;5334448,195;8,658246721;48,16277032;0
7752;8,20021E+18;8;3;17;127;2020;2;21;6;3;2;7;2;0;1;0;0;0;0;425400,8636;5353124,187;7,993570804;48,32689939;2
7753;8,20021E+18;8;3;16;43;2020;2;18;6;3;5;2;2;0;1;0;0;0;0;412038,7883;5331761,431;7,817772727;48,13302511;0
7754;8,20021E+18;8;3;16;54;2020;2;23;6;2;8;1;2;0;1;0;0;0;0;419314,7132;5332713,066;7,915364218;48,14254962;0
7755;8,20021E+18;8;3;16;45;2020;2;12;6;3;2;6;0;0;1;0;0;0;0;410741,1178;5326246,752;7,801489594;48,08323961;0
7756;8,20021E+18;8;3;36;91;2020;2;16;6;3;2;6;0;0;1;0;0;0;0;394283,5807;5272915,571;7,593601128;47,60102481;0
7757;8,20021E+18;8;3;11;0;2020;2;14;6;3;2;6;0;0;1;0;0;0;0;415351,1617;5315569,409;7,865488029;47,98782195;0
7758;8,20021E+18;8;2;36;40;2020;2;10;6;3;2;6;0;0;1;0;0;0;1;488528,1851;5420575,014;8,843352393;48,93799656;0
7759;8,20021E+18;8;2;36;40;2020;2;21;6;3;2;6;2;0;1;0;0;0;1;489015,8742;5421568,552;8,849984978;48,94694295;1
7760;8,20021E+18;8;2;36;46;2020;2;19;6;3;1;6;2;0;1;0;0;0;0;482786,761;5417941,908;8,765064976;48,91417692;0
7761;8,20021E+18;8;2;26;96;2020;2;13;6;3;2;1;0;0;1;0;0;0;0;475878,158;5488907,885;8,666504471;49,55229243;0