OBJECTID;UIDENTSTLAE;ULAND;UREGBEZ;UKREIS;UGEMEINDE;UJAHR;UMONAT;USTUNDE;UWOCHENTAG;UKATEGORIE;UART;UTYP1;ULICHTVERH;IstRad;IstPKW;IstFuss;IstKrad;IstGkfz;IstSonstige;LINREFX;LINREFY;XGCSWGS84;YGCSWGS84;STRZUSTAND
7762;8,20021E+18;8;2;26;10;2020;2;19;6;3;2;6;2;0;1;0;0;0;0;484935,0538;5457080,666;8,792926719;49,26630236;0
7763;8,20021E+18;8;2;15;39;2020;2;16;6;3;2;6;0;0;1;0;0;0;0;471036,615;5453804,464;8,602128098;49,23633261;0
7764;8,20021E+18;8;2;25;91;2020;2;18;6;3;1;5;2;0;1;0;0;0;0;526719,841;5475743,038;9,36852322;49,43377005;0
7765;8,20021E+18;8;2;22;0;2020;2;4;6;3;5;3;2;0;1;0;0;0;0;464616,1307;5485208,369;8,511138814;49,51846389;0
7766;8,20021E+18;8;2;22;0;2020;2;15;6;3;2;6;0;0;1;0;0;0;0;460299,429;5482253,91;8,451799262;49,49162291;0
7767;8,20021E+18;8;2;22;0;2020;2;16;6;3;3;7;0;0;1;0;0;0;0;461384,7455;5484077,098;8,466606825;49,50809152;0
7768;8,20021E+18;8;2;21;0;2020;2;15;6;2;2;6;0;0;1;0;0;1;0;477362,4672;5468255,661;8,688206181;49,36658788;0
7769;8,20021E+18;8;3;17;151;2020;2;11;6;3;0;7;0;1;0;0;0;0;0;412702,784;5366861,374;7,819439093;48,44883454;0
7770;8,20021E+18;8;2;12;0;2020;2;19;6;3;5;3;2;0;1;0;0;1;0;460158,7397;5424422,066;8,455603027;48,97142532;0
7771;8,20021E+18;8;2;12;0;2020;2;16;6;3;2;6;0;0;1;0;0;0;0;455784,6509;5431250,535;8,395094678;49,03255065;0
7772;8,20021E+18;8;2;15;107;2020;2;7;6;2;6;4;2;0;1;1;0;0;0;461669,9503;5458496,077;8,47301352;49,27801809;0
7773;8,20021E+18;8;1;36;88;2020;2;13;6;3;6;3;0;0;1;1;0;0;0;579924,5186;5410015,716;10,08920293;48,83796839;0
7774;8,20021E+18;8;1;35;19;2020;2;19;6;3;2;6;2;0;1;0;1;0;0;588626,2152;5401745,943;10,20597792;48,7624094;0
7775;8,20021E+18;8;1;28;131;2020;2;19;6;2;2;2;2;0;1;0;0;0;0;535494,3002;5511060,013;9,492727078;49,75097467;1
7776;8,20021E+18;8;1;28;6;2020;2;10;6;2;9;1;0;0;1;0;0;0;0;548221,8842;5473708,403;9,664818319;49,41414465;2
7777;8,20021E+18;8;1;25;103;2020;2;16;6;2;8;1;0;0;0;0;1;0;0;530831,9597;5467761,144;9,424617093;49,36178031;0
7778;8,20021E+18;8;1;27;76;2020;2;11;6;3;1;6;0;0;1;0;0;0;0;553266,2095;5440186,926;9,729896203;49,11221602;0
7779;8,20021E+18;8;1;25;5;2020;2;16;6;2;8;1;0;0;0;0;1;0;0;513873,5463;5454695,41;9,190614508;49,24487478;0
7780;8,20021E+18;8;1;19;20;2020;2;16;6;3;6;2;0;0;1;1;0;0;0;519079,138;5406929,313;9,259888021;48,81505584;0
7781;8,20021E+18;8;1;19;6;2020;2;9;6;3;1;6;0;0;1;0;0;0;0;536830,4121;5422451,25;9,50307967;48,95388398;0
7782;8,20021E+18;8;1;16;68;2020;2;18;6;3;2;6;2;0;1;0;0;0;0;525833,0379;5391145,42;9,350895374;48,67282221;0
7783;8,20021E+18;8;1;15;45;2020;2;16;6;2;2;6;0;0;1;0;0;0;0;500077,2425;5393403,064;9,001049633;48,69366663;0
7784;8,20021E+18;8;1;15;28;2020;2;13;6;3;3;6;0;0;1;0;0;1;0;501348,3482;5403978,243;9,018357041;48,78879972;0
7785;8,20021E+18;8;1;15;3;2020;2;15;6;3;2;6;0;0;1;0;0;0;0;499875,4771;5393386,348;8,998307889;48,69351625;0
7786;8,20021E+18;8;1;17;2;2020;2;12;6;2;4;6;0;0;1;0;0;0;0;541421,2636;5387699,875;9,562279937;48,64098754;0
7787;8,20021E+18;8;1;15;1;2020;2;8;6;3;4;2;0;0;1;0;0;0;0;490980,8783;5391597,429;8,877480535;48,6773578;0
7788;8,20021E+18;8;1;15;42;2020;2;12;6;3;2;6;0;0;1;0;0;0;0;497181,7975;5407948,258;8,961604424;48,82450872;0
7789;8,20021E+18;8;1;15;28;2020;2;22;6;3;8;1;2;0;1;0;0;0;0;499531,1386;5406401,559;8,993613935;48,81060099;1
7790;8,20021E+18;8;1;15;3;2020;2;23;6;3;5;3;2;1;1;0;0;0;0;500549,259;5392861,547;9,007463049;48,68879485;0
7791;8,20021E+18;8;1;11;0;2020;2;13;6;3;5;3;0;0;1;0;0;0;0;512479,446;5402313,085;9,169850063;48,77369634;0
7792;8,20021E+18;8;1;11;0;2020;2;23;6;2;6;4;2;0;1;1;0;0;0;510866,5112;5409906,751;9,148098511;48,84203836;0
7793;8,20021E+18;8;1;11;0;2020;2;13;6;3;1;5;0;0;1;0;0;0;0;510963,2262;5401957,397;9,149204325;48,77052515;0
7794;8,20021E+18;8;4;37;86;2020;2;13;5;3;5;3;0;0;1;0;0;1;0;524862,9344;5307171,177;9,33277261;47,91738152;0
7795;8,20021E+18;8;4;37;100;2020;2;5;5;2;9;1;2;0;1;0;0;0;0;538733,7167;5318051,85;9,519397179;48,01458554;0
7796;8,20021E+18;8;4;36;55;2020;2;19;5;3;2;6;2;0;1;0;0;0;0;575329,66;5297833,961;10,0065337;47,82944062;0
7797;8,20021E+18;8;4;35;52;2020;2;16;5;3;4;6;0;0;1;0;0;0;0;521402,2028;5290113,199;9,2856102;47,76403021;0
7798;8,20021E+18;8;4;35;16;2020;2;8;5;3;2;6;0;0;1;0;0;0;0;538264,755;5277119,352;9,50949151;47,64634021;0
7799;8,20021E+18;8;4;25;141;2020;2;8;5;2;0;1;0;1;0;0;0;0;0;570069,2022;5361527,546;9,94672406;48,4030093;0
7800;8,20021E+18;8;4;21;0;2020;2;16;5;3;6;4;0;0;1;1;0;0;0;573092,852;5361706,495;9,987602397;48,40427562;0
7801;8,20021E+18;8;4;21;0;2020;2;11;5;3;2;6;0;0;1;0;0;0;0;572093,9921;5362441,85;9,974234576;48,41100535;0
7802;8,20021E+18;8;4;17;2;2020;2;15;5;2;2;6;0;0;1;0;0;0;1;487321,2491;5344358,481;8,829198773;48,25231297;0
7803;8,20021E+18;8;4;16;36;2020;2;6;5;3;2;6;2;0;1;0;0;0;0;496629,4518;5368701,019;8,954398655;48,4714313;1
7804;8,20021E+18;8;4;15;61;2020;2;7;5;3;2;6;2;0;1;0;0;0;0;516117,3159;5375725,59;9,218327353;48,53442914;2
7805;8,20021E+18;8;4;15;61;2020;2;12;5;3;4;6;0;0;1;0;0;0;0;515818,766;5372515,266;9,214161406;48,50555568;0
7806;8,20021E+18;8;3;35;1;2020;2;6;5;3;8;1;2;0;1;0;0;0;0;488478,1149;5298840,702;8,846009022;47,84280798;1
7807;8,20021E+18;8;3;26;74;2020;2;16;5;3;5;3;0;0;1;0;0;0;0;461139,1888;5321801,647;8,478558391;48,04831387;1
7808;8,20021E+18;8;3;25;45;2020;2;16;5;3;3;2;0;0;1;0;0;0;0;471185,9045;5349760,169;8,611467639;48,3003812;0
7809;8,20021E+18;8;3;17;96;2020;2;16;5;3;2;6;0;0;1;0;0;0;0;422984,3307;5372687,182;7,957382411;48,50257963;0
7810;8,20021E+18;8;3;17;65;2020;2;19;5;3;5;3;2;0;1;0;0;0;0;413123,7825;5354147,066;7,827761285;48,33453164;0
7811;8,20021E+18;8;3;17;26;2020;2;13;5;2;5;2;0;0;1;0;1;0;0;411825,8225;5345621,965;7,812032048;48,25767042;0
7812;8,20021E+18;8;3;17;57;2020;2;16;5;3;5;3;0;0;1;0;0;0;1;412339,6442;5381084,885;7,81154071;48,57671669;0
7813;8,20021E+18;8;3;17;57;2020;2;16;5;3;5;2;0;0;1;0;0;0;0;413385,283;5380592,7;7,825816412;48,57243521;0
7814;8,20021E+18;8;3;17;1;2020;2;7;5;3;2;6;1;0;1;0;0;0;0;429050,764;5384587,423;8,037466951;48,61033733;0
7815;8,20021E+18;8;3;17;59;2020;2;15;5;3;8;1;0;0;0;0;0;0;1;413707,1193;5352357,256;7,83599712;48,31851257;0
7816;8,20021E+18;8;3;16;56;2020;2;13;5;3;5;3;0;0;1;0;0;1;0;421374,882;5326167,497;7,944260649;48,08392709;0
7817;8,20021E+18;8;3;15;113;2020;2;10;5;3;1;3;0;0;1;0;0;0;0;440653,5384;5307611,707;8,205661915;47,91908002;0
7818;8,20021E+18;8;3;15;111;2020;2;12;5;3;2;6;0;0;1;0;0;0;0;402786,6152;5300230,649;7,7005928;47,84806349;0
7819;8,20021E+18;8;3;15;98;2020;2;14;5;3;2;6;0;0;1;0;0;0;0;407003,0241;5312190,439;7,75435898;47,95626835;0
7820;8,20021E+18;8;2;37;61;2020;2;4;5;3;8;1;2;0;1;0;0;0;0;466174,3942;5367704,035;8,542449505;48,46156151;1
7821;8,20021E+18;8;2;35;85;2020;2;19;5;3;2;6;2;0;1;0;0;0;0;480575,8365;5398113,515;8,735828671;48,73573935;0
7822;8,20021E+18;8;2;36;46;2020;2;13;5;3;2;6;0;0;1;0;0;0;0;483095,3126;5417549,347;8,769292469;48,91065407;0
7823;8,20021E+18;8;2;26;103;2020;2;6;5;2;4;6;2;0;1;0;0;0;0;472606,3305;5458467,544;8,623371857;49,27834935;0
7824;8,20021E+18;8;2;26;95;2020;2;18;5;3;9;1;2;0;1;0;0;0;0;472900,627;5461146,405;8,627236332;49,30245874;0
7825;8,20021E+18;8;2;22;0;2020;2;17;5;3;1;6;0;0;1;0;0;0;0;465422,7731;5480223,569;8,522719127;49,47367452;0
7826;8,20021E+18;8;2;22;0;2020;2;21;5;3;2;6;2;0;1;0;0;0;0;464699,482;5478776,705;8,51286473;49,46061899;0
7827;8,20021E+18;8;2;26;36;2020;2;7;5;3;2;6;0;0;1;0;0;0;0;468511,1426;5482247,968;8,565186346;49,49205122;0
7828;8,20021E+18;8;2;21;0;2020;2;15;5;3;2;6;0;0;1;0;0;0;0;476456,7032;5471869,805;8,675517025;49,39906233;0
7829;8,20021E+18;8;2;12;0;2020;2;14;5;3;2;6;0;0;1;0;0;0;0;454426,4714;5423782,994;8,377352573;48,96528059;0
7830;8,20021E+18;8;2;12;0;2020;2;15;5;3;5;3;0;1;1;0;0;0;0;455706,7413;5427923,991;8,394391998;49,00262252;0
7831;8,20021E+18;8;2;15;17;2020;2;17;5;3;2;6;0;0;1;0;0;0;0;452374,5254;5417771,139;8,350022297;48,91104844;0
7832;8,20021E+18;8;2;12;0;2020;2;17;5;3;5;2;1;1;1;0;0;0;0;460049,2447;5427860,859;8,453768933;49,00235097;0
7833;8,20021E+18;8;2;16;43;2020;2;12;5;2;5;3;0;0;1;0;0;0;1;441468,6477;5409775,278;8,202340298;48,83819133;0
7834;8,20021E+18;8;1;25;1;2020;2;14;5;3;2;6;0;0;1;0;0;1;1;520955,3201;5436195,878;9,286949864;49,07826535;0
7835;8,20021E+18;8;1;25;102;2020;2;14;5;1;2;6;0;0;1;0;0;1;0;526907,526;5445585,208;9,369080505;49,16249324;0
7836;8,20021E+18;8;1;25;56;2020;2;18;5;3;2;1;1;0;1;0;0;0;0;510781,054;5436848,312;9,147647541;49,08439656;0
7837;8,20021E+18;8;1;19;67;2020;2;7;5;3;5;3;1;0;1;0;0;0;0;538760,0435;5405179,791;9,527799004;48,79840187;0
7838;8,20021E+18;8;1;19;83;2020;2;11;5;3;5;3;0;0;1;0;0;0;0;535080,5142;5419768,141;9,478947083;48,92985013;0
7839;8,20021E+18;8;1;19;44;2020;2;15;5;3;0;1;0;1;0;0;0;0;0;542166,0211;5425698,988;9,576293618;48,98275721;0
7840;8,20021E+18;8;1;18;70;2020;2;11;5;2;2;6;0;0;1;0;0;1;1;516805,3287;5424713,809;9,229647053;48,97510565;0
7841;8,20021E+18;8;1;16;33;2020;2;13;5;1;7;6;0;0;1;0;0;1;0;535811,7022;5386373,792;9,48602048;48,62940483;0
7842;8,20021E+18;8;1;16;50;2020;2;8;5;3;5;3;0;1;1;0;0;0;0;526866,0299;5388794,317;9,364773766;48,65162818;0
7843;8,20021E+18;8;1;11;0;2020;2;11;5;2;2;6;0;0;0;0;1;0;1;513673,6467;5400235,994;9,186034482;48,75498585;0
7844;8,20021E+18;8;1;11;0;2020;2;14;5;3;9;1;0;0;1;0;0;0;0;517636,716;5404257,746;9,240125382;48,79106546;0
7845;8,20021E+18;8;1;11;0;2020;2;13;5;3;5;3;0;0;1;0;0;0;0;513129,3319;5403480,069;9,178732484;48,78418105;0
7846;8,20021E+18;8;1;11;0;2020;2;3;5;2;8;1;2;0;1;0;0;0;0;511922,4668;5398556,306;9,162160582;48,73991142;0
7847;8,20021E+18;8;4;35;16;2020;2;7;4;3;2;6;0;0;1;0;0;0;0;536991,8454;5279076,532;9,492709128;47,66402374;1
7848;8,20021E+18;8;4;35;16;2020;2;19;4;3;6;7;2;0;1;1;0;0;0;536256,7;5278954,267;9,48290765;47,66296531;0
7849;8,20021E+18;8;4;25;39;2020;2;8;4;3;6;4;0;0;1;1;0;0;0;566027,0353;5352647,132;9,890722312;48,3235617;0
7850;8,20021E+18;8;4;17;57;2020;2;17;4;3;5;3;0;0;1;0;0;0;0;479508,0884;5335934,538;8,724352242;48,17632039;0
7851;8,20021E+18;8;4;17;2;2020;2;7;4;3;6;2;2;0;1;1;0;0;0;488899,3505;5348657,334;8,850345125;48,2910182;0
7852;8,20021E+18;8;4;15;61;2020;2;15;4;3;2;6;0;0;1;0;0;0;0;514345,3034;5371363,955;9,194173584;48,49523347;0
7853;8,20021E+18;8;3;26;74;2020;2;7;4;3;2;6;0;0;1;0;0;0;0;456045,186;5320003,456;8,410394277;48,03180565;0
7854;8,20021E+18;8;3;17;57;2020;2;20;4;3;0;7;2;1;0;0;0;0;0;419408,6566;5381276,915;7,907322979;48,57939313;0
7855;8,20021E+18;8;3;17;57;2020;2;18;4;2;3;6;2;0;1;0;1;0;0;412150,0417;5381068,937;7,808974113;48,57654669;0
7856;8,20021E+18;8;3;17;122;2020;2;15;4;3;2;6;0;0;1;0;0;0;0;418715,509;5366546,272;7,900796996;48,4468056;0
7857;8,20021E+18;8;3;15;6;2020;2;7;4;3;5;3;1;0;1;0;0;0;1;400663,0543;5311652,967;7,669585799;47,95048162;0
7858;8,20021E+18;8;2;35;20;2020;2;14;4;2;4;6;0;0;1;0;0;0;0;475430,2745;5382493,33;8,666777105;48,59503867;0
7859;8,20021E+18;8;2;36;68;2020;2;7;4;3;5;3;0;0;1;0;0;0;0;487744,105;5413444,742;8,832859877;48,87383955;0
7860;8,20021E+18;8;2;36;65;2020;2;20;4;2;0;7;2;1;0;0;0;0;0;488982,1042;5416979,94;8,849647742;48,90566457;0
7861;8,20021E+18;8;2;26;96;2020;2;14;4;3;2;6;0;0;1;0;0;0;0;476014,3287;5489788,767;8,668333408;49,56022102;0
7862;8,20021E+18;8;2;26;38;2020;2;15;4;3;2;6;0;0;1;0;0;0;0;469623,4233;5480759,826;8,580659161;49,47872266;0
7863;8,20021E+18;8;2;26;82;2020;2;10;4;3;4;6;0;0;1;0;0;0;0;482401,3586;5481256,728;8,757030887;49,48369714;2
7864;8,20021E+18;8;2;21;0;2020;2;9;4;2;3;2;0;1;1;0;0;0;0;476327,5245;5471751,87;8,673743691;49,39799651;0
7865;8,20021E+18;8;2;12;0;2020;2;6;4;3;2;6;2;0;1;0;0;0;0;459562,193;5426099,435;8,447285307;48,98647489;0
7866;8,20021E+18;8;2;12;0;2020;2;16;4;3;2;6;0;0;1;0;0;0;0;458805,0245;5425483,905;8,436999021;48,98088803;0
7867;8,20021E+18;8;2;15;39;2020;2;7;4;3;2;6;0;0;0;0;0;1;0;471082,5672;5452942,197;8,602821517;49,22857866;0
7868;8,20021E+18;8;2;11;0;2020;2;13;4;3;2;6;0;0;1;0;0;0;0;443342,5789;5402082,22;8,228937198;48,7691653;0
7869;8,20021E+18;8;2;11;0;2020;2;7;4;2;6;4;1;0;1;1;0;0;0;445919,6256;5399092,691;8,264398419;48,74250302;1
7870;8,20021E+18;8;1;25;102;2020;2;7;4;1;2;6;0;0;0;0;0;1;1;524817,7932;5445454,415;9,340408908;49,16140479;0
7871;8,20021E+18;8;1;25;102;2020;2;16;4;3;2;6;0;0;1;0;0;0;0;521777,2753;5444599,341;9,298658564;49,1538286;0
7872;8,20021E+18;8;1;25;102;2020;2;12;4;3;4;2;0;0;1;0;0;0;0;522373,4401;5442731,53;9,306730662;49,13700572;0
7873;8,20021E+18;8;1;18;76;2020;2;15;4;3;1;5;0;1;1;0;0;0;0;504817,5939;5422937,474;9,065812284;48,95933612;0
7874;8,20021E+18;8;1;18;73;2020;2;15;4;3;2;6;0;0;1;0;0;0;1;498012,1606;5418805,571;8,972864633;48,92218231;0
7875;8,20021E+18;8;1;18;11;2020;2;19;4;2;2;6;2;0;1;0;0;0;0;506017,3493;5408170,305;9,081984412;48,82648348;0
7876;8,20021E+18;8;1;15;45;2020;2;7;4;3;2;6;1;0;1;0;0;0;0;498983,354;5392885,111;8,986186278;48,68900625;1
7877;8,20021E+18;8;1;17;51;2020;2;22;4;3;5;3;2;0;1;0;0;0;0;544668,0041;5394651,943;9,607101775;48,70330218;1
7878;8,20021E+18;8;1;15;45;2020;2;18;4;3;3;6;2;1;1;0;0;0;0;501020,9606;5398184,045;9,013885458;48,73667581;1
7879;8,20021E+18;8;1;15;50;2020;2;12;4;3;2;6;0;1;0;0;0;1;0;489487,1186;5400891,272;8,856951877;48,76094211;0
7880;8,20021E+18;8;1;11;0;2020;2;15;4;3;2;6;0;0;1;0;0;0;0;513735,1768;5403166,978;9,186969477;48,78135143;0
7881;8,20021E+18;8;1;11;0;2020;2;14;4;3;5;3;0;0;0;0;0;0;1;513752,0707;5403219,538;9,187201202;48,78182388;0
7882;8,2002E+18;8;4;37;104;2020;2;18;3;3;6;4;2;0;1;1;0;0;0;516820,3933;5326346,082;9,225881958;48,09016175;1
7883;8,2002E+18;8;4;36;81;2020;2;4;3;3;7;1;2;0;1;0;0;0;0;558927,2108;5278472,592;9,784770545;47,65696365;1
7884;8,2002E+18;8;4;36;64;2020;2;14;3;3;6;4;0;0;1;1;0;0;0;543903,0054;5292006,103;9,586060357;47,77992089;0
7885;8,2002E+18;8;4;36;55;2020;2;17;3;2;4;2;2;1;1;0;0;0;0;576127,496;5297179,395;10,01707738;47,82345816;0
7886;8,2002E+18;8;4;35;67;2020;2;7;3;3;7;7;2;0;1;0;0;0;0;532203,8358;5294553,828;9,430082834;47,80353457;1
7887;8,2002E+18;8;4;35;16;2020;2;17;3;3;0;3;1;0;1;0;1;0;0;535718,3206;5277752,717;9,475638968;47,65218442;1
7888;8,2002E+18;8;4;25;139;2020;2;17;3;3;2;6;2;0;1;0;0;0;0;548732,8315;5365795,821;9,65896287;48,44341718;2
7889;8,2002E+18;8;4;16;36;2020;2;8;3;2;5;3;0;1;1;0;0;0;0;497744,3434;5369093,04;8,969480302;48,47496309;1
7890;8,2002E+18;8;4;16;48;2020;2;6;3;2;6;6;2;0;1;1;0;0;0;496533,7417;5375616,573;8,953046331;48,53364583;1
7891;8,2002E+18;8;4;15;61;2020;2;9;3;3;3;6;0;0;1;0;0;1;0;516267,656;5372324,003;9,220231175;48,50382355;1
7892;8,2002E+18;8;4;15;61;2020;2;11;3;3;0;7;0;0;0;0;1;0;0;514847,3789;5374086,52;9,201066348;48,51971491;1
7893;8,2002E+18;8;3;37;126;2020;2;9;3;3;2;6;0;0;1;0;0;0;0;442259,3531;5273238,666;8,231720733;47,60998125;1
7894;8,2002E+18;8;3;35;96;2020;2;13;3;3;5;3;0;0;1;0;0;0;0;509930,9309;5302629,091;9,132814832;47,87692012;1
7895;8,2002E+18;8;3;35;80;2020;2;18;3;3;4;6;1;0;1;0;0;0;0;480139,3348;5299150,39;8,734547275;47,84539077;2
7896;8,2002E+18;8;3;35;22;2020;2;12;3;3;4;1;0;0;1;0;0;0;0;482108,6753;5303882,613;8,760672817;47,88802593;2
7897;8,2002E+18;8;3;27;46;2020;2;12;3;3;5;3;0;0;1;0;0;0;0;480859,18;5324439,545;8,743042652;48,07294322;1
7898;8,2002E+18;8;3;16;37;2020;2;7;3;2;5;3;1;0;1;0;0;0;0;406121,0429;5334795,331;7,737586549;48,1594688;1
7899;8,2002E+18;8;3;15;95;2020;2;12;3;3;8;1;0;0;1;0;0;0;0;426974,8865;5319419,694;8,020594818;48,02389151;2
7900;8,2002E+18;8;2;35;65;2020;2;9;3;3;9;1;0;0;1;0;0;0;0;476904,371;5404703,735;8,685527013;48,79489869;2
7901;8,2002E+18;8;2;37;45;2020;2;12;3;3;5;3;0;0;1;0;0;0;0;459468,9384;5363579,514;8,452149627;48,42406067;1
7902;8,2002E+18;8;2;37;28;2020;2;11;3;3;4;6;0;0;1;0;0;1;0;458693,7305;5364919,217;8,44153976;48,43606238;2
7903;8,2002E+18;8;2;15;39;2020;2;15;3;3;2;6;0;0;1;0;0;0;0;471030,0742;5453883,547;8,602032534;49,23704365;0
7904;8,2002E+18;8;2;25;109;2020;2;6;3;3;2;6;2;0;1;0;0;1;0;527160,18;5492283,932;9,375734031;49,58252973;1
7905;8,2002E+18;8;2;25;68;2020;2;13;3;3;3;6;0;0;1;0;0;0;0;500245,3145;5471005,231;9,003380516;49,39174075;0
7906;8,2002E+18;8;2;22;0;2020;2;6;3;3;2;6;2;0;1;0;0;1;0;464638,336;5477033,515;8,512176596;49,44493617;1
7907;8,2002E+18;8;2;11;0;2020;2;6;3;2;3;3;2;0;1;0;0;1;0;442181,909;5408488,038;8,212241147;48,82667941;1
7908;8,2002E+18;8;2;15;59;2020;2;13;3;2;2;6;0;0;1;0;0;0;0;484036,0401;5436341,537;8,781392542;49,07972529;0
7909;8,2002E+18;8;2;15;108;2020;2;20;3;3;3;2;2;0;1;0;0;0;0;449190,3588;5422919,618;8,305927277;48,95710623;1
7910;8,2002E+18;8;2;15;100;2020;2;11;3;3;2;6;0;0;1;0;0;0;0;471066,7551;5451555,693;8,602704339;49,21610623;0
7911;8,2002E+18;8;2;12;0;2020;2;16;3;2;2;6;0;0;1;0;0;0;0;460004,0954;5431473,234;8,452795559;49,034842;1
7912;8,2002E+18;8;2;15;100;2020;2;22;3;3;3;6;2;0;1;0;0;1;0;471084,0707;5451550,77;8,602942456;49,21606276;0
7913;8,2002E+18;8;2;12;0;2020;2;15;3;3;2;6;0;0;1;0;0;0;0;454696,6842;5426864,031;8,380700852;48,99301476;1
7914;8,2002E+18;8;2;11;0;2020;2;16;3;3;5;3;0;0;1;0;0;0;0;443331,4616;5401974,625;8,228800736;48,76819645;1
7915;8,2002E+18;8;1;27;100;2020;2;17;3;3;5;3;1;0;1;0;0;0;0;553469,8058;5433964,733;9,731862841;49,05623128;1
7916;8,2002E+18;8;1;27;76;2020;2;19;3;3;2;6;2;0;1;0;0;0;0;558154,7142;5439784,115;9,79681787;49,10814999;1
7917;8,2002E+18;8;1;27;25;2020;2;22;3;1;6;1;2;0;1;1;0;0;0;557102,8595;5426790,506;9,780575257;48,99137493;1
7918;8,2002E+18;8;1;27;32;2020;2;9;3;2;5;3;0;0;1;0;0;0;0;569372,719;5455662,836;9,953242097;49,24980157;1
7919;8,2002E+18;8;1;26;11;2020;2;8;3;3;1;1;0;0;0;0;0;1;0;528187,9484;5446850,034;9,386731774;49,17381308;0
7920;8,2002E+18;8;1;25;78;2020;2;6;3;3;4;2;2;0;1;0;0;0;0;519506,6567;5453940,238;9,267972671;49,23792828;1
7921;8,2002E+18;8;1;25;69;2020;2;6;3;2;2;6;2;0;1;0;0;1;0;525344,1352;5453869,34;9,348159167;49,2370767;1
7922;8,2002E+18;8;1;19;79;2020;2;7;3;3;2;6;1;0;1;0;0;0;0;524935,381;5409169,68;9,339794241;48,83500215;0
7923;8,2002E+18;8;1;18;73;2020;2;15;3;3;2;6;0;0;1;0;0;0;0;498880,3926;5422403,677;8,984706708;48,95455202;1
7924;8,2002E+18;8;1;18;76;2020;2;20;3;3;5;2;2;0;1;0;0;0;0;505271,6862;5424049,46;9,072029957;48,96933547;1
7925;8,2002E+18;8;1;11;0;2020;2;7;3;3;5;3;2;0;1;0;0;1;0;509081,8102;5395056,895;9,123447109;48,70847851;1
7926;8,2002E+18;8;1;15;21;2020;2;0;3;2;8;1;2;0;1;0;0;0;0;490522,7225;5384945,037;8,871409021;48,61750511;1
7927;8,2002E+18;8;1;18;48;2020;2;4;3;3;7;7;2;0;1;1;0;0;0;515706,0814;5417514,351;9,214348275;48,91037082;1
7928;8,2002E+18;8;1;17;60;2020;2;18;3;3;1;6;2;0;1;0;0;0;0;541973,0512;5389638,93;9,569966447;48,65839393;1
7929;8,2002E+18;8;1;17;26;2020;2;16;3;3;4;2;0;0;1;0;0;0;0;546892,3461;5395177,666;9,637391564;48,70786806;1
7930;8,2002E+18;8;1;17;15;2020;2;16;3;3;4;1;0;0;1;0;0;1;0;560919,6306;5392988,342;9,827718297;48,6869623;2
7931;8,2002E+18;8;1;16;33;2020;2;7;3;3;7;3;0;0;1;0;0;0;1;533816,758;5386501,572;9,458957342;48,63066539;1
7932;8,2002E+18;8;1;11;0;2020;2;9;3;3;0;6;0;0;0;0;0;0;1;511985,0392;5399281,052;9,163032728;48,74643002;0
7933;8,2002E+18;8;4;36;10;2020;2;16;2;3;2;6;0;0;1;0;0;0;0;566793,9489;5305922,983;9,893747413;47,90315515;1
7934;8,2002E+18;8;4;26;70;2020;2;7;2;3;3;6;2;1;1;0;0;0;0;565501,519;5342945,923;9,882129959;48,23634743;1
7935;8,2002E+18;8;4;21;0;2020;2;6;2;3;2;6;1;0;1;0;0;0;0;572505,2117;5357218,363;9,97888911;48,36397154;1
7936;8,2002E+18;8;4;16;48;2020;2;7;2;1;4;6;1;0;1;0;0;0;1;497553,1433;5375723,559;8,966854436;48,53461312;1
7937;8,2002E+18;8;3;36;45;2020;2;18;2;3;8;1;2;0;1;0;0;0;0;398173,2678;5285670,627;7,642360712;47,71638178;1
7938;8,2002E+18;8;3;35;79;2020;2;7;2;3;5;2;0;0;1;0;0;0;0;500764,5273;5296165,698;9,010213268;47,81884257;1
7939;8,2002E+18;8;3;35;22;2020;2;7;2;3;2;6;2;0;1;0;0;0;0;482470,0673;5302684,846;8,765555644;47,87725923;1
7940;8,2002E+18;8;3;27;49;2020;2;7;2;3;5;3;2;0;1;0;0;0;0;471988,52;5324846,495;8,623933383;48,0762765;1
7941;8,2002E+18;8;3;25;53;2020;2;9;2;3;0;2;0;1;1;0;0;0;0;461860,546;5347171,767;8,48596187;48,27660146;1
7942;8,2002E+18;8;3;25;69;2020;2;11;2;3;2;6;0;0;1;0;0;0;1;468440,7771;5336128,148;8,575468984;48,17760885;1
7943;8,2002E+18;8;3;17;96;2020;2;6;2;2;6;4;2;0;1;1;0;0;0;422216,82;5365788,159;7,948277235;48,44042886;1
7944;8,2002E+18;8;3;17;65;2020;2;6;2;3;8;7;2;0;1;0;0;0;0;417637,7846;5356109,449;7,888273564;48,35278772;1
7945;8,2002E+18;8;3;17;75;2020;2;9;2;2;5;3;0;1;0;0;0;0;1;411519,421;5359727,949;7,804944444;48,38450719;1
7946;8,2002E+18;8;3;17;5;2020;2;5;2;2;5;3;2;0;1;0;1;0;0;424442,52;5376222,236;7,976479249;48,53455431;1
7947;8,2002E+18;8;3;17;1;2020;2;11;2;3;5;3;0;0;1;0;0;0;0;429809,6204;5389485,95;8,046930913;48,6544849;1
7948;8,2002E+18;8;3;17;1;2020;2;13;2;3;5;2;0;0;1;0;0;0;0;429048,8567;5387979,16;8,036860676;48,64084556;1