OBJECTID;UIDENTSTLAE;ULAND;UREGBEZ;UKREIS;UGEMEINDE;UJAHR;UMONAT;USTUNDE;UWOCHENTAG;UKATEGORIE;UART;UTYP1;ULICHTVERH;IstRad;IstPKW;IstFuss;IstKrad;IstGkfz;IstSonstige;LINREFX;LINREFY;XGCSWGS84;YGCSWGS84;STRZUSTAND
7949;8,2002E+18;8;3;17;26;2020;2;16;2;2;8;7;1;0;1;0;0;0;0;413907,8982;5348780,476;7,83943449;48,2863673;1
7950;8,2002E+18;8;3;36;50;2020;2;19;2;3;2;6;2;0;1;0;0;0;0;400540,1219;5276313,016;7,676040045;47,63257631;1
7951;8,2002E+18;8;2;35;46;2020;2;7;2;3;5;3;1;0;1;0;0;0;1;479756,776;5375784,72;8,725780261;48,53484154;1
7952;8,2002E+18;8;2;31;0;2020;2;5;2;3;6;4;2;0;1;1;0;0;0;477612,6048;5415523,022;8,694579017;48,89225203;1
7953;8,2002E+18;8;2;25;14;2020;2;7;2;3;6;4;2;0;1;1;0;0;0;523536,8744;5485782,307;9,325221604;49,52420204;0
7954;8,2002E+18;8;2;25;75;2020;2;7;2;3;5;3;2;0;1;0;0;0;0;530893,628;5475368,243;9,426057826;49,43020113;1
7955;8,2002E+18;8;2;15;17;2020;2;20;2;3;8;1;2;0;1;0;0;0;0;457880,2358;5423903,603;8,424524482;48,96661052;1
7956;8,2002E+18;8;2;15;17;2020;2;11;2;3;9;1;0;0;1;0;0;0;0;454589,2598;5423160,12;8,379646027;48,95968973;1
7957;8,20021E+18;8;1;25;111;2020;2;18;1;3;9;1;2;1;0;0;0;0;0;525573,089;5454255,008;9,351328911;49,24053629;1
7958;8,20022E+18;8;1;18;78;2020;2;0;1;3;8;1;2;0;1;0;0;0;0;512961,5394;5421134,421;9,17700749;48,94299938;0
7959;8,20022E+18;8;1;15;42;2020;2;11;1;2;8;1;0;0;0;0;1;0;0;493553,4261;5404915,223;8,912218683;48,79719677;0
7960;8,20022E+18;8;1;16;33;2020;2;16;1;3;5;3;0;0;1;0;1;0;0;531736,1536;5390337,63;9,43101446;48,66528329;0
7961;8,20022E+18;8;1;15;41;2020;2;5;1;3;8;7;2;0;1;0;0;0;0;492679,4442;5404720,49;8,900321388;48,7954353;0
7962;8,20022E+18;8;1;11;0;2020;2;21;1;3;5;3;2;0;1;0;0;0;0;515375,5656;5405926,402;9,209402332;48,80613649;0
7963;8,20022E+18;8;4;37;47;2020;2;10;7;2;9;1;0;0;1;0;0;0;0;522533,634;5340961,396;9,30337859;48,22147662;2
7964;8,20022E+18;8;4;37;100;2020;2;8;7;3;8;1;0;0;1;0;0;0;0;540993,1316;5317582,768;9,549648397;48,01022436;2
7965;8,20022E+18;8;4;37;86;2020;2;7;7;3;8;1;1;0;1;0;0;0;0;530282,0657;5309590,829;9,405472223;47,93891824;2
7966;8,20022E+18;8;4;26;87;2020;2;9;7;3;4;6;0;0;1;0;0;0;0;569279,4154;5328893,836;9,930710744;48,10953716;0
7967;8,20022E+18;8;3;37;126;2020;2;16;7;2;5;3;0;0;1;0;0;0;0;438868,64;5273994,43;8,186504056;47,61646977;0
7968;8,20022E+18;8;3;37;62;2020;2;15;7;2;5;3;0;0;1;0;0;0;0;457932,0011;5274950,549;8,44007956;47,62659072;0
7969;8,20022E+18;8;3;27;50;2020;2;2;7;3;8;1;2;0;1;0;0;0;0;488135,9672;5316683,729;8,840944832;48,00334035;1
7970;8,20022E+18;8;3;26;31;2020;2;19;7;2;8;1;2;0;0;0;1;0;1;451972,8075;5334646,579;8,354123266;48,16324864;0
7971;8,20022E+18;8;3;26;6;2020;2;10;7;2;5;3;0;0;1;0;0;0;0;452423,9183;5309768,283;8,362956059;47,9394638;0
7972;8,20022E+18;8;3;25;53;2020;2;10;7;3;9;1;0;0;1;0;0;0;0;454465,4958;5337380,242;8,387350337;48,18802522;2
7973;8,20022E+18;8;3;25;53;2020;2;10;7;3;8;1;0;0;1;0;0;0;0;454356,0243;5336822,049;8,385937516;48,18299565;2
7974;8,20022E+18;8;3;17;96;2020;2;1;7;2;2;6;2;0;1;0;0;0;1;419190,2846;5372859,841;7,905995724;48,50365602;0
7975;8,20022E+18;8;3;15;15;2020;2;15;7;2;3;6;0;0;1;0;1;0;0;395508,784;5326360,896;7,596990702;48,08195137;0
7976;8,20022E+18;8;3;15;41;2020;2;15;7;2;0;1;0;1;0;0;0;0;0;420933,0015;5322351,223;7,939034201;48,049543;0
7977;8,20022E+18;8;3;11;0;2020;2;15;7;2;5;2;0;1;1;0;0;0;0;414613,9992;5317762,222;7,855173843;48,00744917;0
7978;8,20022E+18;8;2;15;39;2020;2;13;7;3;2;6;0;0;1;0;0;0;0;471035,8389;5453813,572;8,602116779;49,2364145;0
7979;8,20022E+18;8;2;22;0;2020;2;13;7;3;2;6;0;0;1;0;0;0;0;465200,2556;5479530,349;8,519708724;49,46742659;0
7980;8,20022E+18;8;2;15;66;2020;2;15;7;3;5;3;0;0;1;0;0;0;0;460341,3779;5449433,646;8,455644883;49,19641824;0
7981;8,20022E+18;8;2;15;9;2020;2;13;7;3;2;6;0;0;1;0;0;0;0;473047,4606;5447909,551;8,630146348;49,18339911;0
7982;8,20022E+18;8;2;15;109;2020;2;6;7;3;9;7;2;0;1;0;0;0;0;460902,1417;5436174,914;8,464627615;49,07719186;0
7983;8,20022E+18;8;1;36;21;2020;2;16;7;3;2;6;0;0;1;0;0;0;0;575147,8777;5407940,791;10,02373829;48,81990217;0
7984;8,20022E+18;8;4;25;135;2020;2;20;7;2;8;1;2;0;1;0;0;0;0;570944,8192;5373699,168;9,960616624;48,51239758;0
7985;8,20022E+18;8;1;25;24;2020;2;14;7;2;2;1;0;0;1;0;0;0;0;522296,9806;5443433,627;9,305721293;49,14332405;0
7986;8,20022E+18;8;1;25;102;2020;2;11;7;3;2;7;0;0;1;0;0;0;0;521972,2548;5443879,628;9,301293258;49,14734765;0
7987;8,20022E+18;8;1;19;67;2020;2;15;7;3;2;2;0;0;1;0;1;0;0;541303,7184;5403360,589;9,562251888;48,78187341;0
7988;8,20022E+18;8;1;18;63;2020;2;13;7;3;2;6;0;0;1;0;0;0;0;516417,5206;5422895,04;9,224274262;48,95875516;0
7989;8,20022E+18;8;1;18;63;2020;2;11;7;3;5;3;0;0;1;0;0;0;0;516282,018;5422910,069;9,222423822;48,95889394;0
7990;8,20022E+18;8;1;15;28;2020;2;7;7;3;2;6;1;0;1;0;0;0;0;501253,4123;5402923,09;9,017061322;48,77930781;0
7991;8,20022E+18;8;1;17;53;2020;2;14;7;3;5;3;0;0;1;0;1;0;0;551315,6228;5401188,72;9,698259636;48,76159141;0
7992;8,20022E+18;8;1;16;48;2020;2;17;7;3;4;2;1;1;1;0;0;0;0;533608,7802;5391006,079;9,456500435;48,6711986;0
7993;8,20022E+18;8;1;16;20;2020;2;11;7;2;2;6;0;1;0;0;0;0;1;526742,1765;5382070,163;9,362658572;48,59114281;0
7994;8,20022E+18;8;1;15;3;2020;2;18;7;3;6;3;2;0;1;1;0;0;0;500546,9052;5392843,953;9,007431044;48,68863658;0
7995;8,20022E+18;8;1;11;0;2020;2;1;7;3;8;7;2;0;1;0;0;0;0;512781,7781;5407589,952;9,174129123;48,82116033;0
7996;8,20022E+18;8;1;11;0;2020;2;22;7;3;2;6;2;0;1;0;0;0;0;513031,776;5407021,259;9,17751682;48,81603925;0
7997;8,20022E+18;8;1;11;0;2020;2;13;7;3;2;7;0;0;1;0;0;0;0;512769,1692;5402696,335;9,17380519;48,77713815;0
7998;8,20021E+18;8;4;37;44;2020;2;14;6;3;4;6;0;0;1;0;0;0;1;534509,6612;5320890,319;9,462985685;48,04036494;0
7999;8,20021E+18;8;4;36;81;2020;2;17;6;3;3;6;2;0;1;0;0;0;0;565128,628;5285940,441;9,868464143;47,72355462;0
8000;8,20021E+18;8;4;36;82;2020;2;14;6;3;5;3;0;0;1;0;0;0;0;547303,629;5295371,151;9,631819384;47,80995536;0
8001;8,20021E+18;8;4;36;10;2020;2;19;6;2;9;1;2;0;0;0;1;0;0;566385,1486;5300105,022;9,887383842;47,85085748;1
8002;8,20021E+18;8;4;35;35;2020;2;11;6;3;2;6;0;0;1;0;0;0;0;542038,3158;5282471,481;9,560248881;47,69426067;1
8003;8,20021E+18;8;4;26;73;2020;2;6;6;3;9;1;2;0;1;0;0;0;0;563902,6057;5335194,488;9,859432141;48,16677981;1
8004;8,20021E+18;8;4;26;21;2020;2;13;6;3;5;3;0;0;1;0;0;0;0;558207,8104;5326812,658;9,781704843;48,09192276;0
8005;8,20021E+18;8;4;26;74;2020;2;12;6;3;1;6;0;0;1;0;0;0;0;556561,6703;5328258,246;9,759791568;48,10507586;0
8006;8,20021E+18;8;4;26;97;2020;2;6;6;2;4;6;2;0;1;0;0;0;0;536080,0647;5336777,186;9,485397856;48,18320731;1
8007;8,20021E+18;8;4;25;71;2020;2;14;6;3;5;3;0;0;1;0;0;0;0;551176,2104;5370991,251;9,692635381;48,48996029;1
8008;8,20021E+18;8;4;21;0;2020;2;9;6;3;0;6;0;0;1;0;0;0;1;571962,7672;5363518,107;9,972646212;48,42070154;0
8009;8,20021E+18;8;3;36;69;2020;2;19;6;2;5;3;2;0;1;0;1;0;0;409478,061;5270032,082;7,796286072;47,57738541;0
8010;8,20021E+18;8;3;35;77;2020;2;19;6;3;3;6;2;0;1;0;0;0;0;494854,0887;5290735,632;8,931320555;47,7699654;0
8011;8,20021E+18;8;3;27;38;2020;2;11;6;2;4;1;0;0;1;0;0;0;0;495228,2926;5311031,521;8,936090784;47,95257851;0
8012;8,20021E+18;8;3;26;68;2020;2;14;6;3;5;3;0;0;1;0;0;0;0;449158,9699;5319814,431;8,318051982;48,02959393;0
8013;8,20021E+18;8;3;25;53;2020;2;11;6;3;5;3;0;0;1;0;0;0;1;461690,9905;5346209,561;8,483763924;48,26793484;1
8014;8,20021E+18;8;3;36;50;2020;2;18;6;3;5;2;2;0;1;0;0;0;0;402703,8539;5277135,116;7,704652093;47,64030022;0
8015;8,20021E+18;8;3;11;0;2020;2;14;6;3;2;6;0;0;1;0;0;0;0;414393,7637;5318577,052;7,852058934;48,0147494;0
8016;8,20021E+18;8;2;37;30;2020;2;17;6;3;3;3;2;1;1;0;0;0;0;463697,3005;5366165,615;8,509077161;48,44758358;0
8017;8,20021E+18;8;2;37;27;2020;2;12;6;3;5;3;0;0;1;0;0;0;0;481323,371;5369283,1;8,747292479;48,47639957;1
8018;8,20021E+18;8;2;35;18;2020;2;19;6;3;1;6;2;0;1;0;0;0;0;465271,81;5406099,013;8,527023292;48,80690915;1
8019;8,20021E+18;8;2;26;95;2020;2;17;6;3;2;6;1;0;1;0;0;0;0;472766,7126;5460524,099;8,625436748;49,29685517;0
8020;8,20021E+18;8;2;22;0;2020;2;12;6;3;1;6;0;0;1;0;0;1;0;462061,3939;5481751,31;8,476176294;49,48721502;0
8021;8,20021E+18;8;2;21;0;2020;2;16;6;3;2;6;0;0;1;0;0;0;0;476117,135;5467573,201;8,671095067;49,36040169;0
8022;8,20021E+18;8;2;26;91;2020;2;21;6;3;0;6;2;0;1;0;0;0;0;493025,8406;5457967,785;8,904121868;49,27442795;1
8023;8,20021E+18;8;2;11;0;2020;2;23;6;3;3;6;2;0;1;0;0;0;0;438914,8422;5405325,068;8,168203654;48,79791587;0
8024;8,20021E+18;8;2;15;9;2020;2;23;6;3;5;3;2;0;1;0;0;0;0;470199,788;5441683,169;8,591531211;49,12726015;0
8025;8,20021E+18;8;2;15;39;2020;2;14;6;3;5;3;0;1;1;0;0;0;0;473062,0169;5451916,672;8,63007734;49,21944425;0
8026;8,20021E+18;8;2;12;0;2020;2;20;6;3;1;5;2;1;1;0;0;0;0;452375,5295;5428175,972;8,348818792;49,00464105;0
8027;8,20021E+18;8;2;12;0;2020;2;13;6;2;2;6;0;0;1;0;0;0;1;459950,1115;5424444,275;8,452750249;48,97161161;0
8028;8,20021E+18;8;2;12;0;2020;2;14;6;3;2;6;0;0;1;0;0;0;0;455730,7572;5426427,906;8,394883372;48,98916677;0
8029;8,20021E+18;8;1;36;18;2020;2;14;6;3;5;3;0;0;1;0;0;0;0;589799,707;5431539,518;10,22849185;49,03019629;0
8030;8,20021E+18;8;1;27;25;2020;2;21;6;3;8;1;2;0;1;0;0;0;0;556189,557;5424723,521;9,767806255;48,97286652;1
8031;8,20021E+18;8;1;26;58;2020;2;12;6;2;6;4;0;0;1;1;0;0;0;542166,581;5450432,566;9,578882493;49,205236;1
8032;8,20021E+18;8;1;26;28;2020;2;17;6;2;5;3;2;0;1;0;0;0;0;534476,7105;5458639,601;9,474022647;49,27953853;1
8033;8,20021E+18;8;1;25;27;2020;2;14;6;3;2;6;0;0;1;0;0;0;0;519461,9824;5445982,875;9,266973374;49,16635161;0
8034;8,20021E+18;8;1;25;69;2020;2;17;6;3;2;1;0;0;1;0;0;0;1;526619,0539;5453394,947;9,365641202;49,2327554;1
8035;8,20021E+18;8;1;21;0;2020;2;20;6;3;5;2;2;0;1;0;0;0;0;509667,7649;5447450,237;9,132655202;49,17978345;0
8036;8,20021E+18;8;1;16;35;2020;2;17;6;3;2;6;1;0;1;0;0;1;0;525717,7809;5391257,34;9,349336805;48,67383379;0
8037;8,20021E+18;8;1;15;21;2020;2;16;6;3;2;6;0;0;1;0;0;0;0;492541,6535;5381088,914;8,898871796;48,58284187;0
8038;8,20021E+18;8;1;18;60;2020;2;13;6;2;9;1;0;0;1;0;0;1;0;523942,8393;5429625,122;9,327470147;49,01904987;0
8039;8,20021E+18;8;1;17;51;2020;2;13;6;3;8;1;0;0;1;0;0;0;0;543955,2769;5395029,465;9,59745555;48,70674884;0
8040;8,20021E+18;8;4;25;79;2020;2;14;6;3;2;6;0;0;1;0;0;0;0;554738,1272;5374540,34;9,74130494;48,52158645;1
8041;8,20021E+18;8;4;25;31;2020;2;17;6;3;2;6;1;0;1;0;0;0;0;570303,7288;5367484,301;9,950891615;48,45656581;1
8042;8,20021E+18;8;1;16;15;2020;2;9;6;3;2;6;0;0;1;0;0;0;1;522500,9896;5394779,423;9,305834121;48,70564258;1
8043;8,20021E+18;8;1;16;77;2020;2;10;6;3;6;4;0;0;1;1;0;0;0;518149,3701;5388666,574;9,246419054;48,65079298;1
8044;8,20021E+18;8;1;16;49;2020;2;14;6;3;2;6;0;0;1;0;0;0;0;524458,8678;5387967,802;9,332042283;48,6442917;0
8045;8,20021E+18;8;1;15;28;2020;2;15;6;3;2;6;0;0;1;0;0;1;0;499455,976;5405247,318;8,992591723;48,80021747;0
8046;8,20021E+18;8;1;15;13;2020;2;6;6;3;5;2;1;0;1;0;0;0;0;495764,1342;5388106,011;8,942493942;48,64599928;1
8047;8,20021E+18;8;1;11;0;2020;2;15;6;3;2;6;0;0;1;0;0;0;0;515130,7741;5394494,659;9,205648333;48,70330319;0
8048;8,20021E+18;8;1;11;0;2020;2;7;6;2;6;4;1;0;1;1;0;0;0;507781,8386;5407477,778;9,106011822;48,82023398;1
8049;8,20021E+18;8;4;36;9;2020;2;18;5;3;8;1;2;0;1;0;0;0;0;555557,3022;5310636,352;9,744015926;47,94663094;1
8050;8,20021E+18;8;4;36;95;2020;2;16;5;3;5;3;0;0;1;0;0;0;0;537123,1;5295029,437;9,495818048;47,80754877;1
8051;8,20021E+18;8;4;36;95;2020;2;7;5;1;4;6;0;0;1;0;0;0;1;536383,3107;5295700,376;9,485994072;47,81362757;0
8052;8,20021E+18;8;4;35;16;2020;2;17;5;3;5;3;1;0;1;0;1;0;0;531544,2576;5279568,553;9,420188251;47,66873933;1
8053;8,20021E+18;8;4;35;16;2020;2;7;5;3;5;3;1;0;1;0;1;0;0;537032,5515;5281756,596;9,493478599;47,68813493;0
8054;8,20021E+18;8;4;26;1;2020;2;6;5;3;8;1;2;0;1;0;0;0;0;564886,9505;5346676,438;9,874426412;48,26996937;1
8055;8,20021E+18;8;4;21;0;2020;2;18;5;3;1;6;2;0;1;0;0;0;0;572672,3401;5361523,577;9,9818898;48,40267885;1
8056;8,20021E+18;8;4;17;2;2020;2;16;5;2;6;2;2;0;1;1;0;0;0;488942,4086;5347264,411;8,85096208;48,27848723;1
8057;8,20021E+18;8;3;36;8;2020;2;11;5;3;5;2;0;0;1;0;0;0;0;395223,25;5275699,192;7,60543251;47,6262164;0
8058;8,20021E+18;8;3;36;69;2020;2;19;5;3;3;2;2;0;1;0;1;0;0;408534,938;5268099,778;7,784150221;47,55987043;1
8059;8,20021E+18;8;3;35;22;2020;2;15;5;3;4;6;0;0;1;0;0;0;0;482762,601;5300120,539;8,769570222;47,85419525;1
8060;8,20021E+18;8;3;35;100;2020;2;12;5;2;5;3;0;0;1;0;0;0;0;489007,2619;5286977,766;8,853381603;47,73608061;0
8061;8,20021E+18;8;3;26;60;2020;2;8;5;3;4;1;0;0;1;0;0;0;0;447147,3963;5330719,435;8,289723004;48,12753609;2
8062;8,20021E+18;8;3;26;74;2020;2;14;5;3;4;6;0;0;1;0;0;1;0;468322,2949;5322667,282;8,574875488;48,05649886;0
8063;8,20021E+18;8;3;26;27;2020;2;14;5;3;4;1;0;0;1;0;0;0;1;462323,555;5307329,218;8,495719595;47,91817841;1
8064;8,20021E+18;8;3;25;14;2020;2;17;5;3;9;1;2;0;1;0;0;0;0;465783,2617;5339341,351;8,539462583;48,20637916;1
8065;8,20021E+18;8;3;17;34;2020;2;18;5;3;2;3;2;0;1;0;0;0;1;426557,9003;5361206,064;8,007767;48,39973354;1
8066;8,20021E+18;8;3;17;116;2020;2;18;5;3;2;6;2;0;1;0;0;0;0;432884,9395;5387411,585;8,089019163;48,63616383;1
8067;8,20021E+18;8;3;17;89;2020;2;16;5;3;2;6;0;0;1;0;0;0;1;430223,2004;5376109,064;8,054793198;48,53420581;1
8068;8,20021E+18;8;3;15;94;2020;2;18;5;2;4;1;2;0;1;0;0;0;0;433648,9892;5316590,437;8,110533273;47,99916747;1
8069;8,20021E+18;8;3;15;74;2020;2;19;5;3;1;6;2;0;1;0;0;0;0;394400,6388;5295918,243;7,589586498;47,8079514;1
8070;8,20021E+18;8;3;36;50;2020;2;16;5;3;1;6;0;0;1;0;0;0;0;399300,6022;5275603,802;7,659707951;47,62600513;1
8071;8,20021E+18;8;2;35;46;2020;2;15;5;3;2;6;0;0;1;0;0;0;0;481529,705;5376929,768;8,749745776;48,54519738;1
8072;8,20021E+18;8;2;35;66;2020;2;18;5;2;8;1;2;0;1;0;0;0;0;463334,1129;5387160,433;8,50231776;48,63643183;2
8073;8,20022E+18;8;2;35;50;2020;2;19;1;3;9;6;2;0;1;0;0;0;0;472874,4588;5391691,106;8,631512864;48,67767636;0
8074;8,20021E+18;8;2;26;31;2020;2;18;5;3;0;7;2;1;0;0;0;0;0;474119,884;5493345,586;8,641904116;49,59213493;1
8075;8,20021E+18;8;2;26;85;2020;2;17;5;2;8;1;0;0;1;0;0;0;0;487958,6401;5450749,644;8,834677018;49,20942052;1
8076;8,20021E+18;8;2;26;68;2020;2;18;5;3;2;6;2;0;1;0;0;0;0;470198,0703;5461198,97;8,590058521;49,30280568;1
8077;8,20021E+18;8;2;26;95;2020;2;14;5;3;2;6;0;0;1;0;0;0;0;471726,3309;5459254,689;8,611217611;49,28538962;1
8078;8,20021E+18;8;2;22;0;2020;2;7;5;3;2;6;2;0;1;0;0;0;0;463263,0833;5480817,448;8,492854256;49,47888933;0
8079;8,20021E+18;8;2;22;0;2020;2;19;5;3;1;5;2;0;1;0;0;0;0;463901,1906;5481999,168;8,501554956;49,48955661;1
8080;8,20021E+18;8;2;21;0;2020;2;21;5;3;5;2;2;0;1;0;0;0;1;476792,7225;5472182,743;8,680129817;49,40189007;1
8081;8,20021E+18;8;2;26;95;2020;2;7;5;2;4;6;1;0;1;0;0;0;0;473730,4371;5463148,438;8,638518746;49,32050319;2
8082;8,20022E+18;8;2;35;33;2020;2;15;1;2;9;1;0;0;0;0;1;0;0;461802,4947;5405772,246;8,479805686;48,80376615;0
8083;8,20021E+18;8;2;26;85;2020;2;6;5;2;9;1;2;0;1;0;0;0;0;494455,469;5454292,591;8,923826736;49,24138347;2
8084;8,20021E+18;8;2;16;8;2020;2;12;5;2;8;1;0;0;0;0;1;0;0;439627,0345;5393489,128;8,179635297;48,69152008;0
8085;8,20021E+18;8;2;16;39;2020;2;6;5;3;5;3;2;0;1;0;0;0;0;444391,9673;5414366,462;8,241551554;48,87975799;0
8086;8,20021E+18;8;2;15;103;2020;2;3;5;3;3;6;2;0;1;0;0;1;0;468363,08;5445067,16;8,566090678;49,1576078;0
8087;8,20021E+18;8;2;15;108;2020;2;16;5;2;4;1;1;0;1;0;0;0;0;450344,4442;5424527,262;8,321495048;48,97166082;1
8088;8,20022E+18;8;2;36;74;2020;2;1;1;2;6;6;2;0;1;1;0;0;0;474280,8703;5419618,735;8,64886844;48,92896604;0
8089;8,20021E+18;8;1;36;75;2020;2;2;5;2;9;1;2;0;1;0;0;0;0;599036,5237;5421120,815;10,35228169;48,93508531;2
8090;8,20021E+18;8;1;35;19;2020;2;21;5;3;1;1;2;0;1;0;0;0;0;583011,7872;5392475,708;10,12773005;48,67980414;1
8091;8,20021E+18;8;1;26;66;2020;2;12;5;3;3;6;0;0;1;0;0;0;0;535899,4211;5450149,26;9,492822305;49,20308683;0
8092;8,20021E+18;8;1;25;94;2020;2;8;5;1;4;6;0;0;1;0;0;1;0;513291,0348;5437180,652;9,182032725;49,08733702;0
8093;8,20021E+18;8;1;25;98;2020;2;7;5;3;0;7;1;1;0;0;0;0;0;523663,757;5437666,219;9,324123094;49,09139341;2
8094;8,20021E+18;8;1;25;78;2020;2;6;5;3;8;1;2;0;0;0;1;0;0;520550,575;5451220,3;9,282173965;49,21342786;2
8095;8,20021E+18;8;1;25;65;2020;2;18;5;3;2;6;1;0;1;0;0;0;0;517181,6034;5448033,828;9,235779755;49,18486856;1
8096;8,20021E+18;8;1;25;26;2020;2;6;5;3;0;1;2;0;1;0;0;0;0;498730,922;5437360,949;8,982618219;49,08910109;2
8097;8,20021E+18;8;1;19;44;2020;2;18;5;3;5;3;2;1;1;0;0;0;0;542530,7171;5425635,876;9,581271141;48,98216451;0
8098;8,20022E+18;8;2;26;85;2020;2;17;1;3;0;7;0;0;0;0;1;0;0;487311,6847;5459536,457;8,825516312;49,28844648;0
8099;8,20021E+18;8;1;18;76;2020;2;18;5;3;6;4;2;0;1;1;0;0;0;504472,0141;5423094,907;9,061093113;48,96075494;1
8100;8,20021E+18;8;1;18;48;2020;2;18;5;3;1;6;2;0;1;0;0;0;0;512237,414;5415262,844;9,166942514;48,89019512;1
8101;8,20021E+18;8;1;18;48;2020;2;7;5;3;2;6;0;0;1;0;0;0;0;515843,7367;5417705,555;9,21623433;48,91208733;0
8102;8,20021E+18;8;1;18;51;2020;2;16;5;3;8;7;0;0;1;0;0;0;0;509824,072;5414128,363;9,133992597;48,88003256;1
8103;8,20021E+18;8;1;16;78;2020;2;17;5;3;2;6;2;0;1;0;0;0;0;511922,01;5394828,677;9,162046605;48,70637762;1
8104;8,20021E+18;8;1;18;19;2020;2;14;5;3;2;6;0;0;1;0;0;0;1;502409,3849;5405124,542;9,032809212;48,79910855;0
8105;8,20021E+18;8;1;16;47;2020;2;14;5;3;2;6;0;0;1;0;1;0;0;517801,4459;5393795,837;9,241916049;48,69694608;0
8106;8,20021E+18;8;1;18;11;2020;2;6;5;3;2;6;2;0;1;0;0;1;0;505177,7514;5407074,387;9,070531341;48,81663229;0
8107;8,20021E+18;8;1;17;51;2020;2;14;5;3;2;6;0;0;1;0;0;0;0;542404,801;5394852,897;9,576363932;48,70526785;0
8108;8,20021E+18;8;1;16;35;2020;2;18;5;3;2;6;2;0;1;0;0;1;0;526246,85;5390999,632;9,356506902;48,67149345;1
8109;8,20021E+18;8;1;15;28;2020;2;17;5;3;5;3;2;0;1;0;0;0;0;503053,8681;5401723,415;9,041560032;48,76850934;1
8110;8,20021E+18;8;1;15;28;2020;2;5;5;3;5;3;2;0;1;0;0;0;0;502475,7244;5406280,958;9,033719547;48,80951132;0
8111;8,20021E+18;8;1;15;52;2020;2;11;5;3;5;3;0;0;1;0;0;0;0;492635,1042;5411254,825;8,899600292;48,85421685;0
8112;8,20021E+18;8;1;15;3;2020;2;17;5;3;5;2;2;1;1;0;0;0;0;500417,9985;5393042,864;9,005679733;48,6904261;1
8113;8,20021E+18;8;1;11;0;2020;2;9;5;3;2;6;0;0;1;0;0;0;0;513341,0935;5402683,688;9,181589382;48,77701237;0
8114;8,20022E+18;8;1;25;39;2020;2;16;1;2;9;1;0;0;0;0;1;0;0;516682,1821;5458811,912;9,229374807;49,28183315;0
8115;8,20021E+18;8;1;11;0;2020;2;17;5;3;2;6;2;0;1;0;0;0;0;513155,6742;5403511,636;9,179092096;48,78446447;1
8116;8,20021E+18;8;1;11;0;2020;2;18;5;3;6;4;2;0;1;1;0;0;0;509682,2517;5402943,472;9,131794137;48,77941708;1
8117;8,20021E+18;8;4;37;86;2020;2;5;4;3;8;1;2;0;1;0;0;0;0;522668,112;5315847,983;9,303854302;47,99552923;1
8118;8,20021E+18;8;4;35;42;2020;2;0;4;3;2;1;2;0;1;0;0;0;0;550580,1266;5278470,933;9,67361559;47,6576552;1
8119;8,20021E+18;8;4;36;10;2020;2;17;4;3;2;6;2;0;1;0;0;0;0;565630,7582;5306032,491;9,878201721;47,9042604;1
8120;8,20021E+18;8;4;25;72;2020;2;1;4;2;4;1;2;0;1;0;0;0;0;577042,043;5368941,764;10,04228394;48,46888662;2
8121;8,20021E+18;8;4;21;0;2020;2;9;4;3;3;6;0;0;1;0;0;1;0;572316,1337;5361013,895;9,976989951;48,3981351;0
8122;8,20021E+18;8;4;17;13;2020;2;22;4;3;9;1;2;0;1;0;0;0;0;505856,7641;5352202,784;9,079008059;48,32298579;2
8123;8,20021E+18;8;4;15;78;2020;2;21;4;3;4;3;2;0;1;0;0;0;0;529458,2326;5370867,827;9,398698685;48,49024337;1
8124;8,20022E+18;8;2;15;105;2020;2;11;2;3;4;6;0;0;1;0;0;1;0;459918,7331;5443811,148;8,450404063;49,14581675;1
8125;8,20021E+18;8;3;37;2;2020;2;15;4;3;8;1;0;0;1;0;0;0;0;432497,4934;5278454,759;8,10104321;47,65596529;1
8126;8,20021E+18;8;3;35;98;2020;2;7;4;3;2;6;0;0;1;0;0;0;0;503922,5234;5295941,869;9,052398686;47,81681717;1
8127;8,20021E+18;8;3;26;27;2020;2;10;4;3;2;1;0;0;1;0;0;1;0;462992,282;5307479,272;8,504656936;47,9195674;1
8128;8,20021E+18;8;3;25;11;2020;2;14;4;2;8;1;0;0;1;0;0;0;0;477588,4284;5341792,842;8,698220787;48,22896123;1
8129;8,20021E+18;8;3;25;72;2020;2;21;4;3;9;1;2;0;0;0;0;0;1;469484,8085;5327022,521;8,590165292;48,09573889;2
8130;8,20021E+18;8;3;16;10;2020;2;21;4;3;5;3;2;0;1;0;0;0;0;433167,4837;5338503,266;8,100647599;48,19624354;1
8131;8,20021E+18;8;3;15;133;2020;2;13;4;3;2;2;0;0;1;0;0;0;0;396035,9281;5327383,025;7,60381767;48,09123097;0
8132;8,20022E+18;8;2;11;0;2020;2;7;2;3;2;6;1;0;1;0;0;0;0;445414,6;5399638,696;8,257457301;48,74737041;1
8133;8,20021E+18;8;3;36;84;2020;2;6;4;3;5;2;2;0;1;0;0;0;0;402722,0268;5277335,365;7,704849446;47,64210427;1
8134;8,20021E+18;8;2;36;75;2020;2;17;4;3;4;1;1;0;1;0;0;0;0;482423,6471;5424074,624;8,759844512;48,96933436;1