OBJECTID;UIDENTSTLAE;ULAND;UREGBEZ;UKREIS;UGEMEINDE;UJAHR;UMONAT;USTUNDE;UWOCHENTAG;UKATEGORIE;UART;UTYP1;ULICHTVERH;IstRad;IstPKW;IstFuss;IstKrad;IstGkfz;IstSonstige;LINREFX;LINREFY;XGCSWGS84;YGCSWGS84;STRZUSTAND
8322;8,20023E+18;8;1;19;79;2020;2;17;3;3;5;3;0;0;1;0;0;0;0;521508,163;5407400,498;9,292999457;48,81921518;1
8323;8,20023E+18;8;1;18;78;2020;2;17;3;3;2;6;0;0;1;0;0;0;0;512874,2189;5419481,808;9,175762816;48,92813483;1
8324;8,20023E+18;8;1;18;48;2020;2;9;3;2;5;3;0;1;1;0;0;0;0;514418,5285;5414973,905;9,196686863;48,88754899;1
8325;8,20023E+18;8;1;15;21;2020;2;22;3;2;8;1;2;0;1;0;0;0;0;486988,2626;5382561,958;8,823527164;48,59600295;1
8326;8,20023E+18;8;4;36;4;2020;2;18;4;2;5;3;2;0;1;0;0;0;1;576660,9962;5309152,21;10,02632897;47,93110149;2
8327;8,20023E+18;8;1;17;18;2020;2;19;3;2;6;4;2;0;1;1;0;0;0;537884,761;5395807,451;9,515018146;48,71414568;1
8328;8,20023E+18;8;1;16;19;2020;2;23;3;2;3;6;2;0;1;0;0;0;0;524064,8653;5396940,829;9,32721609;48,72502802;1
8329;8,20023E+18;8;1;15;41;2020;2;9;3;3;5;3;0;0;1;0;0;0;0;494889,547;5403151,115;8,930434219;48,78133938;1
8330;8,20023E+18;8;4;36;1;2020;2;17;4;2;4;1;0;0;1;0;0;0;0;555011,5059;5275423,937;9,732243779;47,62987968;2
8331;8,20022E+18;8;4;36;11;2020;2;22;2;3;5;3;2;0;1;0;0;0;0;549062,5039;5297902,795;9,655597269;47,83260055;0
8332;8,20022E+18;8;4;36;82;2020;2;9;2;3;2;2;0;0;1;0;0;1;0;546938,344;5295715,378;9,62697797;47,8130791;0
8333;8,20022E+18;8;4;36;18;2020;2;13;2;3;5;3;0;0;1;0;0;0;0;550391,6406;5283009,804;9,671629441;47,69850647;0
8334;8,20022E+18;8;4;36;55;2020;2;14;2;2;5;3;0;1;1;0;0;0;0;576266,7539;5297177,288;10,01893722;47,82342271;0
8335;8,20022E+18;8;4;35;15;2020;2;13;2;2;5;3;0;0;1;0;1;0;0;520744,844;5295533,269;9,277097012;47,81281833;0
8336;8,20022E+18;8;4;35;66;2020;2;16;2;3;6;6;0;1;0;1;0;0;0;518687,6593;5287035,141;9,249253003;47,73641983;0
8337;8,20022E+18;8;4;35;52;2020;2;6;2;3;8;6;1;0;1;0;0;0;0;522850,2135;5291444,812;9,305003524;47,77596159;0
8338;8,20023E+18;8;4;36;94;2020;2;14;4;3;8;1;0;0;1;0;0;0;0;572269,3178;5284257,303;9,963389988;47,70765248;2
8339;8,20023E+18;8;1;28;139;2020;2;16;5;3;8;1;0;0;1;0;0;0;0;544553,3919;5489788,306;9,616057422;49,55905239;2
8340;8,20022E+18;8;4;35;16;2020;2;18;2;3;5;3;0;0;1;0;1;0;0;535705,629;5277957,324;9,475486679;47,65402605;0
8341;8,20022E+18;8;3;37;60;2020;2;15;2;3;5;3;0;1;1;0;0;0;0;467852,7978;5277658,297;8,571920923;47,65152215;0
8342;8,20023E+18;8;4;36;95;2020;2;16;4;3;4;1;0;0;1;0;0;0;0;538326,2317;5293615,892;9,511761563;47,79476038;2
8343;8,20023E+18;8;4;36;69;2020;2;13;4;3;8;1;0;0;0;0;0;0;1;548512,744;5291376,951;9,647521513;47,77392976;2
8344;8,20022E+18;8;3;36;69;2020;2;6;2;3;0;1;2;1;0;0;0;0;0;409238,772;5271874,155;7,792723836;47,59392297;0
8345;8,20022E+18;8;3;36;69;2020;2;14;2;3;4;6;0;0;1;0;0;0;1;406822,463;5274789,51;7,759970756;47,61980589;0
8346;8,20022E+18;8;3;35;75;2020;2;13;2;3;2;6;0;0;1;0;0;0;0;486001,5909;5288007,323;8,813259786;47,74528587;0
8347;8,20023E+18;8;4;36;64;2020;2;16;4;3;1;1;0;0;1;0;0;1;0;542675,7764;5291342,987;9,569613782;47,77403724;2
8348;8,20022E+18;8;3;35;43;2020;2;12;2;2;9;1;0;0;0;0;1;0;0;511885,876;5280021,176;9,158341133;47,67347203;0
8349;8,20022E+18;8;3;25;12;2020;2;13;2;3;6;4;0;0;1;1;0;0;0;466071,1233;5360141,575;8,541664815;48,39352235;0
8350;8,20022E+18;8;3;25;72;2020;2;8;2;3;3;6;0;0;1;0;0;0;0;469443,6446;5327166,219;8,589602166;48,09702974;1
8351;8,20022E+18;8;3;17;141;2020;2;16;2;3;4;6;0;0;1;0;0;0;0;417875,6288;5376573,602;7,887469999;48,53688958;0
8352;8,20022E+18;8;2;36;11;2020;2;13;2;3;2;6;0;0;1;0;0;0;0;475236,7633;5422061,026;8,661770153;48,95097479;0
8353;8,20022E+18;8;2;31;0;2020;2;1;2;2;1;6;2;0;1;0;0;1;0;481966,3043;5418944,408;8,753822759;48,92317172;1
8354;8,20022E+18;8;2;31;0;2020;2;8;2;3;6;7;0;0;0;1;0;0;1;478366,144;5416021,658;8,704832656;48,89676435;1
8355;8,20023E+18;8;4;36;9;2020;2;16;4;3;5;3;0;0;1;0;0;1;0;559439,6676;5303153,432;9,794971209;47,87896261;1
8356;8,20023E+18;8;1;25;47;2020;2;16;5;2;4;1;0;0;1;0;1;0;0;493604,1353;5448012,105;8,91223082;49,18488048;2
8357;8,20022E+18;8;2;15;96;2020;2;0;2;3;8;1;2;0;1;0;0;0;0;464307,3222;5420868,474;8,512599136;48,93971304;1
8358;8,20022E+18;8;2;31;0;2020;2;1;2;3;8;7;2;0;1;0;0;1;0;481779,3553;5419031,583;8,751266856;48,92395044;1
8359;8,20022E+18;8;2;37;28;2020;2;9;2;2;4;6;0;0;1;0;0;1;0;457398,8504;5380808,422;8,422411828;48,57891432;1
8360;8,20022E+18;8;2;26;103;2020;2;12;2;2;3;6;0;0;1;0;0;1;0;473088,0183;5458353,113;8,630002005;49,27734144;0
8361;8,20022E+18;8;2;25;74;2020;2;20;2;3;0;1;2;0;0;0;1;0;0;502372,1026;5464959,984;9,032652335;49,33735891;1
8362;8,20023E+18;8;4;36;55;2020;2;18;4;3;8;1;1;0;1;0;0;0;0;573094,0255;5294997,239;9,97618783;47,80417899;2
8363;8,20022E+18;8;2;16;12;2020;2;10;2;2;0;1;0;1;0;0;0;0;0;442598,5872;5420001,612;8,216301417;48,93028227;1
8364;8,20022E+18;8;2;16;43;2020;2;9;2;3;5;3;0;0;1;0;0;0;0;444133,4161;5412063,474;8,238339951;48,85901931;1
8365;8,20022E+18;8;2;16;43;2020;2;6;2;3;6;2;2;0;0;1;0;0;1;441607,6696;5411158,995;8,204037449;48,85065095;1
8366;8,20022E+18;8;2;15;105;2020;2;12;2;3;2;6;0;0;1;0;0;0;0;459528,4662;5440265,33;8,445408842;49,11389656;1
8367;8,20022E+18;8;2;15;17;2020;2;7;2;3;9;1;1;0;1;0;0;0;0;456029,7467;5418164,702;8,399862238;48,91485899;1
8368;8,20022E+18;8;2;12;0;2020;2;18;2;2;6;4;2;0;0;1;0;0;1;455732,3233;5428214,669;8,394710064;49,00523903;0
8369;8,20022E+18;8;1;35;19;2020;2;18;2;2;6;3;2;0;1;1;0;0;0;585396,9134;5390309,898;10,15967843;48,6600025;1
8370;8,20022E+18;8;1;27;75;2020;2;12;2;3;8;1;0;0;1;0;0;0;0;571192,7937;5465602,61;9,98001861;49,33898927;1
8371;8,20022E+18;8;1;25;46;2020;2;8;2;2;5;3;0;0;1;0;0;0;0;520649,3533;5433326,796;9,28261379;49,05246714;1
8372;8,20023E+18;8;4;25;62;2020;2;22;4;3;5;3;2;0;1;0;0;0;0;572944,9645;5375976,055;9,988093443;48,53264907;1
8373;8,20023E+18;8;1;19;8;2020;2;15;5;3;4;1;0;0;1;0;0;0;0;535890,916;5422313,803;9,490235142;48,95270285;2
8374;8,20022E+18;8;1;25;17;2020;2;8;2;3;4;1;0;0;1;0;0;0;1;502692,0923;5432506,777;9,036839635;49,04543077;1
8375;8,20022E+18;8;1;21;0;2020;2;6;2;3;5;2;2;0;1;0;0;0;0;510589,9396;5447104,519;9,145299579;49,17665839;1
8376;8,20022E+18;8;1;19;44;2020;2;16;2;3;5;3;0;0;1;0;0;0;0;541271,0447;5425578,034;9,5640501;48,98172966;0
8377;8,20022E+18;8;1;15;21;2020;2;6;2;3;2;6;2;0;1;0;0;0;0;492354,601;5382849,509;8,896303139;48,59867836;1
8378;8,20022E+18;8;1;16;46;2020;2;13;2;3;5;3;0;0;1;0;0;0;0;527756,0544;5378135,42;9,376145106;48,55570137;0
8379;8,20022E+18;8;1;16;56;2020;2;18;2;3;4;3;2;0;1;0;0;0;0;530722,3552;5395132,678;9,417602778;48,70846961;0
8380;8,20023E+18;8;4;16;41;2020;2;7;4;3;2;6;0;0;1;0;0;0;0;505730,4733;5375403,966;9,077621604;48,53171655;0
8381;8,20022E+18;8;1;15;45;2020;2;6;2;3;2;6;1;0;1;0;0;0;0;500140,3242;5394471,731;9,0019072;48,70328044;1
8382;8,20022E+18;8;1;11;0;2020;2;1;2;2;9;7;2;0;1;0;0;0;0;513298,3449;5406543,543;9,181132479;48,81173614;1
8383;8,20023E+18;8;4;15;39;2020;2;18;4;3;4;1;2;0;1;0;0;0;1;529907,9617;5375417,829;9,405111485;48,53115468;2
8384;8,20022E+18;8;1;11;0;2020;2;18;2;3;5;3;2;0;1;0;1;0;0;511496,3751;5401919,048;9,15645913;48,77017054;0
8385;8,20022E+18;8;1;11;0;2020;2;12;2;3;2;6;0;0;1;0;0;0;1;515918,4506;5405584,272;9,216782651;48,80304508;0
8386;8,20022E+18;8;1;11;0;2020;2;5;2;3;2;6;2;0;1;0;0;0;0;516044,405;5404334,739;9,218449113;48,7918012;1
8387;8,20023E+18;8;1;16;56;2020;2;13;4;3;0;1;0;0;0;0;1;0;0;532674,8821;5394568,829;9,444097642;48,70329808;1
8388;8,20022E+18;8;4;36;49;2020;2;13;1;1;4;6;0;0;1;0;0;0;0;580264,4333;5282158,852;10,06956489;47,68783044;0
8389;8,20023E+18;8;3;37;96;2020;2;14;4;3;2;7;0;0;1;0;0;0;0;422964,637;5267877,387;7,97596941;47,55974256;1
8390;8,20022E+18;8;4;35;57;2020;2;12;1;2;5;3;0;1;1;0;0;0;0;544225,4776;5280052,965;9,589150791;47,67235476;0
8391;8,20022E+18;8;4;26;62;2020;2;20;1;2;4;1;2;0;1;0;0;0;0;555180,8796;5322112,975;9,740451332;48,04991222;0
8392;8,20022E+18;8;3;37;60;2020;2;13;1;2;9;1;0;0;1;0;0;0;0;469756,6122;5279102,298;8,597171936;47,66460635;0
8393;8,20023E+18;8;3;37;90;2020;2;9;4;2;4;1;0;0;1;0;0;0;1;422125,7855;5274083,385;7,963718886;47,61547389;2
8394;8,20022E+18;8;3;36;81;2020;2;18;1;3;3;6;0;0;1;0;0;0;1;412902,1039;5280128,42;7,839799276;47,66868016;0
8395;8,20022E+18;8;3;35;43;2020;2;15;1;3;2;6;0;0;1;0;0;0;0;512111,4548;5278756,881;9,161311179;47,66209213;0
8396;8,20022E+18;8;3;26;74;2020;2;1;1;3;5;3;2;0;1;0;0;0;0;460008,0707;5322582,284;8,463308544;48,05526715;0
8397;8,20022E+18;8;3;17;40;2020;2;19;1;3;5;3;2;0;1;0;0;0;0;431442,465;5348653,65;8,075793955;48,28736879;0
8398;8,20022E+18;8;2;26;95;2020;2;17;1;3;1;6;0;0;1;0;0;0;0;471755,8905;5459229,034;8,611625878;49,28516022;1
8399;8,20022E+18;8;2;25;109;2020;2;14;1;3;8;1;0;0;1;0;0;0;0;530872,3408;5485955,452;9,426590615;49,52543012;1
8400;8,20022E+18;8;2;25;52;2020;2;17;1;3;8;1;1;0;1;0;0;0;0;517921,8387;5477989,429;9,247283203;49,45429898;1
8401;8,20023E+18;8;3;35;98;2020;2;13;4;2;9;1;0;0;1;0;0;0;0;504956,2701;5296864,97;9,066218454;47,82511561;2
8402;8,20022E+18;8;2;16;43;2020;2;15;1;3;5;3;0;1;1;0;0;0;0;442516,8311;5412563,209;8,216232092;48,86336674;0
8403;8,20022E+18;8;2;15;84;2020;2;16;1;3;2;6;0;0;1;0;0;0;0;470451,1543;5450046,978;8,594362504;49,20250587;0
8404;8,20022E+18;8;1;36;60;2020;2;20;1;2;7;7;2;0;1;0;0;0;0;573677,2308;5430815,689;10,00783881;49,02582316;1
8405;8,20023E+18;8;3;35;79;2020;2;11;4;1;2;6;0;0;1;0;0;1;0;498367,1453;5298016,241;8,978179828;47,83549113;1
8406;8,20022E+18;8;1;27;73;2020;2;23;1;2;9;1;2;0;1;0;0;0;0;576872,6918;5448438,101;10,05489697;49,18392791;1
8407;8,20022E+18;8;1;25;5;2020;2;1;1;2;8;1;2;0;1;0;0;0;0;515673,361;5454316,593;9,215327932;49,24142381;1
8408;8,20022E+18;8;1;15;45;2020;2;14;1;3;5;3;0;1;1;0;0;0;0;500251,1407;5394370,615;9,003413289;48,70237076;0
8409;8,20022E+18;8;4;36;9;2020;2;10;7;2;5;3;0;0;1;0;0;0;0;559438,6872;5303152,323;9,794957946;47,87895273;0
8410;8,20022E+18;8;4;36;14;2020;2;20;7;3;9;1;2;0;1;0;0;0;0;557717,0392;5299732,026;9,771477359;47,84833884;0
8411;8,20022E+18;8;4;36;82;2020;2;13;7;3;1;6;0;0;1;0;0;0;0;550365,5689;5295060,13;9,672677773;47,80692477;0
8412;8,20022E+18;8;4;35;59;2020;2;23;7;2;8;1;2;0;1;0;0;0;0;509424,1726;5294923,012;9,125869703;47,80759297;0
8413;8,20022E+18;8;4;35;16;2020;2;11;7;2;3;6;0;1;1;0;0;0;0;530675,2739;5279713,948;9,408623391;47,67008932;0
8414;8,20022E+18;8;4;16;36;2020;2;13;7;2;2;6;0;0;1;0;0;0;0;497806,7069;5371978,404;8,970308949;48,50092125;0
8415;8,20022E+18;8;4;15;78;2020;2;15;7;2;8;1;0;0;0;0;1;0;0;533035,417;5366446,662;9,446762893;48,45029193;0
8416;8,20023E+18;8;3;27;16;2020;2;15;4;3;4;1;0;0;1;0;0;0;0;493760,9943;5317506,706;8,91634467;48,01082447;2
8417;8,20022E+18;8;3;35;1;2020;2;10;7;3;6;4;0;0;1;1;0;0;0;488923,3406;5298719,414;8,851962585;47,84172453;0
8418;8,20022E+18;8;3;35;66;2020;2;19;7;2;8;1;2;0;1;0;0;0;0;504212,5494;5285728,329;9,056173923;47,72491856;0
8419;8,20022E+18;8;3;35;35;2020;2;17;7;2;4;6;1;0;1;0;0;0;0;479097,4694;5293300,708;8,720904348;47,792726;0
8420;8,20023E+18;8;3;26;60;2020;2;11;4;2;4;1;0;0;1;0;0;1;0;442473,214;5331255,596;8,226840766;48,13195413;2
8421;8,20022E+18;8;3;27;49;2020;2;18;7;3;5;2;2;0;1;0;0;0;0;471932,1118;5324880,356;8,62317387;48,07657866;0
8422;8,20022E+18;8;3;27;50;2020;2;16;7;3;2;1;0;1;1;0;0;0;0;487280,6177;5316378,421;8,829486692;48,000577;0
8423;8,20022E+18;8;3;27;25;2020;2;8;7;3;9;1;0;0;1;0;0;0;0;481286,0778;5309240,769;8,749436658;47,93621108;0
8424;8,20022E+18;8;3;25;60;2020;2;7;7;3;3;6;0;0;1;0;0;0;0;470245,5428;5338402,088;8,599586521;48,19815384;0
8425;8,20022E+18;8;3;17;114;2020;2;18;7;3;5;3;2;0;1;0;0;0;0;406936,4946;5345932,34;7,746105961;48,25976279;0
8426;8,20022E+18;8;3;15;7;2020;2;12;7;2;9;1;0;0;1;0;0;0;0;404795,8643;5295149,96;7,728559354;47,80266225;0
8427;8,20022E+18;8;3;15;133;2020;2;14;7;2;8;1;0;0;0;0;1;0;0;396152,6819;5328048,481;7,605223237;48,09723537;0
8428;8,20023E+18;8;3;26;74;2020;2;15;4;3;5;3;0;1;1;0;0;0;0;464667,9413;5323728,949;8,525746868;48,06585852;2
8429;8,20023E+18;8;1;19;3;2020;2;16;5;3;4;1;0;0;1;0;0;0;0;535791,034;5416331,123;9,488345848;48,89889201;2
8430;8,20022E+18;8;2;35;55;2020;2;18;7;2;8;1;2;0;1;0;0;0;0;475676,3073;5397496,368;8,669231854;48,73001555;0
8431;8,20022E+18;8;2;26;85;2020;2;14;7;3;1;6;0;0;1;0;0;0;0;489498,5742;5455177,019;8,855703676;49,2492741;0
8432;8,20022E+18;8;2;22;0;2020;2;18;7;3;3;6;1;0;1;0;0;0;0;461272,3278;5483955,476;8,465065996;49,50699042;0
8433;8,20022E+18;8;2;16;7;2020;2;16;7;3;5;3;0;1;1;0;0;0;0;435665,2771;5396902,329;8,125276199;48,72182604;0
8434;8,20023E+18;8;3;26;74;2020;2;14;4;3;2;1;0;0;1;0;0;0;0;469661,5059;5321882,532;8,592903284;48,04950365;2
8435;8,20023E+18;8;1;18;50;2020;2;17;5;3;4;3;2;0;1;0;0;0;0;505885,6088;5416673,423;9,080311799;48,90297726;1
8436;8,20022E+18;8;2;15;100;2020;2;18;7;3;2;6;2;0;1;0;0;0;0;470969,5173;5451247,129;8,601391475;49,21332608;0
8437;8,20022E+18;8;2;11;0;2020;2;10;7;3;0;1;0;0;0;0;1;0;0;440930,016;5406769,371;8,19543359;48,81110217;0
8438;8,20022E+18;8;1;36;65;2020;2;15;7;3;0;1;0;1;0;0;0;0;0;564638,8914;5400600,984;9,879439111;48,75506385;0
8439;8,20022E+18;8;1;35;25;2020;2;12;7;3;1;6;0;0;1;0;0;0;0;581104,3495;5401269,515;10,10355127;48,75914978;0
8440;8,20022E+18;8;4;25;72;2020;2;11;7;2;2;6;0;0;1;0;0;0;0;580223,7049;5371723,908;10,08585408;48,49351367;0
8441;8,20022E+18;8;1;28;131;2020;2;17;7;3;2;6;0;0;1;0;0;0;1;537492,6106;5512114,97;9,520567737;49,76034173;0
8442;8,20022E+18;8;1;27;43;2020;2;16;7;2;5;3;0;1;1;0;0;0;0;567667,2258;5446859,974;9,928326665;49,17081869;0
8443;8,20022E+18;8;1;25;69;2020;2;9;7;3;5;3;0;1;1;0;0;0;0;523686,3919;5453753,738;9,325379872;49,23610323;0
8444;8,20022E+18;8;1;25;7;2020;2;16;7;3;2;6;0;0;1;0;0;0;0;509735,2198;5452775,462;9,133709865;49,22768424;0
8445;8,20022E+18;8;1;19;91;2020;2;22;7;3;5;2;2;0;1;0;1;0;0;528568,4071;5405412,459;9,389038698;48,80104679;0
8446;8,20023E+18;8;3;25;49;2020;2;12;4;3;4;6;0;0;1;0;0;0;0;474985,7656;5331039,817;8,663808823;48,13212164;2
8447;8,20023E+18;8;1;18;70;2020;2;15;5;3;8;1;0;0;1;0;0;1;0;523342,8876;5425775,405;9,319043365;48,98444283;1
8448;8,20022E+18;8;1;18;79;2020;2;14;7;3;2;6;0;0;1;0;0;0;0;510244,7602;5421183,021;9,139907519;48,94348753;0
8449;8,20022E+18;8;1;18;50;2020;2;14;7;2;0;2;0;0;1;0;1;0;0;504093,38;5420710,309;9,055896549;48,93930646;0
8450;8,20022E+18;8;1;17;30;2020;2;13;7;2;8;1;0;0;0;0;1;0;0;547281,0966;5391298,383;9,642231412;48,67294249;0
8451;8,20022E+18;8;1;17;28;2020;2;12;7;3;2;6;0;0;1;0;0;0;0;547237,8144;5383389,049;9,640741822;48,60179639;0
8452;8,20022E+18;8;1;16;70;2020;2;15;7;3;8;1;0;0;0;0;1;0;0;539511,327;5386643,818;9,536253694;48,63161112;0
8453;8,20022E+18;8;1;16;78;2020;2;12;7;3;1;6;0;0;1;0;1;0;0;510698,6042;5393275,765;9,145377626;48,69242972;0
8454;8,20022E+18;8;1;16;19;2020;2;5;7;3;8;7;2;0;1;0;0;0;0;526461,364;5396937,229;9,359801021;48,7248985;0
8455;8,20022E+18;8;1;11;0;2020;2;10;7;2;5;2;0;0;1;0;0;0;0;510386,282;5409673,907;9,141547638;48,83995196;0
8456;8,20022E+18;8;1;11;0;2020;2;8;7;3;2;6;0;0;1;0;0;0;0;509864,6464;5401261,785;9,134236538;48,76428584;0
8457;8,20022E+18;8;4;36;94;2020;2;8;6;2;8;1;0;0;1;0;0;0;0;573607,2704;5281048,334;9,980681506;47,67863236;1
8458;8,20023E+18;8;3;25;57;2020;2;9;4;3;4;2;0;0;1;0;0;0;0;474552,249;5354872,984;8,656550221;48,34652311;1
8459;8,20022E+18;8;4;36;13;2020;2;15;6;3;5;3;0;0;1;0;0;0;0;545545,7381;5298680,235;9,608689168;47,83985386;0
8460;8,20022E+18;8;4;26;108;2020;2;6;6;3;8;1;1;0;1;0;0;0;0;569730,1639;5333615,825;9,937538271;48,15196592;1
8461;8,20023E+18;8;3;17;39;2020;2;11;4;3;2;2;0;0;1;0;0;0;0;441527,8884;5343801,111;8,212409389;48,24472794;1
8462;8,20022E+18;8;4;21;0;2020;2;12;6;2;8;1;0;0;1;0;0;0;0;575389,8645;5366204,22;10,01944255;48,44446253;0
8463;8,20022E+18;8;4;26;70;2020;2;14;6;2;6;4;0;0;1;1;0;0;0;565366,259;5342609,26;9,880256639;48,23333285;0
8464;8,20022E+18;8;3;36;50;2020;2;7;6;3;8;1;2;0;0;0;1;0;0;403670,4713;5277102,418;7,717524968;47,64015064;0
8465;8,20023E+18;8;3;17;96;2020;2;14;4;3;3;1;0;0;1;0;0;0;1;419336,826;5373231,695;7,907907363;48,50701959;1
8466;8,20022E+18;8;3;36;19;2020;2;13;6;3;5;3;0;0;1;0;0;1;1;394915,8885;5275783,614;7,601322554;47,62692598;0
8467;8,20022E+18;8;3;25;15;2020;2;11;6;2;4;6;0;0;1;0;0;0;0;470705,4178;5344712,786;8,605338765;48,25495016;0
8468;8,20022E+18;8;3;17;65;2020;2;20;6;3;1;6;2;0;1;0;0;0;0;415988,5891;5354120,336;7,866414043;48,33467861;0
8469;8,20022E+18;8;3;17;73;2020;2;15;6;3;2;6;0;0;1;0;0;0;0;409787,5418;5348541,567;7,783953702;48,28364451;0
8470;8,20022E+18;8;3;17;150;2020;2;16;6;3;2;6;0;0;1;0;0;0;1;410575,3014;5356462,535;7,792890161;48,35500293;0
8471;8,20022E+18;8;2;31;0;2020;2;12;6;3;2;6;0;0;1;0;0;0;1;478523,8549;5417838,126;8,706888849;48,91311015;0
8472;8,20022E+18;8;2;31;0;2020;2;17;6;2;0;1;0;0;0;0;1;0;0;474868,9538;5416779,347;8,657072005;48,90344824;0
8473;8,20023E+18;8;3;15;39;2020;2;13;4;2;8;1;0;0;1;0;0;0;0;444937,7778;5306605,782;8,263128834;47,91041245;1
8474;8,20022E+18;8;2;31;0;2020;2;15;6;3;5;2;0;0;1;0;0;0;1;475985,8574;5415495,108;8,672388054;48,89194001;0
8475;8,20022E+18;8;2;26;103;2020;2;0;6;2;8;1;2;0;1;0;0;0;0;472222,789;5458143,064;8,618121305;49,27541335;1
8476;8,20022E+18;8;2;26;95;2020;2;19;6;3;2;6;2;0;1;0;0;0;0;472759,0939;5460479,561;8,625335;49,29645421;0
8477;8,20022E+18;8;1;25;79;2020;2;15;6;3;2;6;0;0;1;0;0;0;0;511920,0422;5454365,236;9,163764794;49,24194597;0
8478;8,20022E+18;8;2;16;43;2020;2;13;6;2;5;2;0;0;1;0;0;0;0;442194,8822;5411047,235;8,212056892;48,84970065;0
8479;8,20023E+18;8;3;15;6;2020;2;19;4;3;1;2;2;0;1;0;0;0;0;402123,8948;5309142,266;7,689716279;47,928123;1
8480;8,20022E+18;8;2;15;89;2020;2;21;6;2;5;2;2;0;1;0;0;0;0;469948,2821;5430033,108;8,588949517;49,02245249;0
8481;8,20022E+18;8;2;16;49;2020;2;16;6;3;8;1;0;0;0;0;1;0;0;434392,5571;5402180,473;8,107133187;48,76916988;0
8482;8,20022E+18;8;1;36;21;2020;2;13;6;3;2;6;0;0;0;0;0;1;1;574392,3428;5407922,711;10,01344406;48,81983048;0
8483;8,20023E+18;8;3;15;13;2020;2;17;4;3;4;2;0;1;1;0;0;0;0;404535,3522;5325038,234;7,718453538;48,07147002;1
8484;8,20022E+18;8;1;36;65;2020;2;6;6;3;6;2;2;0;1;1;0;0;0;561688,05;5406154,039;9,840129545;48,8053129;1
8485;8,20022E+18;8;1;36;10;2020;2;12;6;3;2;2;0;0;1;0;0;0;0;596818,421;5412795,11;10,32003;48,86056013;0
8486;8,20022E+18;8;1;35;31;2020;2;15;6;3;5;3;0;0;1;0;0;0;0;595283,9072;5379249,87;10,29136931;48,55909955;0
8487;8,20022E+18;8;1;27;76;2020;2;20;6;3;5;3;2;0;1;0;0;0;0;556759,1945;5439870,687;9,777710932;49,10905905;0
8488;8,20022E+18;8;1;26;47;2020;2;13;6;3;2;6;0;0;1;0;0;0;0;550267,2161;5449546,462;9,689973115;49,19665494;0
8489;8,20022E+18;8;1;25;13;2020;2;23;6;3;8;1;2;0;1;0;0;0;0;504927,5943;5436641,402;9,067481435;49,08261;0
8490;8,20022E+18;8;1;19;42;2020;2;15;6;3;5;3;0;0;1;0;0;0;0;530321,115;5416675,031;9,413740042;48,90227753;0
8491;8,20023E+18;8;2;35;66;2020;2;11;4;3;9;1;0;0;1;0;0;0;0;467726,1726;5383627,448;8,562206121;48,60489144;2
8492;8,20023E+18;8;1;18;67;2020;2;18;5;2;2;6;2;1;1;0;0;0;0;507133,7862;5414325,525;9,097302726;48,88184299;1
8493;8,20022E+18;8;1;18;7;2020;2;13;6;3;2;6;0;0;1;0;0;0;0;510456,0679;5427611,042;9,142958467;49,0013081;0
8494;8,20022E+18;8;1;15;15;2020;2;10;6;3;2;6;0;0;1;0;0;0;0;494297,3866;5387103,866;8,922595208;48,63697215;0
8495;8,20023E+18;8;2;35;79;2020;2;7;4;2;8;1;0;0;1;0;0;0;0;466334,3143;5395252,764;8,542380603;48,70939793;2
8496;8,20022E+18;8;1;18;63;2020;2;17;6;3;2;6;0;0;1;0;0;0;0;515543,0192;5422470,019;9,212311852;48,95495444;0
8497;8,20022E+18;8;1;15;28;2020;2;16;6;3;2;6;0;0;1;0;0;0;0;498294,3239;5404042,83;8,976777862;48,78937987;0
8498;8,20023E+18;8;2;36;4;2020;2;7;4;3;5;3;0;0;1;0;0;0;0;473974,0966;5413224,425;8,645087778;48,87143255;1
8499;8,20022E+18;8;1;17;18;2020;2;12;6;2;9;7;0;0;1;0;0;0;0;537504,8995;5397584,465;9,510015997;48,73015413;0
8500;8,20022E+18;8;1;17;26;2020;2;17;6;3;5;3;0;0;1;0;0;0;0;547452,841;5394885,662;9,644976109;48,70519895;0
8501;8,20022E+18;8;4;25;71;2020;2;17;6;3;4;6;2;0;1;0;1;0;0;552758,3431;5371400,847;9,714098509;48,49351406;0
8502;8,20022E+18;8;1;17;24;2020;2;12;6;2;9;1;0;0;0;0;1;0;0;563374,0395;5385350,951;9,859893541;48,61801844;0
8503;8,20022E+18;8;1;16;56;2020;2;9;6;3;0;7;0;0;0;0;0;0;1;530754,0118;5395260,28;9,418042576;48,70961593;0
8504;8,20022E+18;8;1;15;3;2020;2;7;6;3;2;6;0;0;1;0;0;0;0;502491,5208;5393506,453;9,033857392;48,69459175;0
8505;8,20022E+18;8;1;11;0;2020;2;14;6;3;2;6;0;0;1;0;0;0;0;512453,7765;5400974,634;9,169460174;48,76165622;0
8506;8,20023E+18;8;2;31;0;2020;2;18;4;3;2;6;2;0;1;0;0;0;0;484656,5182;5412949,935;8,790771647;48,86931966;0
8507;8,20023E+18;8;1;17;24;2020;2;10;5;3;2;7;0;0;1;0;0;0;0;559866,5466;5386614,675;9,812489552;48,62973151;0