OBJECTID;UIDENTSTLAE;ULAND;UREGBEZ;UKREIS;UGEMEINDE;UJAHR;UMONAT;USTUNDE;UWOCHENTAG;UKATEGORIE;UART;UTYP1;ULICHTVERH;IstRad;IstPKW;IstFuss;IstKrad;IstGkfz;IstSonstige;LINREFX;LINREFY;XGCSWGS84;YGCSWGS84;STRZUSTAND
8508;8,20022E+18;8;1;11;0;2020;2;13;6;3;2;6;0;0;1;0;0;0;0;518311,847;5400386,831;9,249144896;48,75622363;0
8509;8,20022E+18;8;4;36;4;2020;2;10;5;2;2;6;0;0;1;0;0;0;1;581900,9906;5309586,283;10,09655113;47,93435797;0
8510;8,20022E+18;8;4;36;11;2020;2;15;5;3;2;6;0;0;1;0;0;0;0;548738,4115;5297180,099;9,651185534;47,8261232;0
8511;8,20022E+18;8;4;21;0;2020;2;18;5;3;5;4;2;0;0;1;1;0;0;572654,178;5360487,716;9,981465181;48,39336313;0
8512;8,20022E+18;8;4;16;41;2020;2;14;5;3;0;7;0;0;1;0;0;0;0;504926,6802;5381099,824;9,066801336;48,58296505;0
8513;8,20022E+18;8;3;37;60;2020;2;9;5;2;8;1;0;0;0;0;1;0;0;466751,7478;5276716,5;8,557331152;47,64299272;0
8514;8,20022E+18;8;3;35;100;2020;2;19;5;3;8;1;2;0;1;0;0;0;0;487047,2873;5287152,708;8,827234858;47,73761828;0
8515;8,20022E+18;8;3;35;63;2020;2;16;5;3;5;2;0;0;1;0;0;0;0;495977,812;5289429,815;8,946330306;47,75822423;0
8516;8,20022E+18;8;3;16;37;2020;2;10;5;2;5;3;0;0;1;0;0;0;0;407457,5869;5333619,545;7,755810703;48,14908878;0
8517;8,20022E+18;8;2;37;2;2020;2;15;5;3;4;6;0;0;1;0;0;0;0;456601,326;5358157,308;8,413951292;48,37509097;0
8518;8,20022E+18;8;2;35;20;2020;2;6;5;3;6;7;2;0;0;1;1;0;0;476140,9676;5381425,915;8,676476908;48,58546356;0
8519;8,20022E+18;8;2;36;76;2020;2;22;5;3;5;3;2;1;1;0;0;0;0;472235,734;5423020,483;8,620715914;48,9594781;0
8520;8,20022E+18;8;2;37;28;2020;2;15;5;3;2;6;0;0;1;0;0;0;0;457565,7994;5366564,92;8,426124171;48,45079218;0
8521;8,20022E+18;8;2;26;54;2020;2;18;5;3;4;2;2;0;1;0;0;0;0;481180,9315;5454907,336;8,741427552;49,24664899;0
8522;8,20022E+18;8;2;26;84;2020;2;17;5;3;5;3;1;0;1;0;0;0;0;467555,8556;5468167,4;8,553147514;49,3653508;0
8523;8,20023E+18;8;2;31;0;2020;2;12;4;3;2;7;0;0;1;0;0;0;1;484747,7232;5412609,209;8,79202804;48,86625683;0
8524;8,20023E+18;8;1;17;49;2020;2;17;5;3;2;6;0;0;1;0;0;0;0;554624,3467;5390661,348;9,741884414;48,66661289;1
8525;8,20022E+18;8;2;26;95;2020;2;7;5;3;2;7;2;0;1;0;0;0;0;472879,1423;5461088,14;8,626944764;49,3019337;0
8526;8,20022E+18;8;2;22;0;2020;2;22;5;3;9;1;2;0;1;0;0;0;0;464261,1109;5479106,749;8,506785795;49,46356195;1
8527;8,20022E+18;8;2;16;24;2020;2;16;5;3;2;6;0;0;1;0;0;0;0;446842,6376;5408786,263;8,275698356;48,82977841;0
8528;8,20022E+18;8;2;15;99;2020;2;16;5;3;2;6;0;0;1;0;0;1;0;463975,3006;5446399,535;8,505793994;49,16935074;0
8529;8,20022E+18;8;2;15;9;2020;2;13;5;3;2;6;0;0;1;0;0;0;0;468814,266;5442353,943;8,572488652;49,13322512;0
8530;8,20022E+18;8;2;12;0;2020;2;17;5;3;5;3;0;1;1;0;0;0;0;450209,9345;5431846,77;8,318759694;49,03748878;0
8531;8,20023E+18;8;2;26;65;2020;2;15;4;3;0;2;0;1;0;0;0;0;0;478045,8503;5457890,48;8,698188789;49,27337819;0
8532;8,20022E+18;8;1;36;88;2020;2;15;5;3;5;3;0;0;1;0;0;0;0;577235,4362;5411783,645;10,05289632;48,85421011;0
8533;8,20022E+18;8;1;36;88;2020;2;22;5;3;1;5;2;0;1;0;0;0;0;578199,275;5410273,426;10,06574497;48,84050602;0
8534;8,20023E+18;8;2;25;118;2020;2;7;4;3;8;1;0;0;1;0;0;0;0;505449,947;5478583,617;9,075206173;49,45988355;2
8535;8,20022E+18;8;1;36;21;2020;2;19;5;3;4;6;2;0;1;0;0;0;0;574520,3324;5407865,275;10,01517694;48,81929853;0
8536;8,20022E+18;8;1;36;88;2020;2;19;5;3;0;1;2;0;0;0;1;0;0;579859,987;5410672,748;10,08845172;48,8438862;0
8537;8,20022E+18;8;1;27;76;2020;2;7;5;3;6;7;0;1;0;1;0;0;0;553993,4769;5440140,48;9,739854725;49,11173482;0
8538;8,20023E+18;8;2;11;0;2020;2;17;4;3;2;6;0;0;1;0;0;0;0;436878,9156;5397202,271;8,141729513;48,72464811;0
8539;8,20022E+18;8;1;26;66;2020;2;5;5;3;5;3;2;0;1;0;0;0;0;536167,2513;5449996,324;9,496485125;49,20169543;0
8540;8,20022E+18;8;1;25;94;2020;2;6;5;3;2;6;2;0;1;0;1;0;0;513563,3472;5438952,51;9,185821753;49,10326968;0
8541;8,20022E+18;8;1;25;102;2020;2;18;5;3;5;3;2;0;1;0;0;0;0;522367,39;5442730,601;9,306647667;49,13699758;0
8542;8,20022E+18;8;1;19;79;2020;2;16;5;3;2;2;0;0;1;0;0;0;0;523501,9845;5407986,963;9,320193888;48,82441864;0
8543;8,20023E+18;8;2;16;43;2020;2;19;4;3;5;2;1;0;1;0;0;0;0;441601,6253;5413126,133;8,203674409;48,86834472;0
8544;8,20022E+18;8;1;19;20;2020;2;14;5;3;0;3;0;1;1;0;0;0;0;519682,0541;5406689,723;9,268089107;48,81288173;0
8545;8,20022E+18;8;1;18;50;2020;2;16;5;3;6;4;0;0;1;1;0;0;0;505877,044;5416682,903;9,080195065;48,90306262;0
8546;8,20022E+18;8;1;18;49;2020;2;15;5;3;0;7;0;0;0;0;0;0;1;520477,9261;5421565,439;9,279674618;48,94667345;0
8547;8,20022E+18;8;1;15;28;2020;2;16;5;3;2;6;0;0;1;0;0;0;0;501201,8368;5403683,747;9,016361506;48,78615075;0
8548;8,20022E+18;8;1;15;44;2020;2;9;5;3;5;3;0;0;1;0;0;0;0;503972,848;5390104,14;9,053954511;48,66397648;0
8549;8,20022E+18;8;4;37;86;2020;2;19;4;3;8;1;2;0;1;0;0;0;0;524715,6357;5310516,424;9,330993169;47,94748489;1
8550;8,20022E+18;8;4;36;10;2020;2;12;4;2;9;1;0;0;1;0;0;0;0;570251,9504;5311439,856;9,940911297;47,95241601;2
8551;8,20022E+18;8;4;36;5;2020;2;8;4;3;2;6;0;0;1;0;0;0;0;539804,4961;5308981,662;9,53291476;47,93291672;1
8552;8,20023E+18;8;2;12;0;2020;2;15;4;3;5;3;0;0;1;0;0;0;0;456864,7049;5428293,253;8,410184359;49,00602608;0
8553;8,20022E+18;8;4;35;16;2020;2;6;4;2;5;3;1;0;1;0;1;0;0;535716,5616;5277958,217;9,475632334;47,65403348;0
8554;8,20022E+18;8;4;35;52;2020;2;9;4;3;4;1;0;0;1;0;0;0;0;518264,5244;5291083,744;9,243779431;47,77285922;1
8555;8,20022E+18;8;4;17;2;2020;2;14;4;3;1;6;0;0;1;0;0;0;0;489805,5583;5351711,738;8,862488452;48,31851294;0
8556;8,20023E+18;8;1;36;65;2020;2;11;4;3;2;3;0;1;1;0;0;0;0;558690,762;5405009,448;9,79915015;48,79530751;1
8557;8,20022E+18;8;4;15;62;2020;2;16;4;3;2;6;0;0;1;0;0;0;0;519288,2245;5377815,94;9,261377296;48,55314497;0
8558;8,20022E+18;8;3;35;43;2020;2;14;4;3;1;6;0;0;1;0;0;0;0;512180,9521;5279271,048;9,162251138;47,66671714;1
8559;8,20022E+18;8;3;27;10;2020;2;16;4;3;2;6;0;0;1;0;0;0;0;480310,4349;5329295,858;8,735452033;48,11661848;0
8560;8,20022E+18;8;3;27;46;2020;2;19;4;3;6;2;2;0;1;1;0;0;0;480606,528;5324416,518;8,739651988;48,07272841;1
8561;8,20022E+18;8;3;26;74;2020;2;16;4;3;2;2;0;0;1;0;0;0;0;462918,352;5319833,501;8,502601058;48,03071274;0
8562;8,20022E+18;8;3;26;65;2020;2;18;4;3;4;1;2;0;1;0;0;0;0;449768,3736;5322600,119;8,325898626;48,05470359;2
8563;8,20022E+18;8;3;26;60;2020;2;6;4;3;4;1;1;0;1;0;0;0;0;440482,6693;5331769,568;8,200018708;48,1363948;2
8564;8,20023E+18;8;1;36;42;2020;2;12;4;3;3;1;0;0;1;0;0;0;0;552770,7814;5404556,557;9,718490823;48,79176431;2
8565;8,20022E+18;8;3;17;96;2020;2;7;4;3;2;6;0;0;1;0;0;0;0;423564,1928;5374268,541;7,964941414;48,51687465;1
8566;8,20022E+18;8;3;17;96;2020;2;17;4;3;5;3;0;1;1;0;0;0;0;422535,931;5368707,247;7,952050996;48,4667253;0
8567;8,20022E+18;8;3;17;9;2020;2;13;4;3;9;7;0;0;1;0;0;0;0;424634,1492;5363486,881;7,981370837;48,42002271;0
8568;8,20023E+18;8;1;27;43;2020;2;20;4;2;8;1;2;0;1;0;0;0;0;565827,0978;5445339,309;9,902836581;49,15734163;1
8569;8,20022E+18;8;3;17;89;2020;2;7;4;3;5;3;0;0;1;0;0;0;0;430779,7673;5377582,54;8,062086625;48,54752157;1
8570;8,20022E+18;8;2;36;71;2020;2;2;4;3;9;1;2;0;1;0;0;0;0;468338,1951;5420689,172;8,567654851;48,93831959;1
8571;8,20022E+18;8;2;36;46;2020;2;22;4;2;5;3;2;0;1;0;0;0;0;483647,292;5418525,526;8,776786454;48,91945029;0
8572;8,20023E+18;8;1;21;0;2020;2;17;4;3;2;1;1;0;1;0;0;0;0;511509,8869;5448396,264;9,157958673;49,18826145;1
8573;8,20022E+18;8;2;35;8;2020;2;8;4;2;9;1;0;0;1;0;0;0;0;484214,0256;5399554,349;8,785252932;48,74880384;1
8574;8,20022E+18;8;2;36;71;2020;2;8;4;3;2;6;0;0;1;0;0;0;0;469076,5727;5419796,163;8,577804928;48,9303239;1
8575;8,20022E+18;8;2;37;40;2020;2;8;4;2;4;2;0;0;1;0;0;0;0;479797,1536;5364679,276;8,726864207;48,43493468;1
8576;8,20022E+18;8;2;26;63;2020;2;18;4;3;2;6;2;0;1;0;0;0;0;471078,8278;5471592,369;8,601418938;49,39633509;0
8577;8,20022E+18;8;2;26;81;2020;2;5;4;3;8;7;2;0;1;0;0;0;0;498748,3354;5473890,928;8,98274255;49,4176963;1
8578;8,20022E+18;8;2;15;59;2020;2;6;4;3;5;3;1;0;1;0;0;0;1;484751,0539;5437016,786;8,791158268;49,08581757;1
8579;8,20022E+18;8;2;15;17;2020;2;21;4;3;5;3;2;0;1;0;0;0;0;458457,2789;5420441,579;8,432761274;48,9355078;0
8580;8,20023E+18;8;1;25;34;2020;2;17;4;3;4;2;1;0;1;0;0;0;0;499596,416;5444254,576;8,994465462;49,1511134;1
8581;8,20023E+18;8;4;25;31;2020;2;21;5;2;8;7;2;0;0;0;0;0;1;568734,1202;5371534,095;9,930330688;48,49316818;2
8582;8,20022E+18;8;1;27;73;2020;2;19;4;3;5;3;0;0;1;0;0;0;0;578090,5507;5448264,446;10,07157245;49,18221225;1
8583;8,20022E+18;8;1;26;69;2020;2;16;4;3;4;1;0;0;1;0;0;0;0;538611,8279;5446258,4;9,529682532;49,16792389;0
8584;8,20022E+18;8;1;26;66;2020;2;7;4;2;9;1;0;0;1;0;0;0;0;540186,087;5451868,247;9,551838428;49,21828282;1
8585;8,20022E+18;8;1;25;30;2020;2;11;4;3;4;1;0;0;1;0;0;0;0;515342,1093;5438898,651;9,210189096;49,1027434;1
8586;8,20023E+18;8;1;16;68;2020;2;2;5;3;9;1;2;0;1;0;0;0;0;525542,2523;5390054,977;9,346878316;48,66302457;0
8587;8,20022E+18;8;1;25;26;2020;2;8;4;2;7;1;0;0;1;0;0;0;0;490747,8922;5445376,666;8,873095861;49,16113741;1
8588;8,20022E+18;8;1;19;79;2020;2;12;4;3;2;6;0;0;1;0;0;0;0;521587,1;5407455,652;9,29407768;48,8197086;1
8589;8,20022E+18;8;1;19;20;2020;2;18;4;3;2;6;0;0;1;0;0;0;0;518596,0197;5408244,297;9,253366871;48,82689983;0
8590;8,20022E+18;8;1;15;28;2020;2;18;4;3;2;6;2;0;1;0;0;0;0;502451,3949;5400521,383;9,033353826;48,75769854;0
8591;8,20022E+18;8;1;17;2;2020;2;18;4;3;2;6;2;0;1;0;0;0;0;541063,643;5387104,397;9,557366578;48,63565436;1
8592;8,20022E+18;8;1;16;49;2020;2;15;4;3;5;3;0;0;1;0;0;0;0;524210,3692;5386764,065;9,328598497;48,63347252;1
8593;8,20022E+18;8;1;16;78;2020;2;6;4;3;5;3;2;0;1;0;0;0;0;511724,8965;5392242,204;9,159293982;48,68311329;0
8594;8,20022E+18;8;4;36;6;2020;2;15;3;2;2;6;0;0;1;0;0;0;0;560258,647;5284005,934;9,803264215;47,7066234;0
8595;8,20022E+18;8;4;26;67;2020;2;15;3;3;5;3;0;0;1;0;0;0;1;527577,1565;5334711,266;9,370874038;48,16504689;0
8596;8,20023E+18;8;1;19;20;2020;2;16;4;3;2;6;0;0;1;0;0;0;0;518577,1808;5404684,067;9,252949042;48,79487319;1
8597;8,20023E+18;8;1;16;77;2020;2;18;5;3;3;6;2;0;1;0;0;1;0;514094,0988;5390819,189;9,191433189;48,67026274;1
8598;8,20022E+18;8;4;26;128;2020;2;18;3;2;8;1;2;0;1;0;0;0;0;557841,6145;5329192,38;9,777110097;48,11336456;0
8599;8,20022E+18;8;4;21;0;2020;2;9;3;3;2;6;0;0;1;0;0;0;0;570786,2184;5364270,842;9,956873446;48,4276059;0
8600;8,20022E+18;8;4;21;0;2020;2;6;3;3;2;6;2;0;1;0;0;0;0;570792,8402;5364608,968;9,957020059;48,43064668;0
8601;8,20022E+18;8;4;25;72;2020;2;9;3;3;5;3;0;0;1;0;0;0;1;579764,777;5371596,708;10,0796192;48,49242795;0
8602;8,20022E+18;8;4;15;61;2020;2;17;3;3;2;3;1;0;1;0;0;0;0;511192,4164;5367029,377;9,151381203;48,45630192;0
8603;8,20022E+18;8;4;15;91;2020;2;6;3;1;4;1;2;0;1;0;0;0;0;515759,578;5361226,843;9,212935012;48,4040019;2
8604;8,20022E+18;8;3;35;63;2020;2;14;3;3;5;3;0;1;1;0;0;0;0;496900,6321;5287951,644;8,958654403;47,74492937;0
8605;8,20022E+18;8;3;26;74;2020;2;7;3;3;2;6;0;0;1;0;0;0;0;463080,5257;5323401,177;8,504468511;48,06281972;1
8606;8,20023E+18;8;1;19;8;2020;2;20;4;3;5;2;2;0;1;0;0;0;0;531022,88;5421512,818;9,423683529;48,94576104;1
8607;8,20022E+18;8;3;25;70;2020;2;7;3;2;6;7;1;0;1;1;0;0;0;461304,9933;5349823,189;8,4782316;48,3004209;1
8608;8,20022E+18;8;3;17;146;2020;2;14;3;3;6;6;0;0;1;1;0;0;0;430420,8765;5355088,178;8,060962428;48,34513897;0
8609;8,20023E+18;8;1;18;48;2020;2;13;4;3;2;6;0;0;1;0;0;0;0;514783,2191;5415177,911;9,201669049;48,88937559;0
8610;8,20022E+18;8;3;16;9;2020;2;11;3;3;5;3;0;0;1;0;0;0;0;415245,702;5325164,308;7,862176283;48,0741176;0
8611;8,20022E+18;8;3;11;0;2020;2;7;3;2;5;3;0;1;1;0;0;0;0;413161,622;5315427,441;7,836177474;47,98625134;0
8612;8,20023E+18;8;1;15;37;2020;2;18;4;3;5;3;2;0;1;0;0;0;0;492316,2703;5385280,788;8,895738231;48,62055019;1
8613;8,20022E+18;8;3;36;91;2020;2;11;3;2;5;3;0;0;1;0;0;1;0;394418,8471;5273123,024;7,595350128;47,60291291;0
8614;8,20022E+18;8;2;37;75;2020;2;2;3;3;8;1;2;0;1;0;0;0;0;446739,8371;5357563,732;8,280868431;48,36899584;1
8615;8,20022E+18;8;2;26;84;2020;2;18;3;3;5;2;1;0;1;0;0;0;0;467948,4066;5471924,676;8,558251088;49,39916734;0
8616;8,20023E+18;8;1;16;78;2020;2;19;4;3;2;6;2;0;1;0;0;0;0;509809,1994;5395168,587;9,133336983;48,70947228;0
8617;8,20022E+18;8;2;26;56;2020;2;14;3;3;4;6;0;0;1;0;0;0;0;487171,7153;5471459,904;8,823207722;49,39569541;1
8618;8,20022E+18;8;2;25;32;2020;2;14;3;3;9;1;0;0;1;0;0;0;1;536046,5857;5495932,149;9,498999015;49,61487869;0
8619;8,20022E+18;8;2;25;10;2020;2;12;3;3;3;2;0;0;1;0;0;0;0;504324,3087;5468856,805;9,059567036;49,37240031;1
8620;8,20022E+18;8;2;22;0;2020;2;7;3;3;5;3;0;1;1;0;0;0;0;463242,7854;5480784,014;8,492577166;49,47858738;0
8621;8,20022E+18;8;2;21;0;2020;2;12;3;3;2;6;0;0;1;0;0;0;0;474204,0921;5473982,818;8,644333978;49,41797717;0
8622;8,20022E+18;8;3;17;141;2020;2;10;3;3;2;6;0;0;0;0;0;0;1;421183,5674;5376088,463;7,932365774;48,53295014;0
8623;8,20022E+18;8;2;36;33;2020;2;18;3;2;8;7;0;0;0;0;1;0;0;481283,7541;5428996,792;8,744042959;49,01357845;0
8624;8,20023E+18;8;1;11;0;2020;2;18;4;3;0;4;0;0;0;1;0;0;1;513641,4584;5402391,453;9,185668016;48,77437694;0
8625;8,20022E+18;8;2;12;0;2020;2;17;3;3;2;6;1;0;1;0;0;0;1;454162,6804;5426541,942;8,373437774;48,99007813;0
8626;8,20022E+18;8;2;12;0;2020;2;19;3;3;5;2;2;0;1;0;0;0;1;452671,297;5429183,287;8,352745182;49,01372463;0
8627;8,20022E+18;8;1;28;138;2020;2;5;3;2;8;1;2;0;1;0;0;0;0;540729,4594;5483438,756;9,562529449;49,5022117;1
8628;8,20023E+18;8;1;11;0;2020;2;19;4;3;3;7;2;0;1;0;0;0;0;512718,9148;5405382,473;9,173204312;48,80130342;0
8629;8,20022E+18;8;1;26;28;2020;2;16;3;3;9;1;0;0;1;0;0;0;0;535660,1901;5458219,317;9,490256302;49,27569024;1
8630;8,20022E+18;8;1;19;85;2020;2;8;3;3;2;6;0;0;1;0;0;0;0;529335,434;5414087,609;9,400104739;48,87904966;0
8631;8,20022E+18;8;1;19;85;2020;2;17;3;3;5;3;1;0;1;0;0;0;0;528823,0755;5412437,028;9,393000567;48,86422572;0
8632;8,20023E+18;8;1;11;0;2020;2;18;4;3;6;4;2;0;1;1;0;0;0;512483,1608;5399537,792;9,169816438;48,74872986;1
8633;8,20022E+18;8;1;18;48;2020;2;10;3;3;2;6;0;0;1;0;0;0;0;516183,4421;5417365,78;9,220857101;48,90902203;0
8634;8,20022E+18;8;1;18;11;2020;2;8;3;3;5;3;0;1;1;0;0;0;0;504755,0736;5407908,876;9,064783301;48,82414264;1
8635;8,20022E+18;8;1;16;47;2020;2;0;3;1;8;7;2;0;0;0;0;1;0;519971,4748;5393597,726;9,271396153;48,69509818;0
8636;8,20022E+18;8;1;15;3;2020;2;9;3;3;2;6;0;0;1;0;0;0;0;497416,7173;5391619,004;8,96490745;48,67761169;0
8637;8,20022E+18;8;1;16;20;2020;2;10;3;3;0;7;0;0;0;1;0;1;0;527167,6422;5381089,513;9,368364193;48,58230248;0
8638;8,20022E+18;8;1;11;0;2020;2;13;3;3;2;6;0;0;1;0;0;1;0;512771,3151;5407632,827;9,173987919;48,82154624;0
8639;8,20022E+18;8;1;11;0;2020;2;12;3;3;2;6;0;0;1;0;0;0;0;512843,0106;5407787,476;9,174969489;48,82293596;0
8640;8,20023E+18;8;1;11;0;2020;2;18;4;3;5;3;2;0;1;0;0;0;0;512809,76;5401836,588;9,174330902;48,76940309;1
8641;8,20022E+18;8;1;11;0;2020;2;6;3;3;5;3;2;0;1;0;0;0;0;512223,686;5396612,431;9,166199881;48,72241848;1
8642;8,20022E+18;8;4;36;78;2020;2;19;2;3;0;1;2;1;0;0;0;0;0;560420,659;5294540,449;9,806887573;47,80138395;1
8643;8,20023E+18;8;4;36;55;2020;2;6;3;2;2;6;2;0;1;0;0;1;0;576494,467;5302348,553;10,02289336;47,86991634;0
8644;8,20022E+18;8;4;36;85;2020;2;6;2;3;5;3;2;0;1;0;0;0;0;560375,6834;5297166,621;9,80665285;47,82501476;0
8645;8,20022E+18;8;4;21;0;2020;2;7;2;3;2;6;0;0;0;0;0;1;1;572439,773;5361410,944;9,97872858;48,40169246;0
8646;8,20022E+18;8;4;21;0;2020;2;16;2;3;1;6;0;0;1;0;0;0;0;569846,4382;5364197,775;9,944159323;48,42705357;1
8647;8,20022E+18;8;4;21;0;2020;2;21;2;3;6;2;2;0;1;1;0;0;0;574270,9976;5361836,188;10,00354148;48,4053045;1
8648;8,20022E+18;8;3;27;49;2020;2;7;2;3;2;2;0;0;1;0;0;0;1;473264,9394;5323600,948;8,641147443;48,06512524;0
8649;8,20022E+18;8;3;26;74;2020;2;11;2;3;8;7;0;0;1;0;0;0;0;467042,6297;5322393,421;8,55772361;48,05397015;0
8650;8,20022E+18;8;3;17;57;2020;2;14;2;3;0;3;0;0;1;0;1;0;0;414171,421;5379585,476;7,83667915;48,56348397;1
8651;8,20022E+18;8;3;11;0;2020;2;21;2;3;5;7;2;1;0;0;1;0;0;412853,6617;5315327,244;7,832071361;47,98530815;1
8652;8,20022E+18;8;3;15;102;2020;2;20;2;2;5;3;2;0;1;0;0;0;1;438071,324;5296823,781;8,172649525;47,82178273;1
8653;8,20022E+18;8;3;36;14;2020;2;20;2;2;5;3;2;0;1;0;1;0;0;393851,077;5277719,499;7,586684688;47,64416567;0
8654;8,20022E+18;8;2;35;6;2020;2;21;2;3;8;7;2;0;1;0;0;0;0;476707,0749;5379222,084;8,684276546;48,56565889;1
8655;8,20023E+18;8;4;36;55;2020;2;19;3;3;5;3;2;0;1;0;0;0;0;574114,1946;5298567,419;9,990421081;47,83618011;1
8656;8,20023E+18;8;1;16;19;2020;2;13;5;1;0;7;0;0;1;1;0;0;0;524997,158;5399247,703;9,340032408;48,74574368;1
8657;8,20022E+18;8;2;35;46;2020;2;15;2;3;1;6;0;0;1;0;0;0;0;480893,2462;5377485,475;8,741096979;48,55017758;1
8658;8,20022E+18;8;2;36;72;2020;2;16;2;3;2;6;0;0;1;0;0;0;0;466526,8579;5410527,349;8,543754204;48,84681356;1
8659;8,20022E+18;8;2;36;46;2020;2;6;2;3;2;6;2;0;1;0;0;0;0;483067,91;5418003,097;8,768899669;48,91473511;1
8660;8,20023E+18;8;1;35;19;2020;2;17;5;3;4;6;0;0;1;0;0;0;0;591352,161;5393171,645;10,24116286;48,68489866;2
8661;8,20022E+18;8;2;31;0;2020;2;19;2;3;1;6;2;0;1;0;0;0;0;477647,5639;5415183,815;8,695074497;48,88920189;1
8662;8,20022E+18;8;2;37;28;2020;2;7;2;3;2;6;1;0;1;0;0;0;0;459779,1153;5368047,012;8,45591293;48,46427053;1
8663;8,20023E+18;8;4;25;72;2020;2;23;5;2;8;1;2;0;1;0;0;0;0;579841,1207;5373829,972;10,08107947;48,51250601;2
8664;8,20022E+18;8;2;26;103;2020;2;12;2;3;2;6;0;0;0;0;0;1;0;473611,5767;5458113,672;8,637215764;49,27521049;1
8665;8,20022E+18;8;2;25;91;2020;2;18;2;3;9;1;2;0;1;0;0;0;0;525703,1436;5472750,324;9,354307241;49,40689507;1
8666;8,20022E+18;8;2;11;0;2020;2;20;2;3;5;3;2;0;1;0;0;0;0;437895,3144;5397703,475;8,155472625;48,72925857;1
8667;8,20022E+18;8;2;12;0;2020;2;10;2;3;8;1;0;0;1;0;0;0;0;459539,2312;5432459,084;8,4463374;49,04367952;1
8668;8,20022E+18;8;2;15;102;2020;2;10;2;3;5;3;0;0;1;0;0;0;0;459885,0582;5432317,883;8,451083425;49,042432;1
8669;8,20023E+18;8;4;26;70;2020;2;13;3;3;2;6;0;0;1;0;0;0;0;565280,8763;5341249,996;9,878897572;48,22111402;1
8670;8,20022E+18;8;2;15;100;2020;2;22;2;3;4;3;2;0;1;0;1;0;0;474270,8176;5449888,353;8,64680671;49,20125125;0
8671;8,20023E+18;8;4;25;141;2020;2;11;3;3;9;6;0;0;1;0;0;0;0;564906,3131;5363730,417;9,877316562;48,42337797;1
8672;8,2003E+18;8;2;37;28;2020;3;6;4;3;6;5;2;0;1;1;0;0;0;458574,259;5367616,229;8,439657723;48,46031699;1
8673;8,2003E+18;8;2;35;85;2020;3;15;4;2;0;7;0;0;0;0;1;0;0;479534,261;5395803,196;8,721777937;48,71492251;0
8674;8,20031E+18;8;4;35;16;2020;3;22;5;3;8;1;2;0;1;0;0;0;0;536190,3464;5278070,022;9,481950686;47,65501311;1
8675;8,20031E+18;8;1;21;0;2020;3;5;6;2;5;3;2;1;1;0;0;0;0;512553,3632;5445219,575;9,172179868;49,15966569;1
8676;8,2003E+18;8;2;31;0;2020;3;6;4;3;2;6;0;0;1;0;0;0;0;478972,9364;5418045,132;8,713007264;48,91498772;0
8677;8,2003E+18;8;2;31;0;2020;3;8;4;3;3;6;0;0;1;0;0;0;0;478249,3762;5415635,988;8,70326006;48,89329091;0
8678;8,2003E+18;8;2;11;0;2020;3;5;4;3;5;3;2;0;1;0;0;0;0;438191,3073;5397591,804;8,159513958;48,72828351;0
8679;8,2003E+18;8;2;16;7;2020;3;14;4;3;2;6;0;0;1;0;1;0;0;438342,954;5394425,689;8,162048968;48,69981901;0
8680;8,2003E+18;8;2;12;0;2020;3;15;4;3;5;3;0;1;1;0;0;0;0;452760,4177;5429434,073;8,353934699;49,01598729;0
8681;8,2003E+18;8;3;17;1;2020;3;20;4;3;8;7;2;0;1;0;0;0;0;427775,0379;5386588,85;8,019813908;48,62819402;0
8682;8,20031E+18;8;4;36;82;2020;3;5;5;2;5;2;2;1;1;0;0;0;0;547221,7809;5294146,941;9,630592911;47,79894722;1
8683;8,2003E+18;8;1;26;11;2020;3;12;4;3;0;7;0;0;0;0;0;0;1;533339,8532;5445455,073;9,457296897;49,16100698;0
8684;8,2003E+18;8;1;26;20;2020;3;6;4;3;5;3;0;0;1;0;0;0;0;553015,9274;5468145,406;9,730164774;49,36371065;0
8685;8,20031E+18;8;4;36;64;2020;3;7;5;2;4;2;0;1;1;0;0;0;0;546336,0001;5291662,182;9,618499751;47,77665621;1
8686;8,2003E+18;8;1;25;111;2020;3;12;4;3;2;6;0;0;1;0;0;0;0;525414,6512;5454792,194;9,349186368;49,24537492;0
8687;8,2003E+18;8;1;26;20;2020;3;16;4;2;4;1;0;0;1;0;1;0;0;551945,9854;5465338,795;9,715064155;49,3385591;0
8688;8,2003E+18;8;1;21;0;2020;3;14;4;3;6;3;0;0;1;1;0;0;0;516635,8411;5442296,187;9,22805334;49,13327183;0
8689;8,20031E+18;8;4;35;45;2020;3;8;5;3;5;3;0;0;1;0;0;0;0;535302,534;5287185,446;9,47086582;47,73707694;1
8690;8,20031E+18;8;2;35;35;2020;3;15;6;3;2;6;0;0;1;0;0;0;0;469408,3074;5405402,006;8,583410131;48,80085648;1
8691;8,2003E+18;8;1;19;8;2020;3;11;4;3;5;3;0;0;1;0;0;0;0;534234,5198;5423426,977;9,467704794;48,9628102;0
8692;8,2003E+18;8;1;18;46;2020;3;9;4;3;2;6;0;0;1;0;0;0;0;514433,664;5412459,624;9,196804584;48,86493078;0
8693;8,2003E+18;8;1;15;45;2020;3;5;4;3;3;6;2;0;1;0;0;1;0;503848,3674;5397479,18;9,052332689;48,73032377;0
8694;8,2003E+18;8;1;18;73;2020;3;15;4;2;4;6;0;0;1;0;0;0;0;496283,405;5419455,326;8,949260023;48,92801936;0