OBJECTID;UIDENTSTLAE;ULAND;UREGBEZ;UKREIS;UGEMEINDE;UJAHR;UMONAT;USTUNDE;UWOCHENTAG;UKATEGORIE;UART;UTYP1;ULICHTVERH;IstRad;IstPKW;IstFuss;IstKrad;IstGkfz;IstSonstige;LINREFX;LINREFY;XGCSWGS84;YGCSWGS84;STRZUSTAND
8695;8,2003E+18;8;1;17;51;2020;3;8;4;3;2;6;0;0;1;0;0;0;0;545028,826;5394633,976;9,612003608;48,70311461;0
8696;8,2003E+18;8;1;16;33;2020;3;10;4;3;2;6;0;0;1;0;0;0;0;529315,6758;5386572,204;9,397875797;48,63152801;0
8697;8,2003E+18;8;1;11;0;2020;3;14;4;3;2;6;0;0;1;0;0;0;0;513376,593;5406406,399;9,182193796;48,81050073;0
8698;8,2003E+18;8;1;11;0;2020;3;12;4;3;2;6;0;0;1;0;0;0;0;511922,3187;5408606,02;9,162450101;48,83031782;0
8699;8,2003E+18;8;1;11;0;2020;3;8;4;3;5;3;0;1;1;0;0;0;0;515658,6863;5403519,88;9,21316643;48,78448065;0
8700;8,2003E+18;8;4;35;36;2020;3;19;3;2;6;6;2;1;0;1;0;0;0;519169,2176;5283026,828;9,255499503;47,70034073;0
8701;8,2003E+18;8;4;36;11;2020;3;12;3;3;5;3;0;0;1;0;0;1;0;549064,702;5297902,132;9,655626564;47,83259442;0
8702;8,2003E+18;8;4;36;64;2020;3;7;3;3;2;2;0;0;1;0;0;0;0;546450,7145;5291372,426;9,619999891;47,77404101;0
8703;8,20031E+18;8;4;17;44;2020;3;17;5;3;2;6;1;0;1;0;0;0;0;497208,6227;5336364,921;8,962448629;48,18051685;1
8704;8,2003E+18;8;4;36;64;2020;3;7;3;3;2;2;0;0;1;0;0;0;0;546460,6746;5291361,673;9,620131675;47,77394355;0
8705;8,2003E+18;8;4;36;64;2020;3;19;3;1;5;3;2;0;1;0;0;1;0;544156,3424;5286357,473;9,588868284;47,7290823;0
8706;8,2003E+18;8;4;25;108;2020;3;22;3;2;4;6;2;0;1;0;0;0;0;553976,3701;5357470,55;9,728789202;48,36809673;0
8707;8,20031E+18;8;4;17;25;2020;3;15;5;1;4;1;0;0;1;0;0;1;0;488346,8899;5352720,195;8,842784851;48,32756047;1
8708;8,20031E+18;8;2;26;85;2020;3;12;6;3;1;6;0;0;1;0;0;0;0;489848,3012;5454981,209;8,860514096;49,24751865;1
8709;8,2003E+18;8;4;26;70;2020;3;11;3;3;5;3;0;1;1;0;0;0;0;565305,5155;5340999,804;9,879190715;48,21886081;0
8710;8,2003E+18;8;3;37;62;2020;3;14;3;1;4;6;0;0;1;0;0;0;1;459469,8659;5274226,095;8,460614475;47,62017061;0
8711;8,2003E+18;8;3;26;61;2020;3;16;3;3;4;1;0;0;1;0;0;0;0;472601,95;5321019,017;8,632413994;48,04186768;0
8712;8,2003E+18;8;3;26;74;2020;3;7;3;3;5;2;0;0;1;0;0;1;0;465778,5192;5321469,574;8,540834135;48,04559192;1
8713;8,2003E+18;8;3;25;70;2020;3;15;3;3;6;4;0;0;1;1;0;0;0;461631,528;5349844,109;8,482632547;48,300629;0
8714;8,2003E+18;8;3;17;96;2020;3;14;3;3;2;6;0;0;1;0;0;0;1;422384,4191;5364284,421;7,950821529;48,42692342;0
8715;8,2003E+18;8;3;17;141;2020;3;15;3;3;0;1;0;0;0;0;1;0;0;420371,3443;5376259,304;7,921332911;48,53438426;0
8716;8,20031E+18;8;4;15;62;2020;3;7;5;3;2;6;0;0;1;0;0;0;0;519235,8041;5378576,769;9,260702114;48,55999116;1
8717;8,20031E+18;8;1;19;79;2020;3;15;6;3;5;2;0;0;1;0;0;0;0;524322,0311;5408507,29;9,331396973;48,8290678;1
8718;8,2003E+18;8;3;17;75;2020;3;19;3;3;5;3;2;0;1;0;0;0;0;412945,2789;5360136,535;7,824113753;48,3883807;1
8719;8,2003E+18;8;3;17;141;2020;3;13;3;3;5;3;0;0;1;0;0;0;0;420188,177;5376383,231;7,918828411;48,53547568;0
8720;8,20031E+18;8;3;37;96;2020;3;7;5;3;1;6;1;0;1;0;0;0;0;421830,8093;5267954,77;7,960886215;47,56030318;1
8721;8,20031E+18;8;1;36;88;2020;3;10;6;1;2;1;0;0;1;0;0;0;1;582859,3025;5405343,756;10,12824638;48,79556329;1
8722;8,20031E+18;8;3;37;116;2020;3;21;5;2;8;1;2;0;1;0;0;0;0;416982,4836;5276499,173;7,894831037;47,63656794;1
8723;8,2003E+18;8;3;17;1;2020;3;16;3;3;3;6;0;0;1;0;1;0;0;428382,9579;5388352,771;8,027758068;48,64413021;0
8724;8,2003E+18;8;3;17;153;2020;3;15;3;2;5;3;0;0;1;0;0;0;0;420479,0337;5387181,011;7,920701581;48,63263512;0
8725;8,2003E+18;8;3;15;15;2020;3;13;3;2;5;3;0;0;1;0;0;0;0;398991,1407;5315069,352;7,646397567;47,98094955;0
8726;8,20031E+18;8;3;36;82;2020;3;5;5;2;0;6;2;0;1;0;0;0;0;413778,8548;5275578,996;7,852372726;47,62787134;1
8727;8,20031E+18;8;2;16;7;2020;3;13;6;3;5;3;0;0;1;0;0;0;1;441539,2548;5386554,352;8,20659611;48,62932188;2
8728;8,2003E+18;8;3;15;3;2020;3;8;3;3;0;7;0;1;0;0;0;0;0;412134,3152;5311275,307;7,823261159;47,94876119;0
8729;8,2003E+18;8;3;36;50;2020;3;6;3;3;5;3;1;0;1;0;1;0;0;398563,472;5272510,772;7,650615703;47,59806737;1
8730;8,2003E+18;8;2;35;85;2020;3;17;3;3;4;2;1;0;1;0;0;0;0;480575,2193;5398059,753;8,735822811;48,73525569;0
8731;8,2003E+18;8;2;26;76;2020;3;10;3;3;8;1;0;0;1;0;0;0;0;471416,6892;5465427,114;8,606517941;49,34089565;0
8732;8,2003E+18;8;2;26;84;2020;3;16;3;3;5;2;0;0;1;0;0;0;0;468115,6102;5472210,734;8,560532528;49,40174913;0
8733;8,2003E+18;8;2;26;98;2020;3;6;3;3;2;6;2;0;1;0;0;1;0;477624,6611;5458128,615;8,692385324;49,27550496;0
8734;8,2003E+18;8;2;25;74;2020;3;0;3;3;8;1;2;0;1;0;0;0;0;502188,9514;5465162,219;9,030132343;49,33917871;1
8735;8,20031E+18;8;3;35;22;2020;3;10;5;3;1;5;0;0;1;0;0;0;1;484034,6658;5301076,946;8,786539755;47,86283325;1
8736;8,20031E+18;8;1;19;91;2020;3;21;6;3;3;1;2;0;1;0;0;0;0;527845,4163;5406932,07;9,379296472;48,81474959;1
8737;8,2003E+18;8;2;21;0;2020;3;15;3;2;5;3;0;0;0;0;0;0;1;477690,809;5472890,768;8,692468344;49,40829222;0
8738;8,2003E+18;8;2;16;7;2020;3;14;3;3;2;6;0;0;1;0;0;0;0;435737,6388;5396953,107;8,12625203;48,72229025;0
8739;8,2003E+18;8;2;15;89;2020;3;8;3;2;5;3;0;0;1;0;0;0;1;469948,5994;5430032,972;8,588953867;49,02245128;1
8740;8,2003E+18;8;2;12;0;2020;3;19;3;3;6;2;2;0;1;1;0;0;0;456121,3941;5428902,126;8,399955377;49,01145056;1
8741;8,2003E+18;8;2;12;0;2020;3;16;3;3;2;6;0;0;1;0;0;0;0;459486,0684;5424457,719;8,44640844;48,97170228;0
8742;8,20031E+18;8;3;25;61;2020;3;7;5;2;5;3;0;0;1;0;0;0;0;477473,6427;5351926,033;8,696135104;48,32012172;1
8743;8,2003E+18;8;2;15;39;2020;3;10;3;3;2;6;0;0;1;0;0;1;0;471135,8916;5452606,741;8,603578047;49,22556373;0
8744;8,2003E+18;8;2;16;49;2020;3;10;3;2;8;1;0;0;1;0;0;0;0;436689,1269;5401766,517;8,138447681;48,76568424;1
8745;8,2003E+18;8;1;36;82;2020;3;18;3;3;1;5;0;1;0;0;0;0;1;587061,303;5415356,879;10,18757749;48,88504649;0
8746;8,2003E+18;8;1;28;115;2020;3;22;3;3;8;1;2;0;1;0;0;0;0;547833,0495;5498727,904;9,662491874;49,63920556;0
8747;8,2003E+18;8;1;26;66;2020;3;12;3;3;9;7;0;0;1;0;0;0;0;541041,4831;5448004,968;9,56318946;49,18347644;0
8748;8,2003E+18;8;1;25;56;2020;3;12;3;3;2;6;0;0;1;0;1;0;0;511158,8607;5436044,054;9,152799424;49,07715515;0
8749;8,2003E+18;8;1;25;6;2020;3;5;3;3;2;6;2;0;1;0;0;0;0;505564,0794;5450916,504;9,076394995;49,21101453;1
8750;8,2003E+18;8;1;19;85;2020;3;6;3;3;5;2;0;1;0;0;0;1;0;528660,7063;5413758,735;9,390879332;48,87612281;1
8751;8,2003E+18;8;1;19;8;2020;3;14;3;3;5;3;0;0;1;0;1;0;0;533633,098;5424459,959;9,459573963;48,97213529;0
8752;8,20031E+18;8;3;17;89;2020;3;9;5;3;6;4;0;0;1;1;0;0;0;430440,4181;5379489,573;8,057170473;48,56463796;1
8753;8,20031E+18;8;1;15;37;2020;3;14;6;3;2;6;0;0;1;0;0;0;0;493378,1301;5385238,915;8,910147427;48,62018564;1
8754;8,2003E+18;8;1;18;48;2020;3;20;3;3;2;6;2;0;1;0;0;0;0;515967,3574;5418562,36;9,217955014;48,9197917;0
8755;8,2003E+18;8;1;15;3;2020;3;12;3;2;4;1;0;0;1;0;0;0;0;500603,078;5389297,978;9,008189117;48,65673647;0
8756;8,2003E+18;8;1;15;28;2020;3;7;3;3;2;6;0;0;1;0;0;0;0;501305,5852;5403895,035;9,017774582;48,78805127;0
8757;8,2003E+18;8;1;15;16;2020;3;16;3;2;0;3;0;0;1;0;1;0;0;491134,884;5377708,163;8,879869415;48,55240937;0
8758;8,2003E+18;8;1;16;79;2020;3;15;3;3;2;2;0;0;1;0;0;0;1;534758,8738;5377810,463;9,471015926;48,55242892;0
8759;8,2003E+18;8;1;16;58;2020;3;21;3;3;1;5;2;0;1;0;0;0;0;534645,2883;5395212,045;9,470931305;48,70897798;1
8760;8,20031E+18;8;3;16;42;2020;3;15;5;2;2;6;0;0;1;0;0;0;0;429689,9553;5327885,616;8,055611727;48,10035446;1
8761;8,2003E+18;8;1;16;77;2020;3;14;3;2;9;7;0;0;1;0;0;0;0;517981,229;5390553,847;9,244218179;48,66777588;0
8762;8,2003E+18;8;1;15;45;2020;3;17;3;3;5;3;1;0;1;0;0;0;0;497917,2175;5395935,991;8,971684712;48,71644957;1
8763;8,20031E+18;8;3;16;12;2020;3;9;5;3;2;6;0;0;1;0;0;0;0;403373,3333;5333996,803;7,700828505;48,15187464;1
8764;8,2003E+18;8;1;15;24;2020;3;11;3;3;2;6;0;0;1;0;0;0;0;500973,1855;5386427,214;9,013208013;48,63091011;0
8765;8,2003E+18;8;1;11;0;2020;3;6;3;2;6;4;2;0;1;1;0;0;0;513616,1685;5402390,242;9,185323768;48,7743666;1
8766;8,2003E+18;8;1;11;0;2020;3;9;3;3;3;6;0;0;1;0;0;1;0;515808,9971;5404680,288;9,215257289;48,79491574;0
8767;8,20031E+18;8;3;15;109;2020;3;17;5;2;6;4;1;0;1;1;0;0;0;422238,8511;5315027,443;7,957882407;47,98382115;1
8768;8,20031E+18;8;2;31;0;2020;3;8;6;3;4;2;0;0;1;0;0;0;0;477964,2156;5414715,673;8,699419347;48,88500199;1
8769;8,2003E+18;8;1;11;0;2020;3;18;3;3;5;3;1;0;1;0;0;0;0;513021,3598;5406075,43;9,177344922;48,80753091;0
8770;8,20031E+18;8;3;11;0;2020;3;17;5;3;5;3;1;0;1;0;0;0;0;403553,5965;5314761,396;7,707590919;47,97888366;1
8771;8,2003E+18;8;1;11;0;2020;3;5;3;3;2;6;2;0;0;0;0;1;0;515361,7864;5405922,995;9,209214544;48,80610619;0
8772;8,2003E+18;8;4;36;8;2020;3;4;2;3;3;6;2;1;1;0;0;0;0;547910,8119;5309549,188;9,641501304;47,93746772;0
8773;8,2003E+18;8;4;36;81;2020;3;18;2;2;1;2;0;0;1;0;0;0;0;557319,8077;5280676,064;9,763654863;47,67693251;0
8774;8,20031E+18;8;2;36;72;2020;3;21;5;3;8;1;2;0;0;0;1;0;0;463885,0133;5410387,338;8,507759003;48,84540598;1
8775;8,20031E+18;8;3;15;108;2020;3;6;6;3;1;6;1;0;1;0;0;0;1;404714,8383;5304973,13;7,725314028;47,89101167;1
8776;8,2003E+18;8;4;35;16;2020;3;5;2;3;4;2;2;0;1;0;0;1;0;535558,837;5278482,905;9,473574698;47,65876301;0
8777;8,2003E+18;8;4;26;97;2020;3;7;2;3;4;6;0;0;1;0;0;0;1;538401,9038;5340308,502;9,516952631;48,21484069;0
8778;8,2003E+18;8;4;26;38;2020;3;8;2;3;2;6;0;0;1;0;0;0;0;559493,1402;5313410,132;9,797102816;47,9712314;0
8779;8,2003E+18;8;4;25;39;2020;3;8;2;3;0;3;0;1;1;0;0;0;0;565822,9972;5353166,253;9,8880512;48,32825278;0
8780;8,2003E+18;8;4;16;22;2020;3;8;2;3;2;6;0;0;1;0;0;0;0;510100,5651;5375807,158;9,13682592;48,53528866;0
8781;8,2003E+18;8;4;16;36;2020;3;7;2;2;2;6;1;0;1;0;0;1;0;496542,4434;5370819,306;8,953203962;48,49048785;0
8782;8,2003E+18;8;4;15;60;2020;3;9;2;3;5;3;0;0;1;0;0;1;0;516343,1573;5379273,189;9,221525873;48,56633841;0
8783;8,20031E+18;8;2;36;40;2020;3;7;5;3;2;1;0;0;1;0;0;0;0;489021,9593;5421569,486;8,850068059;48,94695146;1
8784;8,2003E+18;8;4;15;61;2020;3;16;2;3;5;3;0;1;1;0;0;0;0;516336,321;5373338,183;9,221200458;48,51294566;1
8785;8,2003E+18;8;4;15;91;2020;3;16;2;3;5;3;0;0;1;0;0;0;0;513673,8927;5361541,632;9,184764766;48,40688259;1
8786;8,2003E+18;8;4;15;78;2020;3;13;2;3;8;1;0;0;1;0;0;0;0;534155,6391;5371001,425;9,462284051;48,49120747;0
8787;8,20031E+18;8;2;36;46;2020;3;12;5;3;1;6;0;0;1;0;0;0;0;482851,9628;5417904,644;8,765956442;48,91384352;1
8788;8,20031E+18;8;2;22;0;2020;3;22;6;3;5;2;2;0;1;0;0;0;0;466867,7254;5485397,647;8,542229724;49,5202936;1
8789;8,2003E+18;8;3;37;45;2020;3;19;2;2;0;7;2;0;1;0;0;0;0;438075,7413;5289257,682;8,17378808;47,75371411;1
8790;8,2003E+18;8;3;36;91;2020;3;22;2;2;5;2;2;1;0;0;1;0;0;395455,7017;5271952,11;7,609419366;47,59254841;1
8791;8,2003E+18;8;3;35;55;2020;3;17;2;3;6;5;0;0;1;1;0;0;0;495145,2857;5285584,554;8,93526448;47,72362042;0
8792;8,2003E+18;8;3;27;30;2020;3;16;2;3;4;6;0;0;1;0;0;0;0;491555,9172;5321275,501;8,886703789;48,04470746;1
8793;8,2003E+18;8;3;17;73;2020;3;6;2;3;3;7;0;0;1;0;0;1;0;410183,6858;5350002,948;7,788981602;48,29684555;0
8794;8,2003E+18;8;3;11;0;2020;3;23;2;3;9;7;2;0;1;0;0;0;0;407779,6086;5316958,911;7,763734656;47,9992737;1
8795;8,2003E+18;8;3;15;47;2020;3;16;2;3;0;7;0;0;1;0;0;0;0;414710,8763;5322405,009;7,855548108;48,04922559;1
8796;8,2003E+18;8;3;11;0;2020;3;16;2;3;6;3;0;0;1;0;0;0;1;413150,7734;5315398,209;7,836038023;47,98598692;1
8797;8,2003E+18;8;2;35;20;2020;3;18;2;3;1;3;2;0;1;0;0;0;0;476134,9797;5381332,017;8,676401108;48,58461862;1
8798;8,2003E+18;8;2;31;0;2020;3;19;2;3;8;4;2;0;1;1;0;0;0;480552,551;5416748,795;8,734628509;48,90337794;1
8799;8,20031E+18;8;2;37;27;2020;3;21;5;3;4;6;2;0;1;0;0;0;0;479427,9859;5369030,857;8,72165934;48,47407115;1
8800;8,2003E+18;8;2;36;40;2020;3;6;2;2;4;6;1;0;1;0;0;1;0;492007,296;5423465,825;8,890802799;48,96405609;1
8801;8,2003E+18;8;2;31;0;2020;3;13;2;3;3;6;0;0;1;0;0;0;0;477937,069;5414064,192;8,699084218;48,87914051;0
8802;8,2003E+18;8;2;36;30;2020;3;18;2;3;5;3;2;0;1;0;0;0;0;476023,4009;5417990,02;8,672753731;48,91438474;1
8803;8,20031E+18;8;2;31;0;2020;3;19;5;3;3;3;2;0;1;0;0;0;1;478118,4287;5415656,811;8,701472476;48,89347361;1
8804;8,20031E+18;8;2;15;101;2020;3;13;6;3;2;6;0;0;1;0;0;0;0;466626,5912;5425950,254;8,543852085;48,98555512;1
8805;8,2003E+18;8;2;26;31;2020;3;6;2;3;5;2;0;0;1;0;0;0;0;473179,7059;5493497,867;8,628885027;49,59346365;0
8806;8,2003E+18;8;2;26;31;2020;3;6;2;3;5;2;1;0;1;0;0;0;0;474633,3006;5492948,833;8,64903358;49,58858809;0
8807;8,2003E+18;8;2;26;76;2020;3;18;2;2;5;3;2;1;0;0;0;0;1;475343,3499;5466855,968;8,660483425;49,35391944;1
8808;8,2003E+18;8;2;16;43;2020;3;15;2;3;2;6;0;0;1;0;0;0;0;441197,4307;5414244,926;8,198002489;48,87837;1
8809;8,2003E+18;8;2;15;64;2020;3;15;2;3;2;6;0;0;1;0;0;1;0;477990,6092;5451421,344;8,697784718;49,21518562;0
8810;8,2003E+18;8;2;15;102;2020;3;15;2;3;5;2;0;0;1;0;0;0;0;456462,9118;5435006,243;8,40396967;49,06638171;1
8811;8,2003E+18;8;2;12;0;2020;3;7;2;3;5;2;0;0;1;0;0;0;0;451960,5111;5430897,59;8,342822321;49,02908984;1
8812;8,20031E+18;8;2;26;98;2020;3;11;5;3;1;6;0;0;1;0;0;0;1;476057,8384;5459536,001;8,670760842;49,28810508;1
8813;8,20031E+18;8;1;18;11;2020;3;10;6;2;6;2;0;0;1;1;0;0;0;505031,3158;5407929,045;9,06854708;48,8243219;0
8814;8,2003E+18;8;2;15;84;2020;3;9;2;3;2;6;0;0;0;0;0;1;1;470134,3308;5449387,094;8,590062427;49,1965548;0
8815;8,2003E+18;8;2;12;0;2020;3;7;2;3;2;6;0;0;1;0;0;0;1;460142,7921;5428267,993;8,455007947;49,00601928;0
8816;8,2003E+18;8;2;12;0;2020;3;15;2;3;3;7;0;0;1;0;0;0;0;455174,358;5428374,306;8,387063608;49,0066347;1
8817;8,2003E+18;8;1;36;68;2020;3;9;2;3;5;2;0;0;1;0;1;0;0;598188,457;5430841,388;10,3430523;49,02263934;0
8818;8,20031E+18;8;2;26;85;2020;3;14;5;3;6;4;0;0;1;1;0;0;0;490968,4675;5455633,075;8,875890615;49,25339988;0
8819;8,20031E+18;8;1;17;2;2020;3;17;6;3;4;2;0;0;1;0;0;0;1;540690,856;5387144,246;9,552310811;48,63603721;1
8820;8,2003E+18;8;1;28;61;2020;3;15;2;2;4;6;0;0;1;0;0;0;0;545359,9292;5495906,177;9,627914886;49,61401759;0
8821;8,2003E+18;8;1;25;68;2020;3;9;2;3;8;1;0;0;1;0;0;0;0;518435,546;5460502,811;9,25356077;49,29699254;0
8822;8,2003E+18;8;1;25;63;2020;3;5;2;3;5;3;2;0;1;0;0;0;0;526086,1074;5463437,645;9,358975783;49,32311245;1
8823;8,20031E+18;8;1;35;19;2020;3;18;6;2;6;4;2;0;1;1;0;0;0;583124,7333;5392487,101;10,12926642;48,67989159;1
8824;8,2003E+18;8;1;19;42;2020;3;15;2;3;5;2;0;0;1;0;0;0;0;530802,4048;5416470,944;9,420291798;48,90041791;0
8825;8,2003E+18;8;1;19;91;2020;3;10;2;3;8;1;0;1;0;0;0;0;0;526492,3892;5404623,806;9,36071765;48,79404421;0
8826;8,2003E+18;8;4;25;85;2020;3;5;4;2;8;1;2;0;1;0;0;0;0;581498,689;5376003,12;10,10394402;48,53183986;2
8827;8,2003E+18;8;1;19;55;2020;3;16;2;3;5;3;0;0;1;0;0;0;0;543235,3478;5404636,768;9,58867928;48,79322198;1
8828;8,2003E+18;8;1;19;8;2020;3;5;2;3;5;2;2;0;1;0;0;0;0;534203,7613;5422846,864;9,467235846;48,95759357;0
8829;8,2003E+18;8;1;18;48;2020;3;14;2;3;2;6;0;0;1;0;0;0;0;514231,5305;5415594,513;9,194157605;48,89313614;0
8830;8,2003E+18;8;1;18;79;2020;3;20;2;3;1;6;2;0;1;0;0;0;0;508606,203;5423548,527;9,117580623;48,96479181;1
8831;8,2003E+18;8;1;15;28;2020;3;16;2;3;2;6;0;0;1;0;0;0;0;501036,123;5403519,041;9,014105104;48,78466936;1
8832;8,20031E+18;8;2;26;97;2020;3;16;5;3;0;1;0;0;1;0;0;0;0;489495,3025;5467053,837;8,855346345;49,35610737;1
8833;8,20031E+18;8;1;17;26;2020;3;7;6;3;5;7;0;0;1;0;0;0;1;545443,419;5394800,02;9,617656434;48,7045782;0
8834;8,2003E+18;8;1;15;45;2020;3;7;2;3;2;6;0;0;1;0;0;0;0;496236,502;5395593,381;8,948838631;48,71335955;0
8835;8,2003E+18;8;1;11;0;2020;3;23;2;3;8;1;2;0;1;0;0;0;0;511445,783;5410599,687;9,156012676;48,84826148;1
8836;8,2003E+18;8;1;11;0;2020;3;17;2;3;2;6;2;0;1;0;0;0;0;510367,0634;5401466,774;9,141078493;48,76612175;1
8837;8,2003E+18;8;4;15;90;2020;3;17;4;3;5;3;1;0;1;0;0;0;0;524676,0401;5355363,497;9,333063499;48,35096662;0
8838;8,2003E+18;8;1;11;0;2020;3;10;2;3;0;7;0;0;0;0;1;0;1;512469,73;5402320,262;9,169718043;48,77376109;1
8839;8,2003E+18;8;1;11;0;2020;3;18;2;2;6;4;1;0;1;1;0;0;0;515052,0357;5395560,901;9,20461706;48,71289703;1
8840;8,2003E+18;8;1;11;0;2020;3;20;2;3;2;6;2;0;1;0;0;0;0;512473,5778;5401205,674;9,169736615;48,76373425;1
8841;8,2003E+18;8;4;37;76;2020;3;0;1;3;5;3;2;0;1;0;0;0;0;525760,1686;5321939,901;9,345667226;48,05022103;1
8842;8,2003E+18;8;4;35;57;2020;3;13;1;3;2;2;0;0;1;0;0;0;0;544052,447;5281423,341;9,586984164;47,68469615;0
8843;8,2003E+18;8;4;15;19;2020;3;17;4;3;2;6;0;0;1;0;0;0;1;518414,1507;5369519,239;9,249166449;48,47853171;0
8844;8,2003E+18;8;4;25;135;2020;3;15;1;3;2;6;0;0;1;0;0;0;0;567900,3755;5372921,67;9,919272971;48,5057404;0
8845;8,2003E+18;8;4;16;48;2020;3;16;1;3;4;2;0;0;1;0;0;0;0;497552,5546;5375328,119;8,966848784;48,5310556;0
8846;8,20031E+18;8;2;26;103;2020;3;14;5;3;2;6;0;0;1;0;0;1;0;471608,6024;5457096,618;8,609751979;49,26597237;1
8847;8,2003E+18;8;4;16;25;2020;3;14;1;3;2;6;0;0;1;0;0;0;0;500660,4678;5360543,314;9,008922845;48,39804916;0
8848;8,2003E+18;8;3;35;66;2020;3;14;1;2;2;6;0;1;0;0;0;0;0;509183,8431;5281716,922;9,122380995;47,68877382;0
8849;8,20031E+18;8;2;25;60;2020;3;16;5;3;5;3;0;1;0;0;0;0;1;515094,9991;5486647,561;9,208609846;49,53225384;1
8850;8,2003E+18;8;3;26;12;2020;3;18;1;3;3;1;2;0;1;0;0;0;0;463606,4736;5313299,432;8,512385226;47,97196623;0
8851;8,2003E+18;8;3;16;54;2020;3;13;1;3;4;1;0;0;1;0;0;0;0;415871,7659;5337139,054;7,868214991;48,18191613;0
8852;8,2003E+18;8;3;36;14;2020;3;18;1;3;7;7;2;0;1;0;0;0;0;396353,6501;5281988,685;7,618982331;47,68297301;1
8853;8,20031E+18;8;2;26;28;2020;3;16;5;3;4;6;0;0;1;0;0;0;0;472773,101;5483273,385;8,623965469;49,5014807;1
8854;8,20031E+18;8;2;35;80;2020;3;7;6;3;2;6;0;0;1;0;0;0;0;483780,2755;5384872,432;8,779928565;48,61671347;1
8855;8,2003E+18;8;2;26;103;2020;3;15;1;3;2;6;0;0;1;0;0;0;0;471959,4887;5459054,303;8,614437668;49,2835979;0
8856;8,2003E+18;8;2;26;95;2020;3;15;1;3;2;6;0;0;1;0;0;0;0;471734,2857;5459247,785;8,61132748;49,28532789;0
8857;8,2003E+18;8;4;15;85;2020;3;16;4;3;5;3;0;0;1;0;0;0;0;533768,997;5343286,722;9,454825638;48,24189788;0
8858;8,2003E+18;8;2;22;0;2020;3;21;1;2;8;1;2;0;1;0;0;0;0;464717,806;5485156,742;8,512548115;49,51800546;1
8859;8,2003E+18;8;2;15;106;2020;3;15;1;3;5;2;0;0;1;0;0;0;0;465239,729;5451577,214;8,522691576;49,21599691;0
8860;8,2003E+18;8;1;26;11;2020;3;19;1;3;5;2;2;0;1;0;0;0;0;530137,7631;5447457,06;9,413527534;49,17918066;1
8861;8,2003E+18;8;1;25;59;2020;3;15;1;2;4;1;0;0;1;0;1;0;0;528820,7859;5437816,49;9,39476817;49,0925252;0
8862;8,2003E+18;8;1;18;73;2020;3;19;1;3;2;6;2;0;1;0;0;0;0;497477,4026;5419345,601;8,965561482;48,92703833;0
8863;8,20031E+18;8;3;17;5;2020;3;17;5;3;2;6;0;0;1;0;0;0;0;423235,7789;5379864,489;7,95946364;48,5671693;1
8864;8,2003E+18;8;1;15;13;2020;3;14;1;1;9;1;0;0;1;0;0;0;0;499058,5871;5388237,77;8,987219088;48,64719825;0
8865;8,2003E+18;8;4;25;79;2020;3;11;1;3;2;6;0;0;1;0;0;0;0;551672,6121;5375502,061;9,699911953;48,53049763;0
8866;8,2003E+18;8;4;25;79;2020;3;11;1;3;2;6;0;0;1;0;0;0;0;552261,0277;5375371,918;9,707865167;48,52927817;0
8867;8,2003E+18;8;1;15;45;2020;3;12;1;3;5;3;0;0;1;0;0;0;0;500011,3633;5395544,226;9,000154473;48,71292871;0
8868;8,2003E+18;8;1;15;51;2020;3;2;1;3;8;1;2;0;1;0;0;0;0;504896,6722;5384321,472;9,066432446;48,61194801;1
8869;8,20031E+18;8;2;12;0;2020;3;11;5;2;9;7;0;0;1;0;0;0;0;454318,984;5424931,126;8,375755197;48,97560025;1
8870;8,2003E+18;8;1;11;0;2020;3;0;1;3;3;6;2;0;1;0;0;0;0;513316,312;5406499,824;9,181375783;48,81134246;0
8871;8,2003E+18;8;1;11;0;2020;3;16;1;3;2;6;0;0;1;0;0;0;0;514077,0985;5404000,516;9,191652394;48,78884221;0
8872;8,2003E+18;8;1;11;0;2020;3;21;1;3;2;6;2;0;1;0;0;0;0;515900,0905;5405573,87;9,216532216;48,80295197;0
8873;8,20031E+18;8;2;12;0;2020;3;16;5;2;2;6;0;0;1;0;0;0;0;458782,938;5426100,961;8,436634622;48,9864371;1
8874;8,20031E+18;8;2;26;17;2020;3;6;6;3;9;6;2;0;1;0;0;0;0;494143,3343;5467282,34;8,919348046;49,35822515;1
8875;8,20023E+18;8;4;36;64;2020;2;17;7;2;0;2;1;1;1;0;0;0;0;542577,3105;5292560,714;9,56841899;47,78499976;0
8876;8,20023E+18;8;4;36;64;2020;2;17;7;2;3;6;0;1;0;0;0;0;0;545246,3717;5292297,755;9,604022308;47,78245193;0
8877;8,2003E+18;8;3;37;53;2020;3;18;4;2;4;1;1;0;1;0;0;0;0;453473,0801;5269305,875;8,38133427;47,57549896;0
8878;8,20023E+18;8;4;26;21;2020;2;14;7;3;5;3;0;0;1;1;0;0;0;558897,1098;5326899,247;9,790972863;48,0926384;0
8879;8,20023E+18;8;4;21;0;2020;2;11;7;3;5;3;0;0;1;0;0;0;0;571996,9451;5353939,526;9,971467257;48,33453546;0
8880;8,20023E+18;8;4;21;0;2020;2;12;7;3;2;6;0;0;1;0;0;0;0;574400,7904;5363102,783;10,00551957;48,41668241;0
8881;8,20023E+18;8;4;15;61;2020;2;3;7;3;0;1;2;1;0;0;0;0;0;513518,3596;5371653,463;9,182989764;48,49785632;1