OBJECTID;UIDENTSTLAE;ULAND;UREGBEZ;UKREIS;UGEMEINDE;UJAHR;UMONAT;USTUNDE;UWOCHENTAG;UKATEGORIE;UART;UTYP1;ULICHTVERH;IstRad;IstPKW;IstFuss;IstKrad;IstGkfz;IstSonstige;LINREFX;LINREFY;XGCSWGS84;YGCSWGS84;STRZUSTAND
8882;8,20023E+18;8;3;37;123;2020;2;19;7;3;2;6;2;0;1;0;0;0;1;452219,8643;5278950,866;8,36361919;47,6621861;1
8883;8,20031E+18;8;1;36;65;2020;3;16;5;2;2;7;0;0;1;0;0;0;0;561722,133;5403722,611;9,840228341;48,78343889;1
8884;8,20031E+18;8;1;16;47;2020;3;18;6;3;5;3;2;0;1;0;1;0;0;520499,0484;5392648,251;9,27851825;48,6865396;1
8885;8,20023E+18;8;3;36;91;2020;2;23;7;3;5;3;2;0;1;0;0;0;0;396377,566;5271484,418;7,621788209;47,58848939;1
8886;8,20023E+18;8;3;26;31;2020;2;20;7;3;6;6;2;0;1;1;0;0;0;459001,606;5333085,442;8,448793114;48,14969608;1
8887;8,20031E+18;8;1;36;46;2020;3;11;5;3;5;3;0;0;1;0;0;0;0;576320,438;5424548,365;10,04281186;48,96913263;0
8888;8,20031E+18;8;2;12;0;2020;3;23;6;3;2;6;2;0;1;0;0;0;0;455967,0524;5429542,811;8,397775345;49,0172026;1
8889;8,20023E+18;8;3;26;27;2020;2;20;7;3;4;1;2;0;1;0;0;0;0;461764,9889;5306606,323;8,488307901;47,91164148;1
8890;8,20023E+18;8;3;16;51;2020;2;14;7;2;8;1;0;0;1;0;0;0;0;399663,691;5335969,417;7,650500099;48,16904269;0
8891;8,20031E+18;8;1;35;16;2020;3;7;5;3;2;6;0;0;1;0;0;0;0;591519,985;5386353,202;10,24193508;48,62354872;0
8892;8,20031E+18;8;2;22;0;2020;3;15;6;3;2;6;0;0;1;0;0;0;0;464796,1486;5478992,637;8,514179445;49,46256681;1
8893;8,20023E+18;8;3;15;115;2020;2;11;7;3;5;3;0;0;1;0;0;0;0;408559,6923;5321378,933;7,773246618;48,03914427;0
8894;8,20023E+18;8;3;16;54;2020;2;11;7;2;4;1;0;0;0;0;1;0;1;419651,725;5337163,288;7,919052937;48,1826235;0
8895;8,20023E+18;8;2;36;33;2020;2;11;7;3;5;3;0;0;1;0;0;0;0;481796,7488;5429212,428;8,751048758;49,01553355;0
8896;8,20023E+18;8;2;36;46;2020;2;10;7;3;2;6;0;0;1;0;0;0;0;483094,8873;5417549,887;8,769286643;48,91065892;0
8897;8,20023E+18;8;2;31;0;2020;2;11;7;3;1;6;0;0;1;0;0;0;0;480988,9679;5417075,615;8,740568383;48,90633145;0
8898;8,20023E+18;8;2;26;98;2020;2;11;7;3;5;3;0;0;1;0;0;0;0;476482,4582;5458284,464;8,676673487;49,27686395;0
8899;8,20023E+18;8;2;26;54;2020;2;21;7;3;5;3;2;0;1;0;0;0;0;481176,053;5454906,93;8,741360542;49,24664519;1
8900;8,20031E+18;8;1;28;115;2020;3;22;5;2;8;1;2;0;1;0;0;0;0;549709,3111;5495165,746;9,688025009;49,60701594;1
8901;8,20031E+18;8;1;15;45;2020;3;14;6;3;2;6;0;0;1;0;0;0;1;497538,6927;5394223,807;8,966548905;48,70104526;1
8902;8,20023E+18;8;2;26;62;2020;2;12;7;3;5;3;0;0;1;0;1;0;0;468880,5572;5468797,651;8,571342766;49,37108887;0
8903;8,20023E+18;8;2;22;0;2020;2;11;7;3;1;6;0;0;1;0;1;0;0;465458,2903;5476306,716;8,523551006;49,43844605;0
8904;8,20023E+18;8;2;26;12;2020;2;11;7;3;3;6;0;0;1;0;0;0;0;474363,388;5477336,812;8,646313408;49,4481523;0
8905;8,2003E+18;8;3;26;37;2020;3;18;4;3;1;1;2;0;1;0;0;0;0;457598,0644;5326621,384;8,430567086;48,09144981;0
8906;8,20023E+18;8;2;21;0;2020;2;2;7;3;0;7;2;1;0;0;0;0;0;476208,1565;5471658,412;8,672104175;49,39715122;1
8907;8,20023E+18;8;2;15;64;2020;2;19;7;2;4;6;2;0;1;0;0;0;0;481795,9969;5447194,734;8,750228179;49,1772912;1
8908;8,2003E+18;8;3;26;74;2020;3;17;4;3;5;3;0;0;1;0;0;0;0;462918,352;5319833,501;8,502601058;48,03071274;0
8909;8,20023E+18;8;1;35;19;2020;2;6;7;2;9;1;1;0;1;0;0;0;0;588663,6835;5390618,815;10,20409688;48,66232585;1
8910;8,20023E+18;8;1;28;115;2020;2;16;7;3;8;1;0;0;1;0;0;0;0;543709,217;5499511,129;9,605467309;49,64656268;1
8911;8,20023E+18;8;1;27;76;2020;2;18;7;3;4;6;2;0;1;0;0;0;0;553207,009;5440166,559;9,729082375;49,11203795;1
8912;8,20023E+18;8;1;26;11;2020;2;16;7;3;2;6;0;0;1;0;0;0;0;528234,1259;5447511,6;9,387411745;49,17976183;1
8913;8,20023E+18;8;1;25;6;2020;2;22;7;3;2;6;2;0;1;0;0;0;0;505045,9657;5451109,572;9,069283709;49,21275571;1
8914;8,20023E+18;8;1;21;0;2020;2;17;7;2;2;6;0;0;1;0;1;0;0;506574,799;5449325,265;9,09024614;49,19669086;1
8915;8,20023E+18;8;1;21;0;2020;2;0;7;3;3;6;2;0;1;0;0;0;0;515607,2551;5443975,309;9,214018048;49,14840308;0
8916;8,20023E+18;8;1;25;6;2020;2;20;7;3;8;1;2;0;1;0;0;0;0;503297,974;5453122,226;9,045299437;49,23087197;1
8917;8,20023E+18;8;1;11;0;2020;2;17;7;3;2;6;0;0;1;0;0;0;0;507517,8166;5395408,117;9,102194514;48,71165894;1
8918;8,20023E+18;8;1;11;0;2020;2;0;7;3;5;2;2;0;1;0;1;0;0;511997,099;5402116,814;9,163279438;48,77194018;1
8919;8,20031E+18;8;1;27;63;2020;3;6;5;3;5;3;1;1;0;0;0;0;1;566051,7942;5434290,598;9,904110436;49,0579418;0
8920;8,20031E+18;8;1;11;0;2020;3;9;6;3;0;1;0;0;0;0;1;0;0;513304,7072;5404340,978;9,181147769;48,79192198;1
8921;8,20023E+18;8;1;11;0;2020;2;11;7;2;6;2;0;0;1;1;0;0;0;507576,1979;5397444,868;9,103025541;48,72998092;0
8922;8,20023E+18;8;1;11;0;2020;2;13;7;3;8;7;0;0;1;0;0;0;0;509843,177;5402378,662;9,133971113;48,77433355;0
8923;8,20023E+18;8;4;36;3;2020;2;17;6;3;5;3;0;0;1;0;0;0;0;577805,3272;5303916,234;10,04070178;47,88386154;0
8924;8,20023E+18;8;4;21;0;2020;2;8;6;3;5;3;0;0;1;0;0;0;0;569666,1699;5362509,243;9,941442336;48,41188467;0
8925;8,20023E+18;8;4;21;0;2020;2;5;6;3;4;1;2;0;1;0;0;0;0;568110,2675;5364963,029;9,920817952;48,43412745;2
8926;8,20023E+18;8;4;25;31;2020;2;10;6;3;1;6;0;0;1;0;0;0;0;563174,5077;5373218,946;9,855344255;48,50890765;2
8927;8,20031E+18;8;1;26;28;2020;3;16;5;3;2;6;0;0;1;0;0;0;0;540798,0619;5460110,443;9,561081405;49,29237916;1
8928;8,20023E+18;8;4;17;25;2020;2;23;6;3;8;1;2;0;1;0;0;0;0;485957,1496;5359976,072;8,810302196;48,3927899;1
8929;8,20023E+18;8;4;17;75;2020;2;7;6;3;8;1;1;0;1;0;0;0;0;513230,1907;5336989,406;9,177999909;48,1860036;2
8930;8,20031E+18;8;2;25;116;2020;3;13;5;2;4;6;0;0;1;0;0;0;0;497870,7458;5471222,483;8,970657005;49,39369125;1
8931;8,20023E+18;8;4;17;79;2020;2;10;6;2;5;3;0;0;1;0;0;1;0;506372,272;5337723,616;9,085744175;48,19271504;1
8932;8,20023E+18;8;4;16;26;2020;2;16;6;3;2;2;0;0;1;0;0;0;0;505315,174;5364042,958;9,071851716;48,42951175;0
8933;8,20023E+18;8;4;15;61;2020;2;12;6;3;5;3;0;0;1;0;0;0;0;515202,6679;5372144,228;9,205806942;48,50223292;0
8934;8,20031E+18;8;1;25;59;2020;3;14;5;3;4;6;0;0;0;0;0;1;0;529894,5837;5436621,923;9,409387609;49,08172853;1
8935;8,20031E+18;8;2;35;50;2020;3;13;6;3;5;3;0;0;1;0;0;1;1;463795,7049;5387933,714;8,508515332;48,64341505;1
8936;8,20023E+18;8;3;37;65;2020;2;15;6;2;5;1;0;0;1;0;0;0;0;451118,3384;5273469,785;8,349561337;47,61278953;0
8937;8,20023E+18;8;3;37;90;2020;2;14;6;3;4;6;0;0;1;0;0;0;0;425120,485;5275174,749;8,003376758;47,6256453;0
8938;8,2003E+18;8;3;17;96;2020;3;7;4;3;0;6;0;1;0;0;0;0;0;421515,8272;5368816,459;7,93823279;48,46758118;0
8939;8,20023E+18;8;3;36;105;2020;2;18;6;2;5;3;2;1;1;0;0;0;0;399096,018;5267497,766;7,658850162;47,55305656;0
8940;8,20023E+18;8;3;36;105;2020;2;12;6;3;2;6;0;0;1;0;0;0;0;399696,1759;5267285,361;7,666873303;47,55123887;0
8941;8,20031E+18;8;1;25;102;2020;3;13;5;3;6;1;0;0;1;1;0;0;0;523696,351;5444892,755;9,32499405;49,15639685;1
8942;8,20031E+18;8;3;17;57;2020;3;13;6;2;0;1;0;0;0;0;1;0;0;413155,972;5381618,47;7,822494189;48,58162964;1
8943;8,20023E+18;8;3;35;100;2020;2;7;6;3;2;1;0;0;1;0;0;0;0;488444,3112;5286126,868;8,845895723;47,72841475;2
8944;8,20023E+18;8;3;35;43;2020;2;16;6;3;3;6;0;1;0;0;0;0;0;513132,5575;5280471,128;9,174962618;47,67749642;0
8945;8,20023E+18;8;3;35;2;2020;2;17;6;3;4;6;0;0;1;0;0;0;0;503772,3387;5288331,921;9,050326329;47,74834736;0
8946;8,20023E+18;8;3;27;10;2020;2;13;6;3;6;4;0;0;1;1;0;0;0;480332,688;5329441,37;8,735744308;48,11792832;0
8947;8,20023E+18;8;3;27;16;2020;2;7;6;3;4;1;0;0;1;0;0;0;0;493887,107;5316918,703;8,918044025;48,00553533;1
8948;8,20023E+18;8;2;37;27;2020;2;18;6;3;2;6;2;0;1;0;0;0;0;483585,1114;5367299,63;8,777972964;48,45861864;0
8949;8,20023E+18;8;3;26;61;2020;2;7;6;2;2;1;0;0;1;0;0;0;1;471634,122;5320051,162;8,619493542;48,03311769;2
8950;8,20023E+18;8;3;25;61;2020;2;18;6;3;4;2;2;0;1;0;0;0;0;475054,6249;5354574,499;8,663347985;48,34385783;0
8951;8,20031E+18;8;1;19;24;2020;3;18;5;3;0;1;2;0;0;0;1;0;1;537426,1757;5435501,998;9,512420522;49,07124278;0
8952;8,20023E+18;8;3;17;47;2020;2;15;6;3;2;6;0;0;1;0;0;0;1;417670,4525;5363048,995;7,887354609;48,41521241;0
8953;8,20023E+18;8;3;17;96;2020;2;23;6;3;8;1;2;0;1;0;0;0;0;420113,4052;5367967,929;7,919425755;48,45977221;0
8954;8,20023E+18;8;3;17;1;2020;2;14;6;3;5;2;0;0;1;0;0;0;0;431519,1929;5387893,31;8,070404212;48,64034884;0
8955;8,20031E+18;8;1;18;71;2020;3;16;5;3;2;6;0;0;1;0;0;0;0;508972,7498;5419950,577;9,122509225;48,9324206;1
8956;8,20031E+18;8;2;25;33;2020;3;23;6;3;9;1;2;0;1;0;0;0;0;510359,9525;5462033,499;9,142530023;49,31095158;0
8957;8,20023E+18;8;2;35;20;2020;2;21;6;3;9;1;2;0;1;0;0;0;0;475190,2847;5387204,128;8,663240595;48,63740784;1
8958;8,20023E+18;8;2;31;0;2020;2;11;6;3;2;6;0;0;1;0;0;0;0;477035,7577;5415970,103;8,686684346;48,8962527;0
8959;8,20023E+18;8;2;36;72;2020;2;15;6;3;6;4;0;0;1;1;0;0;0;466855,1462;5410603,972;8,548222494;48,84752045;0
8960;8,20023E+18;8;2;31;0;2020;2;20;6;3;5;2;2;0;1;0;0;0;0;475784,06;5415007,857;8,669663964;48,88754902;0
8961;8,20023E+18;8;2;26;97;2020;2;17;6;3;4;6;0;0;1;0;0;0;0;486103,6115;5467463,645;8,808627416;49,35972573;0
8962;8,20023E+18;8;2;26;3;2020;2;12;6;3;2;6;0;0;1;0;0;0;0;465231,7659;5458688,117;8,521965103;49,27995842;0
8963;8,20023E+18;8;2;26;85;2020;2;13;6;3;1;6;0;0;1;0;0;0;0;489845,7724;5454982,601;8,860479315;49,24753113;0
8964;8,20031E+18;8;1;18;78;2020;3;0;5;2;4;6;2;0;1;0;0;0;0;514919,7474;5421156,802;9,203750144;48,94315657;0
8965;8,20023E+18;8;2;16;39;2020;2;16;6;3;1;5;0;0;1;0;0;0;0;445286,188;5413211,761;8,253901388;48,86945098;0
8966;8,20023E+18;8;2;15;99;2020;2;21;6;3;3;6;2;1;0;0;0;0;1;461875,204;5443068,912;8,477300293;49,1392649;0
8967;8,20023E+18;8;2;12;0;2020;2;11;6;3;0;2;0;1;0;0;0;0;1;457033,8659;5428290,947;8,412497518;49,00601714;0
8968;8,20031E+18;8;1;15;28;2020;3;16;5;3;2;6;0;0;1;0;0;0;0;502124,879;5401963,844;9,028918681;48,7706761;1
8969;8,20023E+18;8;2;15;46;2020;2;21;6;3;3;6;2;0;1;0;0;0;0;452922,8617;5419569,328;8,357297825;48,92726539;0
8970;8,20023E+18;8;2;15;21;2020;2;15;6;2;2;6;0;0;0;0;0;1;0;468983,3359;5446622,207;8,574477574;49,17162727;0
8971;8,20023E+18;8;2;12;0;2020;2;15;6;3;2;6;0;0;1;0;0;0;0;455227,052;5429041,531;8,387710499;49,01264027;0
8972;8,20031E+18;8;1;18;48;2020;3;12;5;2;6;4;0;0;1;1;0;0;0;514766,553;5415177,104;9,201441667;48,88936873;1
8973;8,20031E+18;8;2;15;9;2020;3;7;6;3;2;6;0;0;1;0;0;0;0;476480,9237;5439005,69;8,677780584;49,10344793;1
8974;8,20023E+18;8;1;35;15;2020;2;16;6;3;2;6;0;0;1;0;0;0;0;570863,8796;5387944,762;9,961949038;48,64054605;1
8975;8,20023E+18;8;1;27;12;2020;2;7;6;3;8;1;1;0;1;0;0;0;0;570892,6607;5431060,111;9,969796927;49,02834792;2
8976;8,2003E+18;8;3;16;14;2020;3;6;4;2;2;7;0;0;1;0;0;0;0;425335,819;5330235,645;7,996725558;48,12099901;0
8977;8,20023E+18;8;1;26;94;2020;2;13;6;3;8;1;0;0;1;0;0;0;0;537285,8583;5457382,013;9,512527037;49,26806185;1
8978;8,20023E+18;8;1;25;58;2020;2;10;6;3;5;3;0;0;1;0;0;1;0;506753,4277;5443637,663;9,092602534;49,14552703;1
8979;8,20023E+18;8;1;18;21;2020;2;15;6;3;2;6;0;0;1;0;0;0;0;524780,2589;5425675,116;9,338682449;48,98348469;0
8980;8,20023E+18;8;1;18;46;2020;2;11;6;3;2;6;0;0;1;0;0;0;0;514365,6269;5411827,152;9,195854695;48,85924278;0
8981;8,20023E+18;8;1;18;40;2020;2;11;6;3;2;6;0;0;1;0;0;0;0;510865,8692;5433281,963;9,148713315;49,05231405;0
8982;8,20031E+18;8;1;17;26;2020;3;17;5;3;2;6;0;0;1;0;0;0;0;548891,8063;5393996,977;9,664427854;48,69709366;1
8983;8,20031E+18;8;1;11;0;2020;3;13;6;3;3;6;0;0;1;0;1;0;0;511177,5792;5409090,676;9,152315748;48,83469156;1
8984;8,20023E+18;8;1;15;37;2020;2;15;6;3;2;6;0;0;1;0;0;0;0;493576,0311;5385796,3;8,91282412;48,62520205;0
8985;8,20023E+18;8;1;15;28;2020;2;18;6;3;2;6;2;0;1;0;0;0;0;499701,1996;5403538,079;8,995932312;48,78484142;0
8986;8,20023E+18;8;1;15;45;2020;2;10;6;3;2;6;0;0;1;0;0;0;0;499775,8859;5393375,914;8,996954574;48,69342235;1
8987;8,20023E+18;8;1;15;28;2020;2;17;6;3;2;6;1;0;1;0;0;0;0;502327,532;5401313,481;9,03167302;48,76482472;0
8988;8,20031E+18;8;1;11;0;2020;3;9;6;3;6;4;0;0;1;1;0;0;0;515882,4289;5405560,544;9,216291181;48,80283254;0
8989;8,20023E+18;8;1;15;28;2020;2;13;6;3;2;6;0;0;1;0;0;0;0;502327,1165;5401314,891;9,031667374;48,76483741;0
8990;8,20023E+18;8;1;15;28;2020;2;18;6;3;2;6;0;0;1;0;0;0;0;502268,9062;5401507,387;9,030876311;48,76656931;0
8991;8,20031E+18;8;1;35;16;2020;3;18;6;3;0;7;2;0;0;0;0;0;1;586442,4978;5381489,759;10,17203594;48,5805275;1
8992;8,20023E+18;8;1;18;79;2020;2;17;6;2;4;6;0;1;0;0;0;0;0;510218,6151;5421755,966;9,139564843;48,94864199;0
8993;8,20023E+18;8;4;25;79;2020;2;21;6;3;2;6;2;0;1;0;0;0;0;553247,5606;5375145,561;9,72119755;48,52715901;0
8994;8,20023E+18;8;4;25;31;2020;2;8;6;3;2;6;0;0;0;0;0;1;0;570993,1145;5367454,036;9,960209397;48,45621617;1
8995;8,20023E+18;8;1;17;30;2020;2;17;6;2;9;1;0;0;1;0;0;0;0;546067,744;5390416,891;9,62565299;48,66510364;0
8996;8,20023E+18;8;1;16;70;2020;2;6;6;3;8;1;0;0;1;0;0;1;0;543813,5786;5385179,461;9,594486646;48,61815152;1
8997;8,20023E+18;8;4;25;84;2020;2;2;6;3;8;1;2;0;0;0;0;1;0;560643,2407;5373998,466;9,821189499;48,51616934;2
8998;8,20023E+18;8;1;17;31;2020;2;13;6;3;5;3;0;0;1;0;0;0;0;548089,752;5377349,783;9,651598355;48,54740408;0
8999;8,20031E+18;8;1;16;49;2020;3;6;5;3;5;3;2;0;1;0;0;0;0;524479,4392;5386133,75;9,332213197;48,62779169;0
9000;8,20031E+18;8;1;11;0;2020;3;15;6;3;5;3;0;0;1;0;0;0;0;509794,1331;5402960,782;9,133317467;48,77957104;1
9001;8,20023E+18;8;1;15;45;2020;2;10;6;2;4;2;0;0;1;0;0;0;0;503136,0195;5394622,037;9,042623986;48,70462475;1
9002;8,20023E+18;8;1;15;45;2020;2;11;6;3;5;3;0;1;1;0;0;0;0;500098,522;5395264,213;9,00133924;48,71040968;0
9003;8,20023E+18;8;1;15;3;2020;2;18;6;3;2;6;2;0;1;0;0;0;0;504286,524;5390860,942;9,058222327;48,6707827;0
9004;8,20023E+18;8;1;11;0;2020;2;16;6;2;6;4;0;0;1;1;0;0;0;518444,0479;5400475,564;9,250947535;48,75701796;0
9005;8,20023E+18;8;1;11;0;2020;2;19;6;3;2;6;2;0;1;0;0;0;1;509778,3467;5403720,262;9,133120651;48,78640352;0
9006;8,20023E+18;8;1;11;0;2020;2;12;6;3;5;3;0;0;1;0;0;0;0;511494,949;5401918,484;9,156439706;48,7701655;0
9007;8,20023E+18;8;1;11;0;2020;2;14;6;3;5;2;0;0;1;0;0;0;0;510264,3611;5397200,332;9,139574559;48,7277426;0
9008;8,20023E+18;8;4;37;78;2020;2;21;5;2;8;1;2;0;1;0;0;0;0;505899,3286;5313511,455;9,079045878;47,97488167;1
9009;8,20031E+18;8;1;16;53;2020;3;21;5;3;8;1;2;0;1;0;0;0;0;540732,6573;5388898,626;9,553050696;48,65181646;1
9010;8,20023E+18;8;4;36;81;2020;2;18;5;2;6;4;2;0;1;1;0;0;0;563738,6467;5284083,83;9,849659829;47,70699012;1
9011;8,20023E+18;8;4;36;55;2020;2;12;5;3;5;3;0;0;1;0;0;1;0;574204,7117;5296536,773;9,991282583;47,81790176;0
9012;8,20031E+18;8;1;16;77;2020;3;19;5;3;0;7;2;1;0;0;0;0;0;514165,95;5391712,808;9,192439717;48,67830018;1
9013;8,20023E+18;8;4;36;94;2020;2;8;5;3;9;7;0;0;1;0;0;0;0;570928,1535;5288558,069;9,946214619;47,74649254;1
9014;8,20023E+18;8;4;36;79;2020;2;15;5;3;4;1;0;0;1;0;0;1;0;553629,5975;5291688,113;9,715851649;47,77632364;2
9015;8,20031E+18;8;1;16;56;2020;3;6;5;3;2;6;0;0;1;0;0;0;0;530026,795;5395541,843;9,408178192;48,71218427;1
9016;8,20023E+18;8;4;36;69;2020;2;15;5;3;4;1;0;0;1;0;0;0;0;554965,4518;5294424,801;9,734027847;47,80083244;2
9017;8,20023E+18;8;4;36;13;2020;2;16;5;3;3;1;0;0;1;0;0;0;0;545780,6462;5296378,167;9,61158499;47,8191256;2
9018;8,20023E+18;8;4;21;0;2020;2;15;5;3;4;1;0;0;1;0;0;0;0;565065,805;5358819,12;9,878710783;48,37918196;2
9019;8,20031E+18;8;1;16;19;2020;3;13;5;3;9;1;0;0;1;0;0;0;0;523053,1802;5401809,383;9,313732686;48,76886319;1
9020;8,20031E+18;8;3;11;0;2020;3;22;6;3;5;3;2;1;1;0;0;0;0;415041,141;5319873,848;7,860481107;48,02650097;1
9021;8,20023E+18;8;4;17;2;2020;2;22;5;3;8;1;2;0;1;0;0;0;0;485626,1989;5343404,525;8,806396503;48,24369429;2
9022;8,20023E+18;8;4;17;63;2020;2;15;5;3;4;1;0;0;1;0;0;0;0;507398,8238;5335153,353;9,09951249;48,16957954;2
9023;8,20023E+18;8;4;17;44;2020;2;10;5;3;6;7;0;0;1;1;0;0;0;497462,4002;5336678,598;8,96586073;48,18334004;2
9024;8,20023E+18;8;4;15;61;2020;2;21;5;3;5;2;2;0;1;0;0;0;0;514577,3934;5371707,295;9,19732705;48,49831694;1
9025;8,20023E+18;8;3;37;66;2020;2;13;5;3;5;3;0;0;1;0;0;0;0;428366,967;5269085,564;8,047574911;47,57123071;2
9026;8,20023E+18;8;3;37;66;2020;2;18;5;3;0;7;2;0;1;0;0;0;0;428342,7575;5269108,721;8,047249291;47,57143638;1
9027;8,20023E+18;8;3;37;22;2020;2;19;5;2;8;1;2;0;1;0;0;0;0;453916,4224;5296899,985;8,384312871;47,82379874;2
9028;8,20031E+18;8;1;16;70;2020;3;7;5;3;3;6;0;1;0;0;0;0;1;539861,1406;5384573,067;9,540802149;48,61296084;0
9029;8,20023E+18;8;3;36;36;2020;2;16;5;3;1;6;0;0;1;0;0;0;0;413180,3434;5282746,011;7,842984241;47,69226504;1
9030;8,20023E+18;8;3;35;99;2020;2;18;5;3;4;6;1;1;1;0;0;0;0;495401,6594;5300601,328;8,93852397;47,85873588;2
9031;8,20023E+18;8;3;35;75;2020;2;17;5;2;5;3;1;0;1;0;0;0;0;488968,357;5287848,657;8,852840621;47,74391584;1
9032;8,20031E+18;8;1;16;19;2020;3;15;5;2;5;3;0;0;1;0;0;0;0;520431,5502;5398944,288;9,277912962;48,7431807;1
9033;8,20031E+18;8;2;22;0;2020;3;15;6;2;2;6;0;0;1;0;0;0;0;464799,475;5478998,976;8,514224784;49,46262402;1
9034;8,20023E+18;8;3;27;10;2020;2;23;5;3;8;1;2;0;1;0;0;0;0;480364,6555;5329097,362;8,736189672;48,1148343;1
9035;8,20023E+18;8;3;27;49;2020;2;13;5;3;1;1;0;0;1;0;0;1;0;477988,9446;5323337,6;8,704568207;48,06293643;2
9036;8,20023E+18;8;3;27;19;2020;2;13;5;3;2;1;0;0;1;0;0;1;0;482623,294;5331177,072;8,766450485;48,13361093;2
9037;8,20031E+18;8;1;15;45;2020;3;18;5;3;6;4;2;0;1;1;0;0;0;495538,888;5393598,813;8,939376755;48,69541166;1
9038;8,20031E+18;8;2;37;28;2020;3;12;6;3;4;6;0;0;1;0;0;1;1;448529,8777;5368905,832;8,30364386;48,47117634;1
9039;8,20023E+18;8;3;27;36;2020;2;14;5;3;8;1;0;0;1;0;0;0;0;489593,7153;5322796,466;8,860339549;48,05836272;2
9040;8,20023E+18;8;3;27;36;2020;2;15;5;3;4;1;0;0;1;0;0;0;1;491373,3102;5322114,643;8,884236795;48,05225486;2
9041;8,20023E+18;8;3;26;37;2020;2;15;5;3;4;1;0;0;1;0;0;0;0;456396,3865;5330437,677;8,41403996;48,12570217;2
9042;8,20023E+18;8;3;27;49;2020;2;7;5;2;4;1;0;0;1;0;0;0;0;472395,362;5322376,938;8,629554763;48,05407589;1
9043;8,20023E+18;8;3;25;69;2020;2;14;5;3;4;1;0;0;1;0;0;1;0;466222,7407;5334933,621;8,545728089;48,16674808;2
9044;8,20023E+18;8;3;25;69;2020;2;19;5;2;0;7;2;0;1;0;0;0;0;462175,2804;5335611,289;8,491235416;48,17261676;2
9045;8,20023E+18;8;3;25;49;2020;2;8;5;3;0;7;0;0;0;0;0;0;1;472283,7255;5335014,032;8,627235323;48,16776475;1
9046;8,20031E+18;8;1;15;21;2020;3;15;5;2;5;3;0;0;1;0;0;0;1;489688,809;5382972,267;8,860143245;48,59974448;1
9047;8,20023E+18;8;3;25;69;2020;2;19;5;3;2;6;2;0;1;0;0;0;0;468220,603;5336168,275;8,572504312;48,17795889;1
9048;8,20023E+18;8;3;25;72;2020;2;20;5;3;3;6;2;0;1;0;0;1;0;469546,0798;5326894,286;8,590997325;48,09458812;2
9049;8,20031E+18;8;1;11;0;2020;3;18;5;3;2;6;2;0;1;0;0;0;0;513416,3107;5402586,848;9,182610019;48,77613959;1
9050;8,20031E+18;8;2;12;0;2020;3;21;6;3;5;1;2;0;1;0;0;0;0;458758,4755;5426473,804;8,436262445;48,98978926;1
9051;8,20023E+18;8;3;17;40;2020;2;16;5;3;2;6;0;0;1;0;0;0;0;433085,4759;5347593,551;8,098107971;48,27800838;1
9052;8,20023E+18;8;3;17;89;2020;2;8;5;3;5;3;0;0;1;0;0;0;0;432814,6433;5375116,765;8,090052515;48,5255627;0
9053;8,20023E+18;8;3;17;96;2020;2;23;5;3;4;1;2;0;1;0;0;0;1;423743,0021;5374806,222;7,967264042;48,52173279;0
9054;8,20023E+18;8;3;15;6;2020;2;14;5;3;4;1;0;0;1;0;0;0;0;401997,0723;5305448,057;7,688858722;47,89487433;1
9055;8,20023E+18;8;3;15;59;2020;2;13;5;3;9;1;0;0;1;0;0;0;0;400521,3232;5322395,88;7,665197474;48,04708943;1
9056;8,20023E+18;8;3;16;43;2020;2;6;5;3;2;6;1;0;1;0;0;0;0;409758,186;5329838,762;7,787534862;48,1154114;0
9057;8,20023E+18;8;3;36;50;2020;2;15;5;3;1;6;0;0;1;0;0;1;0;399459,7335;5274828,139;7,662003446;47,61905251;1
9058;8,20023E+18;8;3;36;84;2020;2;10;5;3;6;7;0;0;1;1;0;0;0;405312,8668;5277458,616;7,739308256;47,64359716;0
9059;8,20023E+18;8;2;37;45;2020;2;13;5;3;8;1;0;0;1;0;0;0;0;461333,2932;5359645,655;8,477711122;48,3887882;1
9060;8,20023E+18;8;2;35;50;2020;2;13;5;3;4;6;0;0;1;0;0;0;0;468150,4571;5392928,177;8,567246062;48,68858174;2
9061;8,20023E+18;8;2;31;0;2020;2;9;5;3;3;6;0;0;1;0;0;0;0;480984,0314;5418906,283;8,740415709;48,92279936;0
9062;8,20031E+18;8;1;11;0;2020;3;14;5;3;5;3;0;0;1;0;1;0;0;511311,5011;5406358,302;9,154065324;48,81010908;1
9063;8,20031E+18;8;1;11;0;2020;3;14;6;3;2;6;0;0;1;0;0;0;0;517520,4161;5404055,106;9,238533323;48,78924582;1
9064;8,20023E+18;8;2;37;30;2020;2;13;5;3;4;1;0;0;1;0;0;0;0;464971,2641;5366516,993;8,526274996;48,45081684;2
9065;8,20023E+18;8;2;36;62;2020;2;6;5;3;8;1;1;0;1;0;0;0;0;486911,9833;5407900,03;8,821689043;48,82394337;1
9066;8,20023E+18;8;2;26;41;2020;2;8;5;3;0;4;0;0;0;1;1;0;0;477618,9146;5465852,911;8,691873297;49,3449848;0
9067;8,20031E+18;8;1;35;16;2020;3;21;6;2;2;6;2;0;0;0;0;1;1;587079,8964;5382189,202;10,1808228;48,58673027;1
9068;8,2003E+18;8;3;15;113;2020;3;9;4;3;6;6;0;0;1;1;0;0;0;441166,8769;5306908,105;8,212628199;47,91279741;0