OBJECTID;UIDENTSTLAE;ULAND;UREGBEZ;UKREIS;UGEMEINDE;UJAHR;UMONAT;USTUNDE;UWOCHENTAG;UKATEGORIE;UART;UTYP1;ULICHTVERH;IstRad;IstPKW;IstFuss;IstKrad;IstGkfz;IstSonstige;LINREFX;LINREFY;XGCSWGS84;YGCSWGS84;STRZUSTAND
9069;8,20023E+18;8;2;26;96;2020;2;14;5;3;4;6;0;0;1;0;0;0;0;475699,5584;5490429,995;8,663941355;49,56597605;1
9070;8,20023E+18;8;2;26;6;2020;2;16;5;3;2;6;0;0;1;0;0;0;0;484387,17;5467172,108;8,785001228;49,3570618;1
9071;8,2003E+18;8;3;15;74;2020;3;12;4;3;5;2;0;1;1;0;0;0;0;397246,2259;5296293,075;7,627492654;47,8117836;0
9072;8,20023E+18;8;2;25;39;2020;2;16;5;3;2;6;0;0;1;0;0;1;0;529239,3683;5493413,951;9,404580848;49,59259672;2
9073;8,20023E+18;8;2;25;58;2020;2;17;5;3;8;1;1;0;1;0;0;0;0;508099,5495;5469574,867;9,111585243;49,3788208;2
9074;8,20023E+18;8;2;12;0;2020;2;6;5;3;2;1;0;0;1;0;0;0;0;453535,8464;5428241,444;8,364675566;49,00531842;0
9075;8,20023E+18;8;1;36;18;2020;2;18;5;3;4;1;2;0;1;0;0;0;0;589747,6504;5431482,519;10,22776725;49,02969125;2
9076;8,20023E+18;8;1;36;82;2020;2;11;5;3;2;6;0;0;1;0;0;0;0;584308,7273;5415668,783;10,1501028;48,88823228;0
9077;8,2003E+18;8;4;25;141;2020;3;5;4;2;6;4;2;0;1;1;0;0;0;565198,6798;5362850,661;9,881131111;48,41543396;0
9078;8,20031E+18;8;3;17;26;2020;3;10;6;2;5;3;0;1;1;0;0;0;0;411678,4835;5346735,8;7,809814804;48,26766865;1
9079;8,20023E+18;8;1;17;6;2020;2;10;5;3;2;6;0;0;1;0;0;0;0;551375,809;5381721,453;9,696659859;48,58646943;0
9080;8,20031E+18;8;1;27;14;2020;3;17;6;3;2;6;0;0;1;0;0;0;0;577530,0381;5443659,457;10,06299549;49,14086695;1
9081;8,2003E+18;8;3;15;73;2020;3;11;4;3;2;6;0;1;1;0;0;0;0;412570,147;5313915,608;7,828559872;47,97257132;0
9082;8,20031E+18;8;3;25;53;2020;3;5;6;3;5;3;2;0;1;0;0;0;0;459922,371;5345393,908;8,460009128;48,26048747;1
9083;8,20031E+18;8;3;25;53;2020;3;18;6;3;0;1;2;0;0;0;1;0;0;456939,55;5341816,55;8,42018565;48,22810859;0
9084;8,20032E+18;8;3;26;55;2020;3;15;2;1;0;1;0;0;0;0;1;0;0;439038,9715;5333118,645;8,180422603;48,14839446;0
9085;8,20032E+18;8;1;28;61;2020;3;17;1;3;8;1;0;0;1;0;0;0;0;540605,3113;5495643,081;9,562073306;49,61198954;0
9086;8,20032E+18;8;3;17;1;2020;3;16;1;3;2;6;0;0;0;0;1;0;0;427640,315;5389502,902;8,017476826;48,65438992;0
9087;8,20031E+18;8;3;25;49;2020;3;15;6;3;2;1;0;0;1;0;0;0;0;466910,8962;5337765,175;8,554762297;48,19225874;0
9088;8,20031E+18;8;3;17;98;2020;3;13;6;3;4;6;0;0;1;0;0;1;0;441006,5266;5369838,638;8,201735974;48,47890666;0
9089;8,20032E+18;8;1;16;56;2020;3;18;2;3;0;7;0;1;0;1;0;0;0;529876,8523;5396337,181;9,406197552;48,7193462;0
9090;8,20031E+18;8;3;17;152;2020;3;21;6;2;2;6;2;0;1;0;0;0;0;408801,9435;5346553,643;7,771100111;48,26562252;0
9091;8,20031E+18;8;3;16;11;2020;3;15;6;3;0;1;0;1;0;0;0;0;0;416729,4892;5329518,38;7,881242724;48,1134794;0
9092;8,20031E+18;8;3;15;64;2020;3;7;6;3;6;4;0;1;0;1;0;0;0;421995,2577;5312901,924;7,955004353;47,9646709;0
9093;8,20031E+18;8;3;11;0;2020;3;16;6;3;2;6;0;0;1;0;0;1;0;409023,0026;5319377,825;7,779885896;48,0212103;0
9094;8,20032E+18;8;1;27;62;2020;3;12;1;3;9;1;0;0;0;0;1;0;0;550681,2155;5431625,685;9,693404676;49,03542753;0
9095;8,20031E+18;8;2;36;40;2020;3;19;6;3;2;6;2;0;1;0;0;0;1;491775,7295;5423532,857;8,887637764;48,96465605;0
9096;8,20031E+18;8;2;36;33;2020;3;9;6;3;5;3;0;0;1;0;0;0;0;481794,32;5429211,961;8,751015563;49,01552928;0
9097;8,20032E+18;8;1;27;62;2020;3;14;1;3;0;1;0;0;0;0;1;0;0;549766,022;5430103,515;9,68069741;49,02181026;0
9098;8,20031E+18;8;2;37;28;2020;3;15;6;2;4;6;0;1;0;1;0;0;0;457677,6826;5368192,638;8,427472555;48,4654427;0
9099;8,20031E+18;8;2;26;41;2020;3;13;6;3;2;3;0;0;1;0;1;0;0;475644,6293;5464312,573;8,664787338;49,3310539;0
9100;8,20031E+18;8;2;25;32;2020;3;6;6;3;8;1;1;0;1;0;0;0;1;534415,1931;5491143,005;9,475996821;49,57189846;1
9101;8,20032E+18;8;2;25;117;2020;3;12;2;3;8;1;0;0;1;0;0;0;0;515098,6772;5472605,675;9,208124913;49,40594947;0
9102;8,20032E+18;8;1;25;27;2020;3;18;1;2;5;3;0;0;1;0;0;0;0;519330,733;5446032,3;9,26517533;49,16680035;0
9103;8,20031E+18;8;2;26;104;2020;3;16;6;2;5;2;0;0;1;0;0;0;0;491165,7931;5468583,44;8,878315626;49,36989269;0
9104;8,20031E+18;8;2;12;0;2020;3;16;6;3;2;6;0;0;1;0;0;0;0;459194,4022;5427324,783;8,442135438;48,99747295;0
9105;8,20031E+18;8;2;15;9;2020;3;13;6;3;5;3;0;0;1;0;0;0;1;470720,6923;5441127,964;8,598711315;49,12229101;0
9106;8,20031E+18;8;2;15;9;2020;3;14;6;3;2;6;0;0;1;0;0;0;0;471628,8274;5440450,812;8,611205105;49,11624247;0
9107;8,20031E+18;8;2;11;0;2020;3;13;6;3;1;6;0;0;1;0;0;0;0;441924,2662;5403486,386;8,209438667;48,78166519;0
9108;8,20031E+18;8;1;16;7;2020;3;16;6;3;2;6;0;0;1;0;0;0;0;533819,8503;5402655,903;9,460322671;48,77598622;0
9109;8,20031E+18;8;1;27;73;2020;3;10;6;3;2;6;0;0;1;0;0;0;0;578443,1328;5445109,066;10,07579466;49,15378852;0
9110;8,20031E+18;8;1;27;100;2020;3;13;6;3;2;3;0;0;1;0;0;0;0;552349,8178;5437461,514;9,716986884;49,08778031;0
9111;8,20031E+18;8;1;27;52;2020;3;16;6;3;2;6;0;0;1;0;0;0;0;542961,0628;5436615,965;9,588315844;49,08090165;0
9112;8,20031E+18;8;1;26;20;2020;3;15;6;3;2;6;0;0;1;0;0;0;0;550851,7434;5470348,146;9,70064238;49,38370729;0
9113;8,20031E+18;8;1;25;65;2020;3;13;6;3;2;6;0;0;1;0;0;0;0;516919,0786;5447762,635;9,232165798;49,18243641;0
9114;8,20031E+18;8;1;25;27;2020;3;8;6;3;2;6;0;0;1;0;0;0;0;519165,5125;5446021,543;9,262908379;49,16670878;0
9115;8,20032E+18;8;1;25;108;2020;3;17;1;2;9;1;0;0;0;0;1;0;0;491324,0434;5433846,1;8,881246276;49,05742347;0
9116;8,20031E+18;8;1;25;98;2020;3;20;6;3;0;6;2;0;1;0;0;0;1;520689,2575;5436969,44;9,283346189;49,08523284;0
9117;8,20031E+18;8;1;25;5;2020;3;22;6;2;0;2;2;0;1;0;1;0;0;519327,2093;5453916,928;9,265506417;49,23772429;0
9118;8,20031E+18;8;1;19;89;2020;3;8;6;3;0;1;0;1;0;0;0;0;0;536253,7025;5410163,369;9,494111775;48,84338317;0
9119;8,20032E+18;8;2;15;21;2020;3;12;2;2;2;6;0;0;0;0;0;1;0;469173,1242;5447136,593;8,577041815;49,17626378;0
9120;8,20032E+18;8;1;25;38;2020;3;12;1;2;5;3;0;0;1;0;1;0;0;499876,4128;5434850,506;8,998308069;49,06651971;0
9121;8,20031E+18;8;1;19;93;2020;3;12;6;3;1;6;0;0;1;0;1;0;0;523497,4846;5406218,469;9,320031296;48,80850986;0
9122;8,20031E+18;8;1;18;48;2020;3;6;6;3;0;7;2;0;0;0;1;0;0;511622,2134;5418469,607;9,158641279;48,91905416;1
9123;8,20031E+18;8;1;15;45;2020;3;14;6;3;9;1;0;0;1;0;0;0;0;499874,8716;5393397,827;8,998299657;48,69361951;0
9124;8,20031E+18;8;1;18;78;2020;3;9;6;3;3;6;0;0;1;0;0;1;0;512108,755;5419269,192;9,1653062;48,92623765;0
9125;8,20031E+18;8;1;15;3;2020;3;16;6;3;8;1;0;0;1;0;0;0;0;497601,3931;5391966,605;8,967414158;48,68073949;0
9126;8,20031E+18;8;1;18;51;2020;3;8;6;2;2;6;0;0;1;0;0;0;1;510928,7562;5415446,887;9,149094825;48,8918752;0
9127;8,20031E+18;8;1;17;38;2020;3;15;6;3;5;3;0;1;1;0;0;0;0;547348,7049;5397705,564;9,643884461;48,73057326;0
9128;8,20032E+18;8;1;19;20;2020;3;13;1;3;6;7;0;1;0;1;0;0;0;519763,232;5405794,826;9,269151728;48,80482882;0
9129;8,20032E+18;8;3;17;39;2020;3;12;1;2;8;1;0;0;0;0;1;0;0;438993,6715;5342881,192;8,178410835;48,2362136;0
9130;8,20031E+18;8;1;15;21;2020;3;18;6;3;5;3;1;0;1;0;0;0;0;490217,2107;5382507,885;8,867321188;48,59557528;0
9131;8,20031E+18;8;1;11;0;2020;3;15;6;3;5;3;0;0;1;0;0;0;0;507707,3914;5406008,063;9,104970026;48,80701352;0
9132;8,20032E+18;8;1;19;4;2020;3;17;2;3;4;6;0;0;1;0;1;0;0;541833,3425;5417574,272;9,570912694;48,90969596;0
9133;8,20032E+18;8;1;19;4;2020;3;16;1;3;4;1;0;0;1;0;1;0;0;541014,4579;5420788,544;9,560060916;48,9386641;0
9134;8,20032E+18;8;1;19;75;2020;3;17;1;3;8;1;0;0;0;0;1;0;0;537147,5796;5430191,734;9,508119318;49,02349283;0
9135;8,20031E+18;8;1;11;0;2020;3;17;6;2;6;4;0;0;1;1;0;0;0;509472,266;5402898,898;9,128934807;48,77901933;0
9136;8,20031E+18;8;1;11;0;2020;3;15;6;3;5;3;0;0;1;0;0;0;0;508070,4206;5397339,083;9,109744185;48,72902307;0
9137;8,20031E+18;8;4;35;16;2020;3;8;5;3;0;3;0;0;1;0;1;0;0;538943,667;5279556,184;9,518747904;47,66822476;0
9138;8,20032E+18;8;1;25;110;2020;3;9;2;3;4;2;0;0;1;0;0;0;0;525969,02;5442673,178;9,356019895;49,13633936;0
9139;8,20032E+18;8;1;19;44;2020;3;15;1;3;8;6;0;0;1;0;0;0;1;546686,5208;5422682,024;9,63772641;48,95529416;0
9140;8,20031E+18;8;4;26;11;2020;3;7;5;3;5;3;0;0;1;0;0;1;0;552080,0898;5331995,737;9,700052186;48,13908178;0
9141;8,20031E+18;8;4;17;31;2020;3;13;5;3;2;6;0;0;1;0;0;0;0;497082,2965;5356938,486;8,960607193;48,36561162;0
9142;8,20031E+18;8;4;17;51;2020;3;19;5;3;5;3;2;0;1;0;0;0;0;492392,3757;5358594,102;8,89725725;48,38046741;1
9143;8,20031E+18;8;4;15;59;2020;3;12;5;3;2;2;0;0;1;0;0;0;0;511912,8041;5366147,641;9,161099555;48,44835621;0
9144;8,20031E+18;8;3;35;75;2020;3;18;5;3;5;3;1;1;1;0;0;0;0;488608,4403;5290088,784;8,847980746;47,76406522;0
9145;8,20031E+18;8;3;11;0;2020;3;21;5;3;2;6;2;0;1;0;0;0;0;409358,721;5319613,085;7,784337482;48,02337422;1
9146;8,20031E+18;8;2;36;33;2020;3;19;5;3;9;1;2;0;1;0;0;0;0;481628,8537;5429916,254;8,748720746;49,02185984;1
9147;8,20032E+18;8;1;18;73;2020;3;16;1;2;4;6;0;1;0;0;0;0;0;497410,0236;5424069,489;8,964611585;48,9695327;0
9148;8,20032E+18;8;3;16;20;2020;3;15;1;3;2;6;0;0;1;0;1;0;0;404827,5168;5338940,054;7,719268317;48,19655683;0
9149;8,20031E+18;8;2;21;0;2020;3;8;5;3;2;6;0;0;1;0;0;0;0;474453,4023;5473413,137;8,647807989;49,41286353;0
9150;8,20031E+18;8;2;16;9;2020;3;7;5;3;5;3;0;1;1;0;0;0;0;446415,7;5420914,552;8,268291649;48,93883647;0
9151;8,20032E+18;8;1;17;53;2020;3;11;2;3;2;6;0;0;1;0;0;1;0;550418,7575;5400954,028;9,686028021;48,75955356;0
9152;8,20031E+18;8;2;15;59;2020;3;16;5;3;2;6;0;0;1;0;0;0;0;484321,7413;5436069,691;8,785315391;49,07728726;1
9153;8,20031E+18;8;2;15;96;2020;3;13;5;3;5;3;0;0;1;0;0;0;0;463102,4496;5411643,817;8,496980007;48,85666261;1
9154;8,20031E+18;8;1;36;42;2020;3;13;5;3;7;7;0;0;1;0;0;1;0;545787,4785;5403712,96;9,623323282;48,78472925;0
9155;8,20032E+18;8;1;18;81;2020;3;15;1;3;0;1;0;0;0;0;1;0;0;519687,8211;5415244,179;9,268578946;48,8898353;0
9156;8,20031E+18;8;1;36;19;2020;3;19;5;3;2;2;2;0;1;0;0;0;0;582103,8164;5424805,63;10,12187024;48,97070515;1
9157;8,20031E+18;8;1;36;50;2020;3;8;5;3;5;3;0;0;1;0;1;0;0;581187,6672;5403990,914;10,10522188;48,783616;0
9158;8,20031E+18;8;1;25;6;2020;3;9;5;3;3;6;0;0;1;0;0;0;0;500300,8725;5451565,711;9,004131478;49,21687951;0
9159;8,20031E+18;8;1;18;21;2020;3;5;5;3;3;1;2;0;1;0;0;0;0;518113,6196;5429631,863;9,247744159;49,01930922;0
9160;8,20031E+18;8;1;19;91;2020;3;20;5;3;2;6;2;0;1;0;0;0;0;528149,9308;5406973,147;9,38344714;48,81510539;1
9161;8,20031E+18;8;1;19;91;2020;3;19;5;3;3;6;2;0;1;0;0;0;0;528766,5058;5407117,011;9,391855762;48,8163713;1
9162;8,20031E+18;8;1;19;79;2020;3;13;5;3;3;6;0;0;1;0;0;1;0;523076,1626;5407123,549;9,314343957;48,81666754;0
9163;8,20031E+18;8;1;18;70;2020;3;17;5;3;5;3;0;1;1;0;0;0;0;520172,329;5423853,945;9,27561441;48,96726994;1
9164;8,20031E+18;8;1;18;54;2020;3;18;5;3;2;6;2;0;1;0;0;0;0;517511,8651;5422716,553;9,239215926;48,95711954;1
9165;8,20032E+18;8;3;17;65;2020;3;12;2;3;2;2;0;0;1;0;0;0;0;420210,1288;5353720,235;7,923441324;48,33162689;0
9166;8,20032E+18;8;1;16;33;2020;3;13;1;2;2;1;0;0;1;0;0;0;0;535390,8732;5386398,433;9,48031149;48,62965045;0
9167;8,20032E+18;8;2;35;85;2020;3;13;1;3;1;6;0;0;0;0;1;0;0;480272,4218;5398243,279;8,731696023;48,73689717;0
9168;8,20031E+18;8;1;18;48;2020;3;9;5;3;3;3;0;1;1;0;0;0;0;514461,588;5416659,524;9,197333918;48,90271137;0
9169;8,20031E+18;8;1;18;48;2020;3;19;5;3;5;3;2;0;1;0;0;0;0;512394,5546;5415269,987;9,16908643;48,89025626;1
9170;8,20032E+18;8;1;11;0;2020;3;10;2;3;0;7;0;1;0;0;0;0;0;507204,372;5407365,404;9,098143046;48,81923004;0
9171;8,20031E+18;8;1;17;24;2020;3;21;5;3;4;6;2;0;1;0;0;0;0;562176,8924;5383999,382;9,843449316;48,60598087;1
9172;8,20031E+18;8;1;16;49;2020;3;15;5;3;5;3;0;0;1;0;0;0;0;525652,9924;5384614,214;9,348045324;48,61407484;1
9173;8,20031E+18;8;1;16;19;2020;3;16;5;3;2;6;0;0;1;0;0;0;1;523646,1709;5399896,696;9,32169272;48,75163469;0
9174;8,20031E+18;8;1;11;0;2020;3;12;5;2;8;1;0;0;1;0;0;0;0;512202,6425;5397095,053;9,165928045;48,72676057;0
9175;8,20032E+18;8;4;25;71;2020;3;17;1;2;2;2;0;0;0;0;1;0;1;545491,31;5370573,901;9,615653567;48,48664311;0
9176;8,20031E+18;8;4;36;94;2020;3;7;4;3;8;1;0;0;1;0;0;0;0;572891,5072;5284509,57;9,971725078;47,70985204;1
9177;8,20031E+18;8;4;36;64;2020;3;5;4;3;9;1;2;0;1;0;0;0;0;547040,1753;5291623,177;9,627894381;47,77625425;1
9178;8,20032E+18;8;1;11;0;2020;3;14;1;3;2;6;0;0;1;0;0;0;0;510227,0883;5400091,289;9,13913949;48,75375025;0
9179;8,20031E+18;8;4;36;10;2020;3;16;4;3;0;2;0;0;1;0;0;0;0;564675,6454;5299211,406;9,864401692;47,84299249;0
9180;8,20031E+18;8;4;35;52;2020;3;14;4;3;4;2;0;0;1;0;1;0;0;521858,8938;5291771,096;9,291788043;47,7789317;0
9181;8,20031E+18;8;4;35;57;2020;3;12;4;3;2;6;0;0;1;0;0;0;0;544547,3664;5279854,904;9,593418402;47,67055067;0
9182;8,20032E+18;8;2;15;7;2020;3;10;2;2;2;6;0;0;1;0;0;0;0;477378,487;5431783,855;8,690481138;49,03851849;0
9183;8,20031E+18;8;4;37;44;2020;3;16;7;3;8;1;0;0;1;0;0;0;0;533197,3723;5324360,8;9,445649788;48,07165786;0
9184;8,20031E+18;8;4;26;21;2020;3;18;4;3;5;3;0;0;1;0;0;0;0;558267,3767;5327273,786;9,782567662;48,09606572;0
9185;8,20031E+18;8;4;35;16;2020;3;15;7;3;3;6;0;0;1;0;1;0;0;535542,57;5278398,563;9,473351202;47,65800505;0
9186;8,20031E+18;8;4;26;21;2020;3;19;4;3;0;1;2;0;0;0;1;0;0;559670,3443;5325895,956;9,801215945;48,08354068;0
9187;8,20031E+18;8;4;25;104;2020;3;16;4;3;9;1;0;0;1;0;0;0;0;553060,66;5342685,032;9,714567356;48,23516371;0
9188;8,20031E+18;8;4;15;61;2020;3;12;4;3;1;6;0;0;1;0;0;0;0;515348,1576;5370728,658;9,207724472;48,48949442;0
9189;8,20032E+18;8;2;35;84;2020;3;16;2;3;4;6;0;0;1;0;1;0;0;475379,5119;5395830,955;8,665295349;48,715022;0
9190;8,20031E+18;8;4;26;21;2020;3;9;7;3;9;1;0;0;0;0;1;0;0;559491,4671;5328234,245;9,79914024;48,10459303;0
9191;8,20031E+18;8;3;36;81;2020;3;19;4;3;5;3;2;0;1;0;0;0;0;411070,7213;5277204,693;7,816004177;47,64212963;0
9192;8,20032E+18;8;4;17;25;2020;3;16;1;3;5;3;0;0;1;0;0;0;0;486139,8076;5355557,565;8,812915297;48,35304262;0
9193;8,20031E+18;8;3;36;81;2020;3;15;4;3;5;3;0;0;1;0;0;0;1;411071,5447;5277202,149;7,816015655;47,64210687;0
9194;8,20031E+18;8;3;36;105;2020;3;11;4;3;0;7;0;0;0;0;0;0;1;402621,812;5266789,369;7,705857078;47,54722245;0
9195;8,20031E+18;8;3;35;75;2020;3;20;4;3;5;3;2;0;1;0;1;0;0;488655,701;5290062,966;8,848612107;47,76383376;1
9196;8,20031E+18;8;3;35;43;2020;3;15;4;3;0;4;0;0;0;1;0;0;1;513467,9767;5279360,948;9,179397085;47,6675005;0
9197;8,20031E+18;8;3;35;43;2020;3;20;4;3;3;6;2;0;1;0;0;0;0;512499,8301;5279837,665;9,166514812;47,67180928;0
9198;8,20031E+18;8;3;35;43;2020;3;17;4;2;4;1;0;0;0;0;1;0;0;510260,599;5287099,309;9,136856204;47,73718626;0
9199;8,20031E+18;8;4;21;0;2020;3;5;7;3;4;6;2;0;1;0;0;0;0;569534,3256;5361743,182;9,939533938;48,40500825;0
9200;8,20031E+18;8;3;17;40;2020;3;15;4;3;5;3;0;0;1;0;0;1;0;431316,7683;5348299,63;8,074157265;48,28417055;0
9201;8,20031E+18;8;3;17;1;2020;3;10;4;3;2;6;0;0;1;0;0;1;0;431648,447;5387468,337;8,072228645;48,63654036;0
9202;8,20031E+18;8;3;11;0;2020;3;21;4;3;0;7;2;1;0;0;0;0;0;410576,1341;5320849,281;7,800403386;48,0346656;0
9203;8,20032E+18;8;3;17;1;2020;3;13;2;1;5;3;0;0;1;0;0;1;0;429071,4287;5387974,974;8,037167755;48,64081047;0
9204;8,20031E+18;8;4;16;26;2020;3;8;7;2;5;3;0;0;1;0;1;0;0;504243,527;5365010,457;9,057374759;48,438224;0
9205;8,20031E+18;8;2;31;0;2020;3;12;4;2;0;7;0;0;0;0;0;0;1;477647,7295;5415175,126;8,695077231;48,88912374;0
9206;8,20031E+18;8;2;37;40;2020;3;19;4;2;8;1;2;0;1;0;0;0;0;474255,4792;5371092,919;8,651549161;48,49243148;0
9207;8,20031E+18;8;2;26;59;2020;3;11;4;3;5;3;0;0;1;0;0;0;0;466023,7982;5459871,897;8,532753913;49,2906509;0
9208;8,20031E+18;8;2;26;95;2020;3;12;4;2;1;6;0;0;1;0;0;1;0;472634,5029;5459706,446;8,623674386;49,28949451;0
9209;8,20031E+18;8;2;25;9;2020;3;23;4;3;8;1;2;0;1;0;0;0;0;517723,2216;5463247,496;9,243885461;49,3217022;0
9210;8,20031E+18;8;2;22;0;2020;3;19;4;3;5;3;2;0;1;0;0;0;0;465524,0871;5480479,769;8,52409522;49,47598468;0
9211;8,20031E+18;8;2;16;39;2020;3;17;4;3;0;1;0;1;0;0;0;0;0;444141,3626;5413820,569;8,238208395;48,87482515;0
9212;8,20031E+18;8;2;15;21;2020;3;14;4;1;2;6;0;0;0;0;0;1;0;468982,4525;5446619,813;8,574465639;49,17160569;0
9213;8,20031E+18;8;2;15;103;2020;3;20;4;3;1;6;2;0;1;0;0;1;0;467771,1137;5443635,431;8,558086507;49,14469845;0
9214;8,20031E+18;8;2;16;49;2020;3;6;4;2;5;2;2;1;1;0;0;0;0;435022,838;5399101,31;8,116195759;48,74153916;1
9215;8,20031E+18;8;4;15;53;2020;3;13;7;3;2;2;0;0;1;0;0;0;0;543185,6811;5361445,478;9,583510742;48,40468631;0
9216;8,20031E+18;8;1;36;7;2020;3;20;4;3;5;3;2;0;1;0;0;0;0;572969,2999;5400523,241;9,992747264;48,75344402;0
9217;8,20031E+18;8;1;36;88;2020;3;11;4;3;5;3;0;0;1;0;0;0;0;575991,301;5413805,52;10,03631427;48,8725492;0
9218;8,20031E+18;8;1;28;139;2020;3;17;4;3;8;1;0;0;1;0;0;0;0;553671,1537;5487037,901;9,741747513;49,53357547;0
9219;8,20032E+18;8;1;25;79;2020;3;13;2;3;2;6;0;0;1;0;0;1;0;512462,385;5453757,143;9,171196887;49,23646524;0
9220;8,20031E+18;8;4;15;28;2020;3;17;7;3;8;1;0;0;1;0;0;0;0;532791,9482;5375572,933;9,444186902;48,53240592;0
9221;8,20031E+18;8;1;28;58;2020;3;16;4;3;2;6;0;0;1;0;0;0;0;559393,4758;5481994,137;9,820064437;49,48767844;0
9222;8,20031E+18;8;1;26;56;2020;3;19;4;3;9;1;2;0;1;0;0;0;0;558181,7123;5465634,689;9,800937105;49,34065755;0
9223;8,20031E+18;8;1;25;13;2020;3;7;4;3;5;3;1;0;1;0;1;0;0;505346,8984;5436736,832;9,073224894;49,08346494;0
9224;8,20031E+18;8;1;21;0;2020;3;8;4;3;3;6;0;0;1;0;0;1;0;516441,308;5446170,14;9,225544728;49,16812448;0
9225;8,20031E+18;8;1;19;89;2020;3;18;4;3;8;1;0;0;0;0;1;0;0;535456,7491;5410384,287;9,483269406;48,84541649;0
9226;8,20031E+18;8;1;19;91;2020;3;18;4;3;3;2;1;0;0;0;1;0;0;528447,9363;5404119,72;9,387308659;48,78942318;0
9227;8,20031E+18;8;1;18;67;2020;3;22;4;3;3;6;2;0;1;0;0;0;0;507164,595;5414268,961;9,097721957;48,88133379;0
9228;8,20032E+18;8;3;27;40;2020;3;7;2;3;8;1;0;0;0;0;0;1;0;488719,8955;5330460,373;8,848409721;48,12730012;0
9229;8,20031E+18;8;3;36;91;2020;3;21;7;3;5;3;2;0;1;0;0;0;0;396379,0359;5271484,353;7,621807769;47,58848904;0
9230;8,20032E+18;8;2;37;4;2020;3;14;1;3;1;5;0;0;0;0;1;0;1;455636,8793;5374823,277;8,399162118;48,52495071;0
9231;8,20031E+18;8;1;18;80;2020;3;19;4;3;5;3;2;0;1;0;1;0;0;507086,6023;5412701,992;9,09663102;48,86723855;0
9232;8,20031E+18;8;1;17;51;2020;3;9;4;3;2;7;0;0;1;0;0;0;0;544030,7206;5394574,792;9,598432453;48,70265347;0
9233;8,20031E+18;8;4;25;75;2020;3;12;4;2;2;6;0;0;1;0;0;0;1;565739,4511;5379235,661;9,891017026;48,5627663;0
9234;8,20031E+18;8;1;11;0;2020;3;15;4;3;2;6;0;0;1;0;0;0;0;511969,579;5399285,544;9,162822554;48,74647073;0
9235;8,20031E+18;8;3;35;43;2020;3;13;7;3;5;3;0;0;1;0;0;0;0;510920,9419;5280543,261;9,145499587;47,6781866;0
9236;8,20032E+18;8;2;26;32;2020;3;18;1;3;5;3;1;0;1;0;0;0;0;463777,773;5464353,564;8,501460782;49,33083354;0
9237;8,20031E+18;8;1;11;0;2020;3;6;4;3;2;6;1;0;1;0;0;1;0;517829,4615;5404211,179;9,242747583;48,79064105;0
9238;8,20031E+18;8;1;11;0;2020;3;11;4;3;5;3;0;1;1;0;0;0;0;516077,9393;5404969,947;9,218930551;48,79751459;0
9239;8,20032E+18;8;1;18;15;2020;3;19;2;3;8;1;2;0;1;0;0;0;0;507404,1822;5429976,991;9,101275422;49,02263535;0
9240;8,20031E+18;8;1;11;0;2020;3;16;4;3;2;6;0;0;1;0;0;0;0;514988,8939;5406126,501;9,204143529;48,807946;0
9241;8,20031E+18;8;4;37;65;2020;3;12;3;2;8;7;0;0;1;0;0;0;0;517850,338;5321076,873;9,239492987;48,04272664;1
9242;8,20031E+18;8;4;36;55;2020;3;10;3;3;6;2;0;0;1;1;0;0;0;576478,8472;5298009,525;10,02191732;47,83088435;1
9243;8,20032E+18;8;4;16;41;2020;3;16;1;3;2;6;0;0;1;0;0;0;0;503477,3994;5373371,282;9,047085858;48,51344632;0
9244;8,20031E+18;8;4;35;16;2020;3;9;3;3;2;2;0;0;1;0;0;0;0;533271,407;5278482,299;9,443111496;47,65887925;1
9245;8,20031E+18;8;4;35;52;2020;3;6;3;3;8;1;0;0;1;0;0;0;0;526836,8132;5291840,257;9,358239905;47,77936582;1
9246;8,20031E+18;8;4;26;134;2020;3;10;3;2;6;4;0;0;1;1;0;0;0;558750,8811;5335824,186;9,790240282;48,17294174;1
9247;8,20031E+18;8;4;21;0;2020;3;16;3;3;8;1;1;0;1;0;0;0;0;574785,6501;5362684,718;10,01064553;48,41287629;1
9248;8,20031E+18;8;4;16;15;2020;3;17;3;3;8;7;0;0;1;0;0;0;0;507235,9916;5368669,777;9,097897705;48,47111764;1
9249;8,20032E+18;8;3;16;17;2020;3;14;2;3;1;6;0;0;1;0;0;1;0;406954,1361;5341347,149;7,747351005;48,21852317;0
9250;8,20031E+18;8;3;27;50;2020;3;9;7;3;1;5;0;0;1;0;0;0;1;485732,8253;5314934,751;8,808785427;47,98755542;0
9251;8,20032E+18;8;2;25;60;2020;3;15;1;3;8;1;0;0;0;0;1;0;0;512615,666;5485794,265;9,174318852;49,52463535;0
9252;8,20031E+18;8;4;15;62;2020;3;7;3;3;2;6;0;0;1;0;0;0;0;519189,3087;5378481,921;9,260067596;48,55913931;1
9253;8,20031E+18;8;3;35;43;2020;3;13;3;3;5;2;0;0;1;0;0;0;1;513699,524;5279717,149;9,182492513;47,67070061;0
9254;8,20032E+18;8;4;36;6;2020;3;12;1;2;0;1;0;1;0;0;0;0;0;556874,2011;5281590,401;9,757837847;47,68519806;0