OBJECTID;UIDENTSTLAE;ULAND;UREGBEZ;UKREIS;UGEMEINDE;UJAHR;UMONAT;USTUNDE;UWOCHENTAG;UKATEGORIE;UART;UTYP1;ULICHTVERH;IstRad;IstPKW;IstFuss;IstKrad;IstGkfz;IstSonstige;LINREFX;LINREFY;XGCSWGS84;YGCSWGS84;STRZUSTAND
9255;8,20031E+18;8;3;27;49;2020;3;15;3;3;5;3;0;0;1;0;0;0;0;472229,9362;5324059,733;8,62722556;48,06920866;1
9256;8,20032E+18;8;4;15;59;2020;3;11;1;2;4;6;0;0;1;0;1;0;0;515055,976;5364402,137;9,203542386;48,43258554;0
9257;8,20031E+18;8;3;27;51;2020;3;15;3;3;5;3;0;0;1;0;0;0;0;484271,541;5332964,444;8,78853735;48,14973462;0
9258;8,20031E+18;8;3;26;65;2020;3;7;3;3;9;1;1;0;1;0;0;0;0;453741,1528;5324727,094;8,378979239;48,07413945;1
9259;8,20031E+18;8;3;25;49;2020;3;12;3;3;2;2;0;0;1;0;0;0;0;472706,9303;5332927,026;8,633060932;48,14900679;1
9260;8,20031E+18;8;3;17;89;2020;3;22;3;2;9;1;2;0;1;0;0;0;0;432697,921;5374504,526;8,088570677;48,52004297;1
9261;8,20032E+18;8;1;16;77;2020;3;17;2;3;2;3;0;0;1;0;0;0;0;514155,208;5391697,586;9,192293271;48,67816349;0
9262;8,20031E+18;8;3;16;9;2020;3;23;3;3;8;1;2;0;1;0;0;0;0;417353,05;5323525,52;7,890778629;48,05965269;1
9263;8,20032E+18;8;3;37;2;2020;3;1;1;2;8;1;2;0;1;0;0;0;0;433404,6087;5275042,154;8,113641602;47,6253572;0
9264;8,20031E+18;8;3;15;31;2020;3;8;3;3;4;1;0;0;1;0;0;0;1;444186,4479;5310728,296;8,252540784;47,94743583;2
9265;8,20031E+18;8;3;11;0;2020;3;8;3;3;5;2;0;0;1;0;0;0;0;410303,1926;5321431,301;7,796620862;48,03986267;1
9266;8,20031E+18;8;3;17;26;2020;3;10;7;3;2;6;0;0;1;0;0;0;0;410923,7649;5346150,151;7,799770186;48,26229516;0
9267;8,20031E+18;8;2;35;67;2020;3;6;3;3;5;2;1;0;1;0;0;0;0;486940,287;5399537,249;8,822340409;48,74871315;1
9268;8,20031E+18;8;2;36;4;2020;3;17;3;3;4;6;0;0;1;0;0;0;0;473452,6177;5412057,443;8,638052295;48,86091269;0
9269;8,20031E+18;8;3;16;20;2020;3;15;7;3;5;3;0;0;1;0;0;0;0;408228,44;5337686,454;7,765294093;48,18578165;0
9270;8,20031E+18;8;2;36;40;2020;3;19;3;3;5;3;2;0;1;0;0;0;0;488400,182;5421408,591;8,841580787;48,94549276;0
9271;8,20031E+18;8;2;36;44;2020;3;7;3;3;4;6;0;0;1;0;0;0;0;479480,1696;5407436,565;8,720462336;48,81957306;1
9272;8,20031E+18;8;2;26;98;2020;3;7;3;3;2;6;0;0;1;0;0;0;0;477700,8269;5458303,899;8,693422658;49,27708443;1
9273;8,20032E+18;8;2;36;65;2020;3;13;2;3;2;5;0;0;1;0;1;0;0;489241,2217;5415474,581;8,85322335;48,8921273;0
9274;8,20031E+18;8;3;15;15;2020;3;14;7;2;0;1;0;0;0;0;1;0;0;396331,3205;5323840,83;7,608642802;48,05941913;0
9275;8,20031E+18;8;2;26;85;2020;3;5;3;3;2;6;2;0;0;0;0;1;0;490107,5708;5454847,877;8,864079782;49,24632355;1
9276;8,20031E+18;8;2;25;116;2020;3;19;3;3;9;1;2;0;1;0;0;0;0;498743,239;5468803,839;8,982688372;49,37193793;1
9277;8,20032E+18;8;3;37;62;2020;3;14;1;3;3;2;0;0;1;0;0;0;0;455569,0739;5279222,935;8,408196901;47,6648727;0
9278;8,20031E+18;8;2;25;42;2020;3;12;3;3;4;1;0;0;1;0;0;0;0;507085,678;5460167,974;9,09745024;49,29421772;1
9279;8,20031E+18;8;2;25;113;2020;3;7;3;3;8;1;0;0;1;0;0;0;0;503770,2421;5472482,596;9,051969203;49,405018;1
9280;8,20031E+18;8;2;22;0;2020;3;19;3;3;4;2;2;0;1;0;0;0;0;468776,1072;5476433,526;8,569303692;49,43976614;1
9281;8,20031E+18;8;2;11;0;2020;3;17;3;3;1;6;0;0;1;0;0;0;0;438449,2061;5397769,564;8,162993983;48,72990801;1
9282;8,20031E+18;8;2;16;28;2020;3;17;3;2;1;6;0;0;1;0;0;0;0;426775,7898;5397480,075;8,004326046;48,72604183;1
9283;8,20031E+18;8;3;36;91;2020;3;13;7;3;8;7;0;1;0;0;0;0;0;395450,4728;5271953,853;7,60934942;47,59256325;0
9284;8,20031E+18;8;2;15;59;2020;3;7;3;3;2;6;0;0;1;0;0;0;0;484798,4285;5433700,945;8,791931677;49,05599128;1
9285;8,20031E+18;8;2;15;7;2020;3;10;3;3;3;6;0;0;1;0;1;0;0;478494,867;5430985,247;8,705798158;49,03137462;1
9286;8,20031E+18;8;2;15;17;2020;3;9;3;3;8;1;0;0;0;0;0;0;1;453963,92;5422302,287;8,37120082;48,95192714;1
9287;8,20031E+18;8;2;15;46;2020;3;14;3;3;5;3;0;0;1;0;0;0;0;456019,7732;5413343,193;8,40024515;48,8714874;0
9288;8,20031E+18;8;2;12;0;2020;3;15;3;3;5;3;0;1;1;0;0;0;0;454644,2563;5428265,243;8,379827734;49,00561494;1
9289;8,20031E+18;8;3;36;91;2020;3;14;7;3;4;6;0;0;1;0;0;0;0;395833,2806;5274385,694;7,613861891;47,61449969;0
9290;8,20031E+18;8;2;15;25;2020;3;6;3;3;5;3;2;0;1;0;1;0;0;474953,797;5434315,604;8,65714935;49,06119878;1
9291;8,20031E+18;8;2;12;0;2020;3;5;3;3;2;6;2;0;1;0;0;0;0;459382,7135;5427500,357;8,44469221;48,99906469;1
9292;8,20031E+18;8;3;17;5;2020;3;0;3;2;2;6;2;0;1;0;0;1;0;423289,2879;5379982,476;7,960167068;48,56823712;1
9293;8,20032E+18;8;2;15;21;2020;3;16;2;2;2;6;0;0;0;0;0;1;1;468723,5235;5445965,351;8,570964328;49,16570559;0
9294;8,20031E+18;8;2;31;0;2020;3;12;7;2;5;3;0;0;1;0;0;0;0;479372,413;5418084,214;8,718457568;48,91535272;0
9295;8,20031E+18;8;1;36;82;2020;3;7;3;3;5;3;0;0;1;0;0;0;0;584586,664;5416397,615;10,15404436;48,8947495;0
9296;8,20031E+18;8;1;36;21;2020;3;14;3;3;2;6;0;0;1;0;0;1;0;576006,9167;5408133,245;10,03547463;48,82152867;1
9297;8,20032E+18;8;3;37;128;2020;3;12;1;2;9;1;0;0;1;0;0;0;0;448634,9038;5286864,812;8,314942625;47,73311328;0
9298;8,20031E+18;8;1;35;19;2020;3;10;3;3;5;3;0;0;1;0;0;0;1;585259,3289;5393158,161;10,15839765;48,6856394;1
9299;8,20031E+18;8;1;28;7;2020;3;18;3;2;0;1;2;0;0;0;0;1;0;558646,5984;5476221,181;9,808897971;49,43582914;1
9300;8,20031E+18;8;1;27;91;2020;3;7;3;2;3;6;0;0;1;0;0;1;0;575513,0433;5454427,472;10,03736882;49,23796409;1
9301;8,20031E+18;8;1;25;24;2020;3;7;3;3;2;6;0;0;1;0;0;0;0;522252,8836;5443599,133;9,305125814;49,14481442;1
9302;8,20031E+18;8;1;19;90;2020;3;16;3;3;5;3;0;0;1;0;0;0;0;531884,6385;5406506,635;9,434282154;48,81072837;1
9303;8,20031E+18;8;2;26;91;2020;3;10;7;3;2;6;0;0;1;0;0;0;0;494098,0681;5459904,67;8,918833843;49,29186184;0
9304;8,20032E+18;8;2;25;9;2020;3;17;1;3;2;6;0;0;1;0;0;0;0;515092,4766;5467572,726;9,207848405;49,36067847;0
9305;8,20031E+18;8;1;19;8;2020;3;2;3;3;8;1;2;0;1;0;0;0;0;533021,5152;5422159,789;9,451030745;48,95147733;0
9306;8,20031E+18;8;1;18;48;2020;3;6;3;3;0;7;1;0;1;0;0;0;0;510850,9466;5414714,505;9,148013869;48,88528823;1
9307;8,20032E+18;8;1;25;6;2020;3;17;2;3;5;3;0;0;1;0;0;0;0;505978,7622;5453713,554;9,082130284;49,2361708;0
9308;8,20031E+18;8;2;25;117;2020;3;7;7;3;8;1;1;0;1;0;0;0;0;513363,3411;5471868,641;9,184179836;49,39936048;0
9309;8,20031E+18;8;1;18;51;2020;3;11;3;3;2;6;0;0;1;0;0;1;0;510815,7794;5415074,808;9,147543703;48,88853004;1
9310;8,20031E+18;8;1;18;48;2020;3;19;3;3;2;6;2;0;1;0;0;0;0;511539,5177;5418602,522;9,157516261;48,92025136;1
9311;8,20032E+18;8;1;27;9;2020;3;19;2;3;2;2;2;0;1;0;0;0;0;558214,7228;5444357,833;9,798300238;49,1492828;0
9312;8,20031E+18;8;2;26;41;2020;3;14;7;3;3;2;0;0;0;0;1;0;1;478578,7404;5467044,757;8,705023208;49,35573985;0
9313;8,20031E+18;8;1;11;0;2020;3;9;3;3;2;6;0;0;0;0;0;1;0;509859,6681;5395151,731;9,134022602;48,70931984;1
9314;8,20031E+18;8;1;11;0;2020;3;13;3;3;2;6;0;0;1;0;0;0;0;506489,9127;5395774,844;9,088227343;48,71496958;1
9315;8,20031E+18;8;1;15;28;2020;3;17;3;3;2;6;1;0;1;0;0;0;0;498110,652;5404161,215;8,974276694;48,79044432;1
9316;8,20031E+18;8;1;18;48;2020;3;7;3;3;2;6;0;0;1;0;0;0;0;512314,3864;5417650,564;9,168064566;48,91167289;1
9317;8,20031E+18;8;1;17;7;2020;3;18;3;2;5;3;2;0;1;0;0;0;0;558100,7139;5383242,28;9,788054343;48,59956212;1
9318;8,20031E+18;8;1;16;35;2020;3;9;3;3;8;1;0;0;1;0;0;0;0;527959,9541;5389543,994;9,379676836;48,65832425;1
9319;8,20031E+18;8;4;25;31;2020;3;16;3;3;8;1;0;0;1;0;0;0;0;562174,6062;5372385,916;9,841683637;48,50151399;1
9320;8,20031E+18;8;2;12;0;2020;3;18;7;3;3;6;1;0;1;0;0;0;0;453722,5446;5433185,316;8,366664041;49,04980269;0
9321;8,20032E+18;8;2;16;17;2020;3;16;1;3;4;1;0;0;0;0;1;0;0;456787,4884;5398036,854;8,41232474;48,73385396;0
9322;8,20031E+18;8;1;15;3;2020;3;8;3;3;3;6;0;0;1;0;0;0;0;502946,666;5390512,835;9,040021039;48,66765884;1
9323;8,20031E+18;8;1;11;0;2020;3;13;3;3;2;6;0;0;1;0;0;0;0;517732,1293;5404159,762;9,241420201;48,79018129;1
9324;8,20032E+18;8;1;18;53;2020;3;10;2;3;5;3;0;0;1;0;0;0;0;517247,0436;5428034,493;9,235824029;49,00496488;0
9325;8,20031E+18;8;1;11;0;2020;3;8;3;3;2;6;0;0;1;0;0;0;0;508545,3589;5400506,072;9,116268234;48,75750698;1
9326;8,20032E+18;8;3;36;96;2020;3;13;1;2;9;1;0;0;0;0;1;0;0;416917,0825;5299093,482;7,889646902;47,83981601;0
9327;8,20031E+18;8;1;11;0;2020;3;16;3;3;2;6;0;0;1;0;0;1;1;511508,205;5406700,575;9,156754066;48,81318451;1
9328;8,20031E+18;8;1;11;0;2020;3;18;3;3;3;6;2;0;1;0;0;1;0;515725,4509;5404813,02;9,214124803;48,7961119;1
9329;8,20032E+18;8;3;35;2;2020;3;14;1;3;0;7;0;1;0;0;0;0;0;503687,1723;5285448,936;9,04916571;47,72240791;0
9330;8,20031E+18;8;1;11;0;2020;3;7;3;3;5;2;0;1;1;0;0;0;0;515732,4984;5405406,662;9,214243506;48,80145206;0
9331;8,20031E+18;8;1;11;0;2020;3;8;3;3;2;6;0;0;1;0;0;0;0;512005,1636;5395807,682;9,163205323;48,71518319;1
9332;8,20031E+18;8;1;11;0;2020;3;14;3;3;2;6;0;0;1;0;0;0;0;513944,5055;5403661,106;9,189835703;48,7857919;1
9333;8,20031E+18;8;4;36;64;2020;3;7;2;2;6;4;0;0;0;1;0;1;0;546533,423;5291049,372;9,621069165;47,77112852;1
9334;8,20031E+18;8;4;26;21;2020;3;17;2;3;4;6;0;0;1;0;0;0;0;559940,0304;5323655,066;9,804522422;48,06335592;1
9335;8,20032E+18;8;2;35;85;2020;3;14;2;3;2;6;0;0;1;0;1;0;0;479502,5016;5395789,128;8,721346887;48,71479491;0
9336;8,20031E+18;8;4;26;134;2020;3;17;2;2;4;6;0;0;1;0;0;0;0;558136,0835;5336254,707;9,782030526;48,17687128;2
9337;8,20031E+18;8;4;17;8;2020;3;6;2;3;6;4;0;0;1;1;0;0;0;494189,4387;5351061,541;8,921630946;48,31271882;1
9338;8,20031E+18;8;3;36;50;2020;3;9;2;3;9;1;0;0;0;0;1;0;0;398115,956;5276169,845;7,643813305;47,63091156;1
9339;8,20031E+18;8;3;35;75;2020;3;9;2;3;5;3;0;0;1;0;0;1;0;488026,9767;5293286,455;8,840133027;47,79282573;1
9340;8,20031E+18;8;3;35;35;2020;3;16;2;3;2;1;0;0;1;0;0;0;0;483191,1616;5288930,981;8,775732942;47,75352938;1
9341;8,20032E+18;8;3;25;12;2020;3;10;2;3;4;2;0;0;1;0;0;0;0;463601,5108;5355328,561;8,508721482;48,35008544;0
9342;8,20031E+18;8;2;12;0;2020;3;12;7;3;0;1;0;0;0;0;1;0;0;462531,2401;5428428,004;8,487650483;49,00760824;0
9343;8,20032E+18;8;2;16;7;2020;3;9;1;3;2;6;0;0;1;0;0;0;0;435537,4861;5396795,319;8,123555632;48,72085028;0
9344;8,20031E+18;8;3;17;96;2020;3;9;2;3;0;7;0;1;0;0;0;0;0;422555,9253;5368693,436;7,952323993;48,46660354;1
9345;8,20031E+18;8;3;17;26;2020;3;21;2;3;0;1;2;0;1;0;0;0;0;414822,7663;5347479,498;7,852027053;48,27478887;0
9346;8,20032E+18;8;1;15;3;2020;3;17;2;3;2;6;0;0;1;0;0;0;0;500617,8623;5392778,452;9,008395072;48,68804725;0
9347;8,20031E+18;8;2;37;28;2020;3;16;2;3;2;6;0;0;1;0;0;0;0;458628,1613;5366423,411;8,440504709;48,4495899;0
9348;8,20031E+18;8;2;35;85;2020;3;16;2;3;8;1;0;0;1;0;0;0;0;483020,5439;5395442,9;8,769186692;48,71178599;0
9349;8,20031E+18;8;2;35;7;2020;3;17;2;3;5;3;0;0;1;0;0;0;0;485060,8106;5396441,535;8,796885069;48,72082193;0
9350;8,20031E+18;8;2;36;31;2020;3;5;2;2;9;1;2;0;1;0;0;0;0;480784,023;5419388,271;8,737662743;48,92712898;1
9351;8,20031E+18;8;1;36;88;2020;3;22;7;3;2;6;2;0;1;0;0;0;0;586344,9235;5406247,895;10,17588789;48,80322087;0
9352;8,20031E+18;8;2;35;46;2020;3;5;2;3;6;1;2;0;1;1;0;0;0;477367,46;5370407,929;8,693706114;48,48638891;1
9353;8,20031E+18;8;2;26;101;2020;3;7;2;3;1;1;0;0;1;0;0;0;0;487194,2585;5460357,484;8,823875222;49,29582926;0
9354;8,20031E+18;8;1;35;19;2020;3;8;7;2;8;6;0;0;1;0;0;0;0;588850,1084;5396789,59;10,20795504;48,71779994;0
9355;8,20031E+18;8;2;21;0;2020;3;16;2;3;5;2;0;0;1;0;1;0;0;476463,6566;5471858,089;8,675613552;49,39895721;0
9356;8,20031E+18;8;2;11;0;2020;3;12;2;3;5;3;0;0;1;0;1;0;0;438123,4203;5397363,467;8,158625189;48,72622287;1
9357;8,20031E+18;8;2;16;43;2020;3;16;2;3;2;2;0;0;1;1;0;0;1;442734,7745;5410386,17;8,219507882;48,84380441;0
9358;8,20032E+18;8;2;26;63;2020;3;15;2;2;2;6;0;0;1;0;1;0;0;471625,8526;5472470,478;8,608894927;49,40425924;0
9359;8,20031E+18;8;1;17;60;2020;3;15;7;2;5;3;0;0;1;0;0;0;0;541702,074;5387891,655;9,566110958;48,64269408;0
9360;8,20031E+18;8;2;16;9;2020;3;15;2;3;1;6;0;0;1;0;0;0;0;447892,3377;5422079,359;8,288304913;48,94944006;0
9361;8,20031E+18;8;2;12;0;2020;3;15;2;3;2;6;0;0;1;0;0;0;0;459885,5308;5431501,662;8,45117068;49,03509001;1
9362;8,20032E+18;8;3;35;43;2020;3;14;1;3;5;6;0;0;1;0;0;0;0;506277,6659;5289736,749;9,08376986;47,76096786;0
9363;8,20031E+18;8;2;12;0;2020;3;16;2;3;2;6;0;0;1;0;0;0;0;454355,9348;5426483,989;8,376085764;48,98957115;0
9364;8,20031E+18;8;2;15;9;2020;3;16;2;3;2;6;0;0;1;0;0;0;0;467247,5894;5441567,462;8,551076334;49,1260691;0
9365;8,20031E+18;8;1;27;25;2020;3;14;7;2;8;1;0;0;0;0;1;0;0;556453,9538;5425053,651;9,771464603;48,97581189;0
9366;8,20031E+18;8;2;15;17;2020;3;20;2;3;2;6;2;0;1;0;0;0;0;453192,1944;5420450,466;8,360873381;48,93521181;0
9367;8,20031E+18;8;2;12;0;2020;3;6;2;3;2;6;1;0;1;0;0;0;0;455182,974;5428223,335;8,387198078;49,00527733;1
9368;8,20032E+18;8;4;25;31;2020;3;15;1;3;0;6;0;0;1;0;1;0;0;563009,5057;5373382,122;9,853135128;48,51039206;0
9369;8,20031E+18;8;2;12;0;2020;3;16;2;3;2;6;0;0;1;0;0;0;0;453919,7483;5427616,51;8,369995401;48,99972587;0
9370;8,20031E+18;8;2;16;2;2020;3;16;2;2;3;2;0;1;1;0;0;0;0;444446,3035;5421959,571;8,241258931;48,9480626;0
9371;8,20031E+18;8;1;36;88;2020;3;7;2;3;2;6;0;0;1;0;0;0;0;582130,8737;5404038,638;10,11806891;48,78392141;1
9372;8,20031E+18;8;1;27;8;2020;3;23;2;2;9;1;2;0;1;0;0;0;0;567520,4914;5458844,141;9,928331068;49,27862147;1
9373;8,20031E+18;8;1;27;14;2020;3;4;2;2;8;1;2;0;1;0;0;0;0;579712,9641;5439979,704;10,09219229;49,10749265;0
9374;8,20031E+18;8;1;21;0;2020;3;12;2;2;8;1;0;0;1;0;0;0;0;509378,8476;5448162,87;9,128707488;49,18619829;0
9375;8,20031E+18;8;1;26;66;2020;3;3;7;3;5;3;2;0;1;0;0;0;0;535785,862;5450105,375;9,491259531;49,20269872;0
9376;8,20031E+18;8;1;19;67;2020;3;8;2;3;5;3;0;0;1;0;0;0;0;537714,7068;5406344,474;9,513672152;48,80894314;1
9377;8,20031E+18;8;1;19;18;2020;3;13;2;2;8;1;0;0;0;0;1;0;0;526331,3992;5420629,669;9,359555727;48,93803419;1
9378;8,20031E+18;8;1;18;73;2020;3;13;2;3;2;6;0;0;1;0;0;0;0;497155,7075;5420422,119;8,961162188;48,93672099;0
9379;8,20032E+18;8;2;16;33;2020;3;10;2;2;8;1;0;0;1;0;0;0;0;448343,3121;5412860,34;8,295630488;48,86655209;0
9380;8,20031E+18;8;1;25;6;2020;3;21;7;3;9;1;2;0;1;0;0;0;0;500587,1238;5451489,797;9,008062072;49,21619644;0
9381;8,20031E+18;8;1;18;78;2020;3;13;2;3;6;4;0;0;1;1;0;0;0;514810,3303;5420442,256;9,202229939;48,9367314;0
9382;8,20031E+18;8;1;18;14;2020;3;13;2;3;4;6;0;0;1;0;0;1;0;521449,2615;5421960,174;9,292961115;48,9501914;1
9383;8,20031E+18;8;1;18;76;2020;3;20;2;3;2;6;2;0;1;0;1;0;0;504509,4612;5422396,889;9,061596953;48,95447552;0
9384;8,20031E+18;8;1;18;79;2020;3;10;2;3;2;6;0;0;1;0;0;0;0;510017,997;5421883,05;9,136827954;48,94978848;1
9385;8,20031E+18;8;1;11;0;2020;3;14;2;3;3;6;0;0;1;0;0;1;0;509762,7273;5395136,343;9,132704524;48,70918294;0
9386;8,20031E+18;8;1;18;78;2020;3;6;2;2;2;6;1;0;0;0;0;1;0;512840,5282;5419642,183;9,175307913;48,92957821;1
9387;8,20031E+18;8;1;17;20;2020;3;7;2;3;2;6;0;0;1;0;0;0;0;549969,001;5390662,466;9,678662487;48,66701277;1
9388;8,20031E+18;8;1;25;5;2020;3;16;7;3;5;3;0;0;1;0;0;0;0;515657,6129;5454940,591;9,215135962;49,24703718;0
9389;8,20031E+18;8;1;16;49;2020;3;20;2;3;5;3;1;0;1;0;0;0;0;523038,5466;5385026,944;9,312597503;48,61788953;0
9390;8,20031E+18;8;1;16;33;2020;3;9;2;3;5;3;0;0;1;0;0;0;0;535854,9962;5387439,349;9,486700216;48,63898796;1
9391;8,20031E+18;8;1;16;78;2020;3;6;2;3;2;6;1;0;1;0;0;0;0;513746,07;5391268,576;9,18672105;48,67431322;1
9392;8,20031E+18;8;1;18;54;2020;3;10;7;3;5;2;0;0;1;0;0;0;0;519559,066;5423505,869;9,267218768;48,96415851;0
9393;8,20031E+18;8;1;11;0;2020;3;19;2;3;3;6;2;0;1;0;1;0;0;513694,9851;5403171,851;9,186422535;48,78139615;0
9394;8,20031E+18;8;1;11;0;2020;3;16;2;3;2;6;0;0;1;0;0;0;1;512720,2307;5405394,108;9,173222592;48,80140806;0
9395;8,20031E+18;8;1;11;0;2020;3;11;2;3;6;4;0;0;1;1;0;0;0;518137,9139;5403854,796;9,246931381;48,78742616;0
9396;8,20032E+18;8;1;25;98;2020;3;15;2;2;4;1;0;0;1;0;1;0;0;525240,277;5437054,331;9,345678117;49,08582664;0
9397;8,20031E+18;8;1;17;51;2020;3;15;7;2;5;3;0;0;1;0;0;0;0;541005,6216;5396121,083;9,557473327;48,71676956;0
9398;8,20031E+18;8;1;11;0;2020;3;12;2;3;5;2;0;0;1;0;0;0;0;517961,6371;5404176,777;9,244545629;48,79032777;0
9399;8,20031E+18;8;1;11;0;2020;3;16;2;3;2;6;0;0;1;0;0;0;0;514834,0411;5404702,079;9,201983042;48,7951358;0
9400;8,20032E+18;8;3;25;57;2020;3;13;1;2;3;2;0;0;1;0;1;0;0;475859,7605;5359725,432;8,673917869;48,39022931;0
9401;8,20031E+18;8;4;37;44;2020;3;12;1;2;9;1;0;0;1;0;0;0;0;529747,0305;5325030,883;9,399379426;48,07785679;0
9402;8,20031E+18;8;4;36;18;2020;3;12;1;3;8;1;0;0;0;0;1;0;0;552897,5941;5283034,827;9,705029756;47,69853126;0
9403;8,20031E+18;8;4;35;16;2020;3;16;1;3;4;6;0;1;1;0;0;0;0;530352,2167;5281950,022;9,404475554;47,69022357;0
9404;8,20031E+18;8;4;35;16;2020;3;15;1;3;2;6;0;0;1;0;0;0;0;536281,9756;5278881,013;9,483238204;47,6623048;0
9405;8,20031E+18;8;4;26;21;2020;3;19;1;3;4;6;2;0;1;0;0;0;0;558044,7236;5326215,38;9,779433669;48,0865644;0
9406;8,20032E+18;8;3;35;75;2020;3;22;2;2;4;7;2;0;1;0;0;0;0;488458,7338;5294045,354;8,845877749;47,79966179;0
9407;8,20031E+18;8;1;16;14;2020;3;13;7;3;5;3;0;0;1;0;1;0;0;527307,6509;5395884,553;9,371238228;48,71539226;0
9408;8,20032E+18;8;2;15;102;2020;3;17;1;3;5;2;0;0;1;0;0;1;0;457686,5051;5437747,613;8,42043312;49,0911257;0
9409;8,20031E+18;8;4;26;11;2020;3;19;1;3;8;1;2;0;0;0;0;0;1;551311,3912;5329577,768;9,689429031;48,11739139;0
9410;8,20031E+18;8;4;26;108;2020;3;23;1;3;9;1;2;0;1;0;0;0;0;571159,0071;5332524,779;9,956564237;48,14199291;0
9411;8,20032E+18;8;1;16;63;2020;3;17;2;3;0;7;0;0;0;0;1;0;0;517149,4208;5383851,22;9,232643367;48,6075017;0
9412;8,20031E+18;8;4;17;31;2020;3;9;1;3;2;6;0;0;1;0;0;0;0;498258,1614;5355621,004;8,976488358;48,35376308;0
9413;8,20031E+18;8;4;16;50;2020;3;15;1;3;8;1;0;0;0;0;1;0;0;489258,3387;5364542,746;8,854779181;48,43393891;0
9414;8,20032E+18;8;2;15;102;2020;3;15;1;3;5;3;0;1;1;0;0;0;0;459870,7814;5432319,457;8,450887921;49,04244524;0
9415;8,20031E+18;8;4;17;16;2020;3;4;1;2;8;1;2;0;1;0;0;0;0;486140,4334;5342633,505;8,813348024;48,23676905;1
9416;8,20031E+18;8;4;15;61;2020;3;16;1;3;3;6;0;0;1;0;0;0;0;517647,6672;5373009,993;9,238942584;48,50995767;0
9417;8,20032E+18;8;1;18;6;2020;3;4;2;3;0;7;2;0;0;0;1;0;0;518038,0891;5421847,72;9,246365706;48,94928873;0
9418;8,20031E+18;8;3;36;69;2020;3;13;1;3;5;3;0;0;1;0;0;0;0;406436,4865;5269246,733;7,756017807;47,56988909;0
9419;8,20031E+18;8;3;17;65;2020;3;18;1;3;3;6;1;0;1;0;0;0;0;410786,5202;5356930,88;7,795641367;48,3592454;0
9420;8,20031E+18;8;3;17;96;2020;3;22;1;3;3;6;1;0;1;0;0;0;0;419456,496;5373504,402;7,909474625;48,50948789;0
9421;8,20031E+18;8;3;15;133;2020;3;16;1;2;4;2;0;1;0;0;1;0;0;397173,078;5328903,23;7,618718082;48,10508883;0
9422;8,20031E+18;8;2;35;79;2020;3;12;1;2;4;1;0;0;1;0;1;0;0;466323,107;5396082,36;8,542160557;48,71686018;0
9423;8,20031E+18;8;2;37;54;2020;3;12;1;2;0;7;0;1;0;0;0;0;0;461988,2442;5374734,514;8,485186855;48,52456901;0
9424;8,20031E+18;8;2;25;52;2020;3;1;1;3;4;1;2;0;1;0;0;0;0;510131,0577;5480151,504;9,139842821;49,47392643;0
9425;8,20032E+18;8;3;17;96;2020;3;7;2;3;5;2;0;0;1;0;0;0;0;424231,8161;5375814,208;7,973699661;48,53085873;0
9426;8,20031E+18;8;1;11;0;2020;3;20;7;3;0;6;2;0;1;0;0;0;0;514055,8741;5403973,194;9,191362502;48,78859691;1
9427;8,20032E+18;8;2;16;17;2020;3;14;1;2;4;6;0;0;1;0;1;0;0;450625,6498;5401267,495;8,328144176;48,76245703;0
9428;8,20031E+18;8;2;26;31;2020;3;5;1;3;8;1;2;0;1;0;0;0;0;473328,8909;5493624,139;8,630940699;49,594606;0
9429;8,20031E+18;8;2;16;17;2020;3;12;1;3;2;6;0;0;1;0;0;0;0;451720,749;5402796,018;8,342865178;48,77629259;0
9430;8,20032E+18;8;4;36;81;2020;3;11;1;2;3;6;0;1;1;0;0;0;0;565127,7231;5291659,995;9,869308583;47,77501095;0
9431;8,20031E+18;8;2;15;94;2020;3;9;1;3;1;7;0;1;1;0;0;0;0;486275,5969;5439067,666;8,811967834;49,10430199;0
9432;8,20031E+18;8;2;15;64;2020;3;14;1;3;0;1;0;1;0;0;0;0;0;477630,3281;5451331,356;8,692842716;49,21436311;0
9433;8,20031E+18;8;2;12;0;2020;3;13;1;3;3;6;0;0;1;0;0;0;1;458819,5723;5425188,347;8,437227765;48,97823039;0
9434;8,20031E+18;8;2;15;7;2020;3;2;1;2;8;1;2;0;1;0;0;0;0;475008,276;5430822,598;8,658110562;49,02978006;0
9435;8,20031E+18;8;1;28;64;2020;3;10;1;3;0;1;0;0;0;0;1;0;0;533807,646;5504268,793;9,468725647;49,68999036;0
9436;8,20031E+18;8;1;21;0;2020;3;22;1;3;2;6;2;0;1;0;0;0;0;516238,5929;5444490,643;9,222696121;49,1530223;1
9437;8,20031E+18;8;1;11;0;2020;3;12;7;3;3;7;0;0;1;0;1;0;0;513402,7864;5402609,859;9,18242669;48,77634689;0
9438;8,20031E+18;8;1;18;48;2020;3;15;1;2;6;7;0;0;1;1;0;0;0;514201,9184;5416371,434;9,193780629;48,9001258;0
9439;8,20031E+18;8;1;18;80;2020;3;13;1;3;3;6;0;0;1;0;1;0;0;509229,6368;5411796,378;9,125832377;48,85906362;0
9440;8,20031E+18;8;4;36;64;2020;3;11;6;3;3;6;0;0;1;0;0;0;0;545864,3573;5293227,099;9,61236991;47,79076954;0
9441;8,20031E+18;8;1;17;23;2020;3;15;1;2;0;7;0;0;0;0;1;0;0;549422,1744;5386450,651;9,67073353;48,62916869;0