OBJECTID;UIDENTSTLAE;ULAND;UREGBEZ;UKREIS;UGEMEINDE;UJAHR;UMONAT;USTUNDE;UWOCHENTAG;UKATEGORIE;UART;UTYP1;ULICHTVERH;IstRad;IstPKW;IstFuss;IstKrad;IstGkfz;IstSonstige;LINREFX;LINREFY;XGCSWGS84;YGCSWGS84;STRZUSTAND
9442;8,20031E+18;8;1;16;81;2020;3;17;1;3;2;7;0;0;1;0;0;0;0;517758,0229;5385987,242;9,240990832;48,62670068;0
9443;8,20031E+18;8;4;26;21;2020;3;11;6;3;3;6;0;0;1;0;0;0;0;559382,7389;5327646,755;9,797598088;48,09931802;0
9444;8,20031E+18;8;1;11;0;2020;3;17;1;3;2;6;0;0;1;0;0;0;0;515089,9416;5403134,943;9,205409858;48,78103186;0
9445;8,20031E+18;8;4;37;104;2020;3;8;7;3;8;1;0;0;0;0;0;0;1;511952,0611;5331337,144;9,160645088;48,13517612;0
9446;8,20031E+18;8;4;36;52;2020;3;13;7;3;8;7;0;0;1;0;0;0;0;567459,5502;5294294,564;9,900838806;47,79847268;0
9447;8,20032E+18;8;2;36;19;2020;3;7;2;3;4;1;0;0;1;0;0;0;0;490040,5195;5409132,467;8,864282093;48,83508824;0
9448;8,20031E+18;8;4;26;73;2020;3;11;6;3;4;6;0;0;1;0;0;0;1;564776,1887;5337562,583;9,87154065;48,18799445;0
9449;8,20031E+18;8;4;26;21;2020;3;13;7;2;0;3;0;0;1;0;0;0;0;557838,9902;5329205,951;9,777076683;48,11348689;0
9450;8,20032E+18;8;4;17;2;2020;3;17;1;3;5;3;0;1;1;0;0;0;0;488950,248;5347398,001;8,851064248;48,27968923;0
9451;8,20031E+18;8;4;21;0;2020;3;15;7;3;2;6;0;0;1;0;0;0;0;573133,3393;5356838,045;9,987302003;48,360478;0
9452;8,20031E+18;8;4;17;31;2020;3;9;7;3;8;1;0;0;1;0;0;0;0;497936,5783;5354689,761;8,972152138;48,34538405;0
9453;8,20031E+18;8;4;17;79;2020;3;8;7;3;2;6;0;0;1;0;0;0;1;493447,236;5341288,448;8,911772088;48,22478546;2
9454;8,20031E+18;8;4;17;57;2020;3;18;7;3;5;3;1;0;1;0;0;0;0;481431,3099;5338602,24;8,75010561;48,20038031;0
9455;8,20031E+18;8;4;15;93;2020;3;7;7;3;4;1;1;0;1;0;0;0;0;525448,91;5366846,414;9,344191349;48,45424077;2
9456;8,20031E+18;8;3;26;74;2020;3;4;7;3;9;1;2;0;1;0;0;0;0;452248,7912;5319569,307;8,359521361;48,02762717;2
9457;8,20031E+18;8;4;26;134;2020;3;15;6;2;2;6;0;0;1;0;0;0;0;561330,62;5334342,622;9,824722199;48,15936983;0
9458;8,20031E+18;8;3;17;31;2020;3;15;7;3;5;3;0;0;1;0;0;0;0;413678,2465;5359991,356;7,834041959;48,3871756;0
9459;8,20031E+18;8;3;16;17;2020;3;18;7;3;5;3;1;0;1;0;1;0;0;409319,5902;5339450,17;7,779594364;48,20180272;0
9460;8,20031E+18;8;3;15;74;2020;3;2;7;1;9;1;2;0;1;0;0;0;0;396936,2974;5299189,011;7,622665046;47,83778258;1
9461;8,20032E+18;8;1;36;71;2020;3;20;2;3;9;1;2;0;0;0;0;0;1;598474,8794;5425293,034;10,34562396;48,97269659;0
9462;8,20031E+18;8;4;25;75;2020;3;7;6;3;8;1;0;0;1;0;0;0;0;566570,9293;5376873,515;9,901907501;48,54143056;1
9463;8,20031E+18;8;2;35;46;2020;3;17;7;3;8;1;0;0;1;0;0;0;0;481261,4199;5374379,533;8,746225497;48,52224684;0
9464;8,20031E+18;8;2;26;107;2020;3;19;7;3;5;7;2;0;1;0;0;0;0;475126,1205;5482570,91;8,656506935;49,49526323;0
9465;8,20031E+18;8;2;26;107;2020;3;22;7;3;4;6;2;0;1;0;0;0;0;474270,6187;5482987,977;8,644666054;49,49897893;0
9466;8,20032E+18;8;2;15;101;2020;3;9;2;3;4;6;0;0;1;0;0;0;0;465587,7007;5427700,082;8,529504813;49,00123837;0
9467;8,20031E+18;8;4;17;2;2020;3;12;6;2;0;1;0;1;0;0;0;0;0;489050,9236;5345585,941;8,85246815;48,26338837;0
9468;8,20031E+18;8;2;25;33;2020;3;8;7;3;4;6;0;0;1;0;0;0;0;511220,2548;5460634,951;9,154326543;49,29835629;0
9469;8,20031E+18;8;2;22;0;2020;3;1;7;2;0;1;2;0;1;0;0;0;0;459920,7799;5489604,238;8,445824242;49,55770962;0
9470;8,20031E+18;8;2;22;0;2020;3;17;7;3;2;6;0;0;1;0;0;0;0;464662,73;5481916,897;8,512077086;49,48886145;0
9471;8,20031E+18;8;2;22;0;2020;3;11;7;2;8;7;0;0;1;0;0;0;0;466890,5133;5478707,933;8,54310493;49,4601238;0
9472;8,20031E+18;8;2;21;0;2020;3;11;7;3;1;6;0;0;1;0;0;0;0;475900,1271;5468452,718;8,668053325;49,36830431;1
9473;8,20031E+18;8;2;22;0;2020;3;9;7;1;6;4;0;0;0;1;0;0;1;465761,4764;5475678,308;8,527787104;49,4328109;0
9474;8,20031E+18;8;2;16;17;2020;3;1;7;3;8;1;2;0;1;0;0;0;1;452646,3335;5398495,229;8,355957343;48,73767629;1
9475;8,20031E+18;8;4;16;36;2020;3;12;6;2;4;1;0;0;1;0;0;1;0;484434,5323;5371446,058;8,789307701;48,49594306;0
9476;8,20031E+18;8;2;15;9;2020;3;17;7;2;8;1;1;0;1;0;0;0;0;471231,657;5434558,087;8,606181935;49,0632174;1
9477;8,20031E+18;8;1;19;85;2020;3;18;7;3;9;1;1;0;0;0;1;0;0;528301,2018;5413262,466;9,385942127;48,87167508;0
9478;8,20032E+18;8;1;21;0;2020;3;14;2;3;1;6;0;0;1;0;0;0;0;515280,7638;5446321,869;9,209630059;49,16951932;0
9479;8,20031E+18;8;3;37;128;2020;3;22;6;2;9;1;2;0;1;0;0;0;0;449992,7491;5284252,985;8,333350822;47,70972129;0
9480;8,20031E+18;8;1;19;61;2020;3;17;7;2;4;6;0;0;1;0;0;0;0;536762,1171;5415122,699;9,501486397;48,88796484;1
9481;8,20031E+18;8;1;18;76;2020;3;16;7;3;6;4;0;0;0;1;0;0;1;501362,1521;5427461,626;9,018623277;49,00005108;0
9482;8,20031E+18;8;1;18;60;2020;3;9;7;3;5;3;0;0;1;0;0;0;0;523281,7712;5429934,111;9,318446491;49,02185466;0
9483;8,20031E+18;8;1;18;79;2020;3;13;7;3;5;3;0;0;1;0;0;0;0;508979,5;5423276,714;9,122674713;48,96234137;0
9484;8,20031E+18;8;1;17;38;2020;3;4;7;3;8;7;2;0;1;0;0;0;0;547105,704;5398743,316;9,640698778;48,73992674;1
9485;8,20031E+18;8;1;17;19;2020;3;12;7;3;5;3;0;0;1;0;0;0;0;551930,9256;5393710,162;9,705689515;48,69426806;0
9486;8,20031E+18;8;1;16;41;2020;3;16;7;3;2;6;0;0;1;0;0;0;0;518790,2357;5383547,417;9,254888145;48,60472152;0
9487;8,20031E+18;8;1;16;11;2020;3;1;7;3;8;1;2;0;1;0;0;0;0;529650,9845;5379857,639;9,401946971;48,57110784;1
9488;8,20031E+18;8;1;15;44;2020;3;12;7;3;2;6;0;0;1;0;0;0;1;503810,4081;5388874,799;9,051737127;48,65291816;1
9489;8,20031E+18;8;1;11;0;2020;3;21;7;3;2;6;2;0;1;0;0;0;0;515354,8312;5405294,732;9,209096325;48,80045459;0
9490;8,20031E+18;8;4;37;76;2020;3;6;6;3;4;6;0;0;1;0;0;1;0;521167,6389;5319391,178;9,283916432;48,02745901;1
9491;8,20031E+18;8;3;36;87;2020;3;15;6;3;8;1;0;0;1;0;0;0;0;422199,055;5293490,487;7,961230752;47,79007247;0
9492;8,20032E+18;8;1;28;128;2020;3;16;1;3;0;1;0;0;0;0;1;0;0;546077,0267;5502213,414;9,63858249;49,67069095;0
9493;8,20031E+18;8;4;36;94;2020;3;16;6;2;8;1;0;0;1;0;0;0;0;571416,9366;5282403,871;9,951725372;47,69107305;0
9494;8,20031E+18;8;4;36;55;2020;3;19;6;3;5;3;2;1;1;0;0;0;0;576221,4562;5297650,218;10,01841536;47,82768257;1
9495;8,20032E+18;8;1;11;0;2020;3;11;2;3;2;7;0;0;0;0;0;1;1;506730,0373;5395691,648;9,091490363;48,7142186;0
9496;8,20031E+18;8;4;35;59;2020;3;8;6;3;5;3;0;0;1;0;0;0;0;517794,7341;5293428,462;9,237605241;47,79396885;1
9497;8,20032E+18;8;3;17;96;2020;3;17;1;3;5;3;0;1;1;0;0;0;0;420788,3595;5374987,044;7,927222625;48,52299335;0
9498;8,20031E+18;8;4;35;34;2020;3;10;6;3;6;4;0;0;0;1;0;1;0;528878,006;5285457,661;9,385062968;47,72185093;0
9499;8,20031E+18;8;4;17;51;2020;3;18;6;3;1;6;1;0;1;0;0;0;0;491456,363;5358710,209;8,884613844;48,38149999;1
9500;8,20032E+18;8;3;17;89;2020;3;19;1;2;9;1;2;0;1;0;0;0;0;425774,42;5388844,463;7,992263179;48,64824854;0
9501;8,20031E+18;8;4;16;36;2020;3;18;6;3;5;3;2;0;1;0;0;0;0;492302,2298;5371774,723;8,895797571;48,49904552;1
9502;8,20031E+18;8;4;15;59;2020;3;7;6;2;4;6;1;0;1;0;0;0;1;515140,963;5364258,379;9,204686127;48,43129019;1
9503;8,20031E+18;8;4;15;59;2020;3;8;6;3;1;6;0;0;1;0;0;0;0;516166,6119;5367099,998;9,21866117;48,4568291;0
9504;8,20031E+18;8;3;36;105;2020;3;12;6;3;0;7;0;0;0;0;0;0;1;401816,8939;5267690,274;7,694961465;47,55520541;0
9505;8,20031E+18;8;3;26;54;2020;3;9;6;2;4;1;0;0;1;0;0;0;0;441097,5212;5327824,929;8,20882728;48,1009655;2
9506;8,20032E+18;8;2;35;7;2020;3;16;2;3;0;6;0;0;1;0;1;0;0;483736,3229;5396580,395;8,778871841;48,72203796;0
9507;8,20031E+18;8;3;35;75;2020;3;13;6;3;6;4;0;0;1;1;0;0;0;487950,1861;5289041,926;8,839225464;47,75463412;0
9508;8,20031E+18;8;3;25;57;2020;3;18;6;2;8;1;2;0;1;0;0;0;0;477855,7108;5356767,097;8,701034286;48,36368798;1
9509;8,20031E+18;8;3;26;68;2020;3;22;6;3;2;6;2;0;1;0;0;0;0;450342,8022;5320370,846;8,333865488;48,03469288;0
9510;8,20031E+18;8;3;17;96;2020;3;16;6;3;2;6;0;0;1;0;0;0;0;421000,8159;5367433,048;7,931527977;48,45507307;0
9511;8,20032E+18;8;4;25;31;2020;3;1;1;3;5;3;2;0;1;0;0;0;0;568753,6828;5370813,854;9,930476887;48,4866873;0
9512;8,20033E+18;8;3;15;98;2020;3;7;4;3;5;3;0;1;1;0;0;0;0;406778,3359;5312066,226;7,751377073;47,95511837;0
9513;8,20032E+18;8;2;36;4;2020;3;13;3;3;5;3;0;0;1;0;1;0;0;472700,8407;5413266,239;8,627722119;48,87175394;0
9514;8,20033E+18;8;3;17;65;2020;3;19;1;3;9;1;2;0;1;0;0;0;0;415502,0496;5354302,78;7,859813802;48,3362548;1
9515;8,2004E+18;8;1;36;21;2020;4;16;4;3;2;6;0;0;1;0;0;0;1;575430,6393;5408057,354;10,02761113;48,82091631;0
9516;8,20033E+18;8;2;22;0;2020;3;12;2;3;3;6;0;0;1;0;0;0;0;467793,6768;5482471,466;8,555261322;49,49402382;0
9517;8,20032E+18;8;3;26;74;2020;3;18;5;2;3;6;0;0;0;0;1;1;0;457737,1548;5325844,865;8,432511754;48,08447302;0
9518;8,20032E+18;8;2;21;0;2020;3;16;2;3;9;1;0;0;0;0;1;0;0;473309,0533;5473935,672;8,631996894;49,41751449;0
9519;8,20032E+18;8;2;31;0;2020;3;11;3;1;2;6;0;0;0;0;0;1;1;484433,3551;5414814,717;8,787657557;48,88608921;0
9520;8,20032E+18;8;1;19;79;2020;3;17;5;3;1;6;0;0;1;0;0;0;1;522767,8702;5409182,455;9,310258772;48,83520033;0
9521;8,20032E+18;8;1;25;102;2020;3;14;7;3;4;2;0;0;1;0;0;0;0;522594,7947;5442893,275;9,309774363;49,13845255;1
9522;8,20033E+18;8;3;15;70;2020;3;16;1;3;8;1;0;0;1;0;0;0;0;451504,0335;5302089,557;8,351503119;47,87031117;1
9523;8,20032E+18;8;2;12;0;2020;3;17;4;3;5;3;0;1;1;0;0;0;0;455980,9059;5428228,963;8,398107288;49,00538539;0
9524;8,20033E+18;8;1;15;28;2020;3;18;6;2;3;1;0;0;1;0;0;0;0;501070,3348;5403192,848;9,014569992;48,78173489;0
9525;8,20033E+18;8;2;25;60;2020;3;4;1;3;8;1;2;0;1;0;0;0;0;517828,4787;5486839,989;9,246394344;49,5339104;0
9526;8,2004E+18;8;1;18;6;2020;4;15;5;3;2;6;0;0;1;0;0;1;0;517900,812;5421851,355;9,244490941;48,94932541;0
9527;8,20032E+18;8;1;21;0;2020;3;18;6;2;2;6;0;0;1;0;1;0;0;514703,634;5444880,342;9,201660062;49,15656645;0
9528;8,20033E+18;8;1;18;51;2020;3;10;4;3;2;6;0;0;1;0;0;0;1;510124,001;5413478,206;9,138067283;48,87417906;0
9529;8,20032E+18;8;2;36;62;2020;3;17;3;3;9;1;0;0;0;0;1;0;0;485691,922;5406105,687;8,805129616;48,80777481;0
9530;8,20033E+18;8;2;26;29;2020;3;21;1;1;8;1;2;0;1;0;0;0;0;484448,1096;5483307,373;8,785207675;49,50219815;1
9531;8,20033E+18;8;4;25;72;2020;3;14;3;3;3;6;0;0;1;0;0;0;0;582369,9872;5370190,302;10,11459671;48,47944162;0
9532;8,20032E+18;8;2;35;32;2020;3;21;5;2;8;1;2;0;1;0;0;0;0;474951,4358;5375093,481;8,660728552;48,52844957;0
9533;8,20032E+18;8;1;16;58;2020;3;16;2;3;4;7;0;0;1;0;0;0;0;535399,157;5395222,8;9,481179145;48,70903239;0
9534;8,20032E+18;8;4;37;78;2020;3;7;4;3;5;3;0;0;1;0;0;0;0;508228,8901;5315914,691;9,110305987;47,99647832;0
9535;8,20032E+18;8;4;26;118;2020;3;6;6;3;4;6;0;0;1;0;0;0;1;548937,1288;5326308,566;9,657155251;48,08816717;0
9536;8,20032E+18;8;1;27;25;2020;3;15;4;2;8;1;0;0;0;0;1;0;0;555262,0433;5429614,555;9,755798632;49,01694426;0
9537;8,20032E+18;8;1;17;7;2020;3;20;5;2;4;2;2;0;1;0;1;0;0;556059,6881;5386079,656;9,760756654;48,62527165;0
9538;8,20032E+18;8;1;15;45;2020;3;15;7;3;2;2;0;0;1;0;0;0;0;500578,663;5394551,748;9,007864944;48,70400003;1
9539;8,20032E+18;8;1;28;131;2020;3;14;4;3;4;6;0;0;1;0;1;0;0;532511,2589;5513108,445;9,451489367;49,76956728;0
9540;8,20033E+18;8;4;36;64;2020;3;14;5;3;2;6;0;0;1;0;0;0;0;546581,6613;5293855,833;9,622014107;47,79637476;0
9541;8,20033E+18;8;1;15;15;2020;3;0;1;2;9;1;2;0;1;0;0;0;0;491312,963;5387692,74;8,882073668;48,64223541;0
9542;8,2004E+18;8;4;35;16;2020;4;1;4;2;8;1;2;0;1;0;0;0;0;533179,7098;5281760,688;9,442139398;47,68838105;0
9543;8,20032E+18;8;1;19;75;2020;3;14;6;3;9;1;0;0;0;0;1;0;0;537147,277;5430192,858;9,508115282;49,02350296;0
9544;8,20032E+18;8;4;16;15;2020;3;18;3;3;6;4;1;0;1;1;0;0;0;506290,1052;5366551,664;9,085068718;48,4520723;0
9545;8,20032E+18;8;2;26;98;2020;3;10;3;2;9;6;0;0;1;0;0;1;0;475118,0631;5457746,769;8,657949143;49,27197336;0
9546;8,20033E+18;8;1;11;0;2020;3;19;1;3;8;7;0;0;1;0;0;0;0;507251,9243;5405341,845;9,098755081;48,80102576;1
9547;8,20033E+18;8;3;15;48;2020;3;17;3;3;5;3;0;0;1;0;0;0;0;397824,995;5310197,778;7,631932371;47,9369461;0
9548;8,20032E+18;8;2;26;85;2020;3;18;5;3;4;6;0;1;1;0;0;0;0;490149,1303;5449193,74;8,864789624;49,19546387;0
9549;8,20032E+18;8;3;17;141;2020;3;15;1;3;0;1;0;1;0;0;0;0;0;419876,4933;5378137,591;7,914269481;48,55121593;0
9550;8,20032E+18;8;4;26;97;2020;3;14;4;3;5;3;0;0;1;0;0;0;0;535558,237;5333936,364;9,478140131;48,15767899;0
9551;8,20032E+18;8;3;37;45;2020;3;11;6;3;4;1;0;0;1;0;0;0;0;438622,993;5291851,611;8,180722508;47,77710308;2
9552;8,20032E+18;8;1;19;24;2020;3;17;4;3;4;1;0;0;1;0;1;0;0;538394,0248;5434367,677;9,52556363;49,06097983;0
9553;8,20033E+18;8;1;36;10;2020;3;17;5;2;0;7;0;0;0;0;1;0;0;599859,0229;5412327,961;10,3613598;48,85587693;0
9554;8,20032E+18;8;3;37;118;2020;3;17;3;3;4;1;0;0;1;0;0;0;0;441534,9734;5280062,407;8,221171324;47,67130896;0
9555;8,20033E+18;8;4;37;107;2020;3;15;7;3;8;1;0;0;1;0;0;0;0;506591,227;5331931,772;9,088600598;48,14060408;0
9556;8,2004E+18;8;3;11;0;2020;4;20;4;3;9;1;0;0;1;0;0;0;0;410318,439;5321048,158;7,796905615;48,03641839;0
9557;8,20033E+18;8;1;36;65;2020;3;18;2;3;4;1;0;0;1;0;1;0;0;564044,1932;5399747,412;9,871216214;48,74744745;0
9558;8,20032E+18;8;4;37;47;2020;3;12;5;3;2;6;0;0;1;0;0;0;0;521155,857;5340400,489;9,284801327;48,21647774;0
9559;8,20032E+18;8;4;36;64;2020;3;8;2;3;5;2;0;1;0;0;0;0;1;545414,879;5292209,242;9,606262429;47,78164372;0
9560;8,20032E+18;8;2;16;8;2020;3;17;3;3;5;2;1;1;1;0;0;0;0;440836,6541;5391386,52;8,196371204;48,6727225;0
9561;8,20033E+18;8;4;37;86;2020;3;7;7;3;3;2;0;0;1;0;0;0;0;525859,9224;5311022,209;9,34634764;47,9519903;0
9562;8,20033E+18;8;2;15;66;2020;3;17;3;3;1;6;0;0;1;0;0;0;0;461173,2052;5449446,323;8,467060813;49,19658552;0
9563;8,20033E+18;8;2;37;40;2020;3;14;5;3;8;1;0;0;1;0;0;0;0;478986,6042;5368526,916;8,71571282;48,46952293;0
9564;8,20032E+18;8;1;11;0;2020;3;10;4;3;6;4;0;0;1;1;0;0;0;512333,2002;5399517,122;9,167775818;48,7485469;0
9565;8,20033E+18;8;4;37;31;2020;3;16;7;3;9;6;0;0;1;0;0;0;0;518233,6664;5343075,726;9,245578163;48,24063688;0
9566;8,2004E+18;8;3;25;45;2020;4;16;4;3;5;3;0;0;1;0;0;0;0;470162,3008;5346559,237;8,597891719;48,27153651;0
9567;8,20032E+18;8;1;15;52;2020;3;15;6;3;8;7;0;0;0;0;1;0;0;495724,9;5410309,176;8,941730837;48,84573892;0
9568;8,20032E+18;8;1;36;21;2020;3;13;3;3;2;6;0;0;1;0;0;0;0;573603,856;5405029,902;10,00218559;48,79390492;0
9569;8,20032E+18;8;2;16;9;2020;3;5;3;3;4;7;2;0;1;0;0;1;0;447892,5352;5422089,161;8,288306356;48,94952825;0
9570;8,20033E+18;8;4;36;9;2020;3;15;7;2;4;2;0;0;1;0;1;0;0;556001,421;5308149,063;9,74963945;47,92421532;0
9571;8,20033E+18;8;2;26;103;2020;3;9;3;3;1;6;0;0;0;0;0;1;0;474947,8874;5457761,351;8,655608877;49,27209758;0
9572;8,20032E+18;8;2;15;111;2020;3;15;5;3;5;3;0;0;0;0;1;0;1;458523,0752;5443170,12;8,4313337;49,13995807;0
9573;8,20032E+18;8;1;25;5;2020;3;16;1;2;8;1;0;0;0;0;1;0;0;516117,8571;5457857,81;9,221577127;49,27326603;0
9574;8,20032E+18;8;4;15;39;2020;3;17;4;3;2;2;0;0;1;0;0;0;0;529879,4245;5373983,24;9,404622135;48,51825028;0
9575;8,20033E+18;8;2;12;0;2020;3;13;6;3;2;6;0;0;1;0;0;0;0;452817,3877;5427418,423;8,354948036;48,9978608;0
9576;8,2004E+18;8;3;17;65;2020;4;20;5;2;9;1;2;0;0;0;1;0;0;412553,6047;5353443,019;7,82021556;48,32812026;0
9577;8,20032E+18;8;3;17;96;2020;3;17;6;3;3;6;0;0;1;0;0;1;0;418997,7272;5369393,906;7,904061398;48,47245593;0
9578;8,20032E+18;8;1;15;37;2020;3;10;4;3;4;6;0;0;1;0;0;1;0;491799,2002;5384971,983;8,888728142;48,61776556;0
9579;8,20033E+18;8;1;17;43;2020;3;12;5;2;5;3;0;0;1;0;0;0;0;551396,3814;5390548,008;9,698032996;48,66586733;0
9580;8,20032E+18;8;3;15;50;2020;3;10;3;3;4;2;0;0;1;0;0;0;0;398760,154;5303855,109;7,645939206;47,88004343;0
9581;8,20033E+18;8;4;26;35;2020;3;11;7;3;3;6;0;0;1;0;0;1;0;538755,51;5329756,923;9,520750651;48,11989137;0
9582;8,2004E+18;8;2;21;0;2020;4;10;4;2;4;6;0;0;1;0;0;0;0;473249,9524;5476216,13;8,631028255;49,43802407;0
9583;8,20033E+18;8;1;36;7;2020;3;7;2;2;4;1;0;0;1;0;0;0;0;572607,7345;5402430,25;9,988165398;48,77063916;2
9584;8,20032E+18;8;4;17;13;2020;3;16;5;2;9;1;0;0;0;0;1;0;0;506628,555;5352526,758;9,089424641;48,32589286;0
9585;8,20032E+18;8;2;31;0;2020;3;8;2;3;0;7;0;0;1;0;0;1;0;476744,2843;5417316,075;8,682630998;48,90834969;0
9586;8,20032E+18;8;2;12;0;2020;3;10;3;3;2;6;0;0;1;0;0;0;0;459565,414;5430113,68;8,446929591;49,022584;0
9587;8,20032E+18;8;1;25;86;2020;3;17;5;3;2;2;1;0;0;0;1;0;1;503123,5732;5442630,216;9,042822434;49,13649384;0
9588;8,20032E+18;8;2;26;31;2020;3;17;7;3;2;6;0;0;1;0;0;1;0;473434,2285;5493196,4;8,632427181;49,59076335;0
9589;8,20033E+18;8;4;26;108;2020;3;20;7;3;8;1;2;0;1;0;0;0;0;569689,4724;5340202,627;9,938071788;48,21122326;0
9590;8,20032E+18;8;2;15;40;2020;3;19;4;3;9;1;2;0;1;0;0;0;0;489198,0967;5434549,167;8,852128326;49,0637143;0
9591;8,20033E+18;8;1;18;14;2020;3;17;6;3;4;2;0;0;1;0;0;0;0;521586,1116;5419534,106;9,294701723;48,92836272;0
9592;8,20032E+18;8;1;28;115;2020;3;16;5;3;2;6;0;0;1;0;0;1;0;549428,1677;5494728,551;9,684078983;49,60310686;0
9593;8,20032E+18;8;3;25;64;2020;3;10;7;3;8;1;0;0;1;0;0;0;0;478983,6666;5334985,994;8,717344953;48,16776938;1
9594;8,20032E+18;8;3;17;98;2020;3;13;4;2;2;6;0;0;0;0;1;0;0;440415,7889;5375738,218;8,192901034;48,53192062;0
9595;8,20033E+18;8;1;25;98;2020;3;17;6;3;3;2;0;0;1;0;0;0;1;523437,467;5436949,006;9,320982055;49,0849505;0
9596;8,2004E+18;8;2;25;75;2020;4;18;5;3;5;3;0;0;1;0;0;0;0;530984,9745;5475315,706;9,427313455;49,42972392;0
9597;8,20032E+18;8;2;16;13;2020;3;17;6;3;4;1;0;0;1;0;1;0;0;451078,664;5395453,784;8,334998242;48,71019601;0
9598;8,20033E+18;8;2;31;0;2020;3;13;4;3;4;2;0;0;1;0;0;0;0;477651,9236;5415374,51;8,69512354;48,89091748;0
9599;8,20032E+18;8;2;12;0;2020;3;17;3;3;5;3;0;1;0;0;1;0;0;457267,3846;5428210,494;8,415698857;49,00530967;0
9600;8,20033E+18;8;4;21;0;2020;3;17;7;3;4;2;0;0;1;0;1;0;0;570093,8958;5362006,392;9,947137634;48,40731393;0
9601;8,2004E+18;8;1;27;14;2020;4;4;4;3;5;3;2;0;1;0;0;0;0;576795,1294;5442145,946;10,05263284;49,12734692;0
9602;8,20033E+18;8;1;27;14;2020;3;16;2;2;5;3;0;0;1;0;0;0;0;572378,237;5443747,637;9,992387746;49,14228868;0
9603;8,20032E+18;8;3;25;57;2020;3;4;5;3;8;1;2;0;1;0;0;0;0;476975,9138;5357081,785;8,689139269;48,36648759;0
9604;8,20032E+18;8;1;27;89;2020;3;5;2;2;9;1;2;0;1;0;0;0;0;564748,741;5438549,926;9,886958542;49,09639031;2
9605;8,20032E+18;8;2;15;100;2020;3;11;3;3;2;6;0;0;0;0;0;1;0;470892,7001;5451067,791;8,600349753;49,21170928;0
9606;8,20032E+18;8;1;18;79;2020;3;10;5;3;4;2;0;0;1;0;0;0;0;509897,906;5422559,08;9,135204163;48,95587175;0
9607;8,20032E+18;8;1;18;3;2020;3;15;7;3;9;1;0;0;1;0;0;1;0;511320,7398;5417937,279;9,154511461;48,91427107;1
9608;8,20033E+18;8;4;26;38;2020;3;13;7;2;2;6;0;0;0;0;1;0;0;559913,9043;5312875,587;9,802665217;47,96638318;0
9609;8,20032E+18;8;2;11;0;2020;3;11;4;2;4;1;0;0;0;0;1;0;0;443824,1158;5395861,757;8,236338101;48,71325452;0
9610;8,20033E+18;8;1;16;54;2020;3;17;6;3;1;7;0;0;0;0;0;1;1;533113,4276;5382021,152;9,449054587;48,59039739;0
9611;8,20033E+18;8;4;25;33;2020;3;15;7;3;5;3;0;1;0;0;0;0;0;556514,557;5347670,684;9,761742834;48,27971611;0
9612;8,2004E+18;8;1;11;0;2020;4;13;5;3;8;1;0;0;0;0;1;0;0;506600,013;5404094,65;9,089857471;48,78981335;0
9613;8,20032E+18;8;1;21;0;2020;3;13;6;3;4;6;0;0;1;0;0;0;0;519546,476;5439823,944;9,267833729;49,11094749;0
9614;8,20032E+18;8;4;36;87;2020;3;5;3;3;8;1;1;0;1;0;0;0;0;546353,4392;5303298,185;9,619978098;47,88134327;0
9615;8,20032E+18;8;2;11;0;2020;3;15;3;3;5;2;0;1;1;0;0;0;0;442377,726;5403166,636;8,215655642;48,77883117;0
9616;8,20033E+18;8;4;16;41;2020;3;15;7;2;3;2;0;1;1;0;0;0;0;504736,4652;5379046,959;9,064198809;48,56449837;0
9617;8,20033E+18;8;3;36;82;2020;3;16;3;3;2;6;0;0;1;0;0;0;0;416021,4394;5271741,608;7,882951645;47,59364455;0
9618;8,20032E+18;8;2;36;73;2020;3;14;5;2;5;3;0;0;1;0;0;0;0;478657,2266;5422797,613;8,70844942;48,95772833;0
9619;8,20033E+18;8;4;16;41;2020;3;18;7;3;8;7;1;1;0;0;0;0;0;504366,781;5372576,08;9,059120235;48,50628682;0
9620;8,2004E+18;8;2;11;0;2020;4;12;5;2;8;1;0;1;0;0;0;0;0;442360,8811;5403180,511;8,215424429;48,77895441;0
9621;8,20032E+18;8;1;36;2;2020;3;15;6;3;2;1;0;0;1;0;1;0;0;572940,908;5416250,686;9,995158226;48,89490844;0
9622;8,20033E+18;8;1;27;100;2020;3;15;4;2;8;1;0;0;0;0;0;1;0;554288,461;5433538,486;9,743009981;49,05232569;0
9623;8,20032E+18;8;4;25;79;2020;3;1;3;2;4;1;2;0;1;0;0;1;0;556465,5138;5374178,537;9,764647384;48,51817881;0
9624;8,20033E+18;8;3;37;126;2020;3;19;7;3;8;1;2;0;1;0;0;0;0;448810,4399;5278070,658;8,318315567;47,65400595;0
9625;8,2004E+18;8;1;11;0;2020;4;8;4;3;2;6;0;0;1;0;0;0;0;518270,9433;5402981,434;9,248703616;48,77956561;0
9626;8,20032E+18;8;3;16;45;2020;3;10;5;2;8;1;0;0;0;0;1;0;0;413997,098;5324513,312;7,845548316;48,06809454;0
9627;8,20032E+18;8;1;17;38;2020;3;16;2;3;2;6;0;0;1;0;0;0;0;546316,661;5398768,453;9,629970277;48,74021203;0