OBJECTID;UIDENTSTLAE;ULAND;UREGBEZ;UKREIS;UGEMEINDE;UJAHR;UMONAT;USTUNDE;UWOCHENTAG;UKATEGORIE;UART;UTYP1;ULICHTVERH;IstRad;IstPKW;IstFuss;IstKrad;IstGkfz;IstSonstige;LINREFX;LINREFY;XGCSWGS84;YGCSWGS84;STRZUSTAND
9628;8,20032E+18;8;1;25;103;2020;3;14;3;3;3;6;0;0;1;0;0;1;0;529795,9067;5464747,382;9,410123584;49,33472353;0
9629;8,20032E+18;8;1;15;45;2020;3;15;5;3;2;6;0;0;1;0;0;0;0;501579,0021;5394887,878;9,021462417;48,70702215;0
9630;8,20032E+18;8;4;36;83;2020;3;13;6;3;0;1;0;0;0;0;1;0;0;532479,8196;5301548,988;9,434293352;47,86645748;0
9631;8,20032E+18;8;1;28;115;2020;3;15;4;3;7;7;0;0;1;0;1;0;0;550862,6088;5493664,219;9,703792109;49,59341524;0
9632;8,20033E+18;8;3;17;96;2020;3;14;5;3;0;7;0;1;0;0;0;0;0;421692,1063;5369702,421;7,940451224;48,4755723;0
9633;8,20033E+18;8;3;35;100;2020;3;16;7;3;0;1;0;1;0;0;0;0;0;487754,6289;5286642,637;8,836683792;47,7330427;0
9634;8,2004E+18;8;4;15;78;2020;4;17;4;3;0;1;0;0;0;0;1;0;0;532988,4929;5374552,744;9,446768398;48,52321791;0
9635;8,20032E+18;8;1;18;16;2020;3;11;6;3;8;7;0;0;0;0;1;0;0;504582,4151;5428753,36;9,062665116;49,0116555;0
9636;8,20032E+18;8;3;35;21;2020;3;12;3;2;8;1;0;0;0;0;1;0;0;492355,8477;5300839,024;8,897799825;47,86084551;0
9637;8,20032E+18;8;1;27;14;2020;3;13;3;3;5;3;0;1;1;0;0;0;0;577084,123;5442474,809;10,05665623;49,1302685;0
9638;8,20033E+18;8;3;35;26;2020;3;18;7;3;8;7;0;1;0;0;0;0;0;480883,112;5283195,006;8,745190599;47,70185548;0
9639;8,20033E+18;8;2;31;0;2020;3;13;3;3;2;1;0;0;1;0;0;0;0;474119,703;5417428,431;8,646807087;48,90925627;0
9640;8,20032E+18;8;2;22;0;2020;3;13;5;2;1;6;0;0;1;0;0;1;0;464748,6058;5478875,801;8,513533773;49,46151316;0
9641;8,20032E+18;8;3;16;51;2020;3;15;1;3;8;1;0;0;1;0;0;0;0;400786,6541;5337670,661;7,665202215;48,18452077;0
9642;8,20032E+18;8;4;17;25;2020;3;13;4;3;2;6;0;0;1;0;0;0;1;482803,5076;5356712,653;8,767835095;48,36335237;0
9643;8,20032E+18;8;4;26;70;2020;3;12;1;3;9;1;0;0;1;0;0;0;0;559505,0908;5340420,745;9,80102819;48,21422221;0
9644;8,20032E+18;8;4;36;47;2020;3;7;4;3;1;5;0;0;1;0;0;1;0;533474,4914;5309770,202;9,448230975;47,94037319;0
9645;8,20032E+18;8;4;17;31;2020;3;8;6;3;5;3;0;0;1;0;0;0;0;497088,2669;5357750,407;8,960682179;48,37291618;0
9646;8,20032E+18;8;1;21;0;2020;3;13;4;3;5;2;0;0;1;0;1;0;0;514753,1824;5441488,86;9,202215453;49,12605773;0
9647;8,20033E+18;8;2;37;45;2020;3;7;5;2;3;6;0;0;1;0;0;0;0;458628,8732;5364464,457;8,440707837;48,43196707;0
9648;8,20032E+18;8;4;17;16;2020;3;16;3;3;5;3;0;0;1;0;0;0;0;484827,924;5342298,617;8,795684076;48,23372609;0
9649;8,20033E+18;8;3;25;53;2020;3;0;7;2;8;1;2;0;1;0;0;0;0;453902,4581;5341108,279;8,379370276;48,22152328;0
9650;8,2004E+18;8;3;17;150;2020;4;7;4;3;0;1;0;0;0;0;1;0;0;408321,166;5353041,926;7,763214298;48,3239128;1
9651;8,20032E+18;8;1;15;3;2020;3;16;6;3;3;6;0;0;1;0;1;0;0;497715,669;5392478,834;8,968963801;48,68534799;0
9652;8,20032E+18;8;1;18;47;2020;3;10;3;3;2;6;0;0;1;0;0;0;0;507607,5348;5426523,079;9,103992182;48,9915629;0
9653;8,20032E+18;8;1;25;5;2020;3;16;3;3;3;6;0;1;1;0;0;0;0;516525,0867;5450755,273;9,226882524;49,20936665;0
9654;8,20033E+18;8;3;25;49;2020;3;11;7;3;5;3;0;0;1;0;1;0;0;471534,6902;5334490,313;8,617196611;48,16301988;0
9655;8,20033E+18;8;2;26;107;2020;3;16;3;2;2;6;0;0;1;0;0;0;1;473876,9141;5484351,812;8,639138723;49,51122932;0
9656;8,20032E+18;8;2;36;33;2020;3;15;5;2;2;6;0;1;0;0;0;0;0;480359,8378;5430430,097;8,731338547;49,026443;0
9657;8,20032E+18;8;4;17;36;2020;3;6;7;3;2;6;0;0;1;0;0;0;0;502872,4378;5352848,818;9,038753756;48,32881856;1
9658;8,20032E+18;8;3;36;107;2020;3;14;4;3;8;1;0;1;0;0;0;0;0;406617,8928;5290563,409;7,753872863;47,76167131;0
9659;8,20033E+18;8;1;36;29;2020;3;22;6;3;8;1;2;0;1;0;0;0;0;569277,783;5411408,994;9,944368144;48,85177982;0
9660;8,2004E+18;8;3;15;94;2020;4;16;5;2;8;1;0;0;0;0;1;0;0;430871,8203;5319035,306;8,072914809;48,02086722;0
9661;8,20032E+18;8;3;36;50;2020;3;7;6;3;2;6;0;1;1;0;0;0;0;399780,0139;5274337,553;7,666376804;47,61468915;0
9662;8,20033E+18;8;3;17;26;2020;3;15;4;3;3;5;0;1;0;0;0;0;0;416461,3534;5343860,109;7,874821309;48,24245063;0
9663;8,20032E+18;8;1;25;86;2020;3;8;3;3;5;3;0;0;1;0;0;0;1;504306,5916;5443807,038;9,059053521;49,14707265;0
9664;8,20033E+18;8;3;17;75;2020;3;16;7;2;8;1;0;0;0;0;1;0;0;411041,417;5362725,664;7,797854612;48,41140314;0
9665;8,2004E+18;8;2;16;7;2020;4;11;4;3;3;6;0;0;1;0;0;1;0;433448,4773;5396836,345;8,095150099;48,72099978;0
9666;8,20033E+18;8;1;27;91;2020;3;8;2;3;1;2;0;0;1;0;0;0;0;577429,6962;5451830,6;10,06319306;49,21436915;0
9667;8,20032E+18;8;3;35;28;2020;3;7;5;3;5;3;0;0;1;0;0;0;0;483350,6656;5286707,802;8,777946146;47,73353041;0
9668;8,20032E+18;8;3;17;129;2020;3;15;6;3;0;2;0;0;1;0;0;0;0;431149,2364;5348389,899;8,071884547;48,28496437;0
9669;8,20032E+18;8;1;18;73;2020;3;17;4;2;4;6;0;0;1;0;1;0;0;498070,7597;5431567,777;8,973603997;49,0369868;0
9670;8,20033E+18;8;1;25;108;2020;3;14;5;2;1;6;0;0;1;0;1;0;0;492796,633;5434421,42;8,90139234;49,06261775;0
9671;8,20032E+18;8;3;36;69;2020;3;17;3;3;5;3;0;0;1;0;0;0;0;409118,1715;5268340,666;7,791851566;47,56211935;0
9672;8,20033E+18;8;3;16;37;2020;3;15;7;3;2;6;0;0;1;0;0;0;0;406842,4931;5334385,09;7,747375494;48,1558849;0
9673;8,2004E+18;8;2;26;13;2020;4;16;4;3;5;3;0;1;1;0;0;0;0;499072,5357;5478329,144;8,98720211;49,45761832;0
9674;8,20033E+18;8;1;25;59;2020;3;17;2;3;0;1;0;0;0;0;1;0;0;530253,583;5438383,583;9,414435621;49,09755755;0
9675;8,20032E+18;8;4;26;64;2020;3;15;5;3;8;1;0;0;0;0;1;0;0;540414,3519;5325527,12;9,542638545;48,08173427;0
9676;8,20032E+18;8;3;17;57;2020;3;9;2;3;7;7;0;0;0;0;0;1;0;412832,3136;5381552,653;7,818120525;48,58099271;0
9677;8,20032E+18;8;1;25;26;2020;3;16;3;3;2;6;0;0;1;0;0;0;0;490388,9417;5445261,132;8,868175182;49,16009263;0
9678;8,20033E+18;8;1;25;58;2020;3;22;3;3;2;6;2;0;1;0;0;0;0;507451,8517;5444213,951;9,102189921;49,15070287;0
9679;8,20032E+18;8;1;21;0;2020;3;11;5;3;2;6;0;0;0;0;0;1;0;514974,3587;5448084,037;9,205492261;49,18537807;0
9680;8,20032E+18;8;3;15;22;2020;3;15;7;3;3;6;0;0;1;0;0;0;0;398221,0412;5301524,247;7,639279805;47,85899243;1
9681;8,20033E+18;8;1;18;11;2020;3;16;3;3;2;7;0;0;1;0;0;1;0;506151,8925;5408425,548;9,083821347;48,8287783;0
9682;8,20032E+18;8;2;35;6;2020;3;16;4;3;8;1;0;0;0;0;1;0;0;467470,7085;5381971,039;8,55887062;48,58997719;0
9683;8,20033E+18;8;1;19;67;2020;3;13;6;2;8;6;0;0;0;0;1;0;1;535994,0791;5410627,337;9,490614201;48,84757192;0
9684;8,2004E+18;8;2;26;38;2020;4;12;5;3;5;2;0;0;1;0;1;0;0;473792,2436;5480639,319;8,638215335;49,47783304;0
9685;8,20032E+18;8;2;15;59;2020;3;8;6;3;5;3;0;0;1;0;0;0;0;485857,2614;5435155,563;8,806373313;49,06910146;0
9686;8,20033E+18;8;2;11;0;2020;3;23;4;3;5;3;2;0;1;0;0;0;0;440789,9242;5403540,769;8,193991079;48,78204742;0
9687;8,20032E+18;8;1;19;67;2020;3;11;3;2;3;2;0;1;1;0;0;0;0;539143,2612;5405774,363;9,533073756;48,80372635;0
9688;8,20033E+18;8;3;36;78;2020;3;15;7;1;4;1;0;0;0;0;1;0;0;399990,9375;5291277,367;7,665299854;47,76709937;0
9689;8,2004E+18;8;1;19;84;2020;4;9;4;3;2;6;0;0;1;0;0;0;0;546137,9533;5412446,32;9,629076643;48,86326298;0
9690;8,20033E+18;8;2;25;109;2020;3;7;2;3;8;6;0;0;0;0;0;0;1;524591,4302;5494729,781;9,34035168;49,60463889;0
9691;8,20032E+18;8;3;17;96;2020;3;16;5;3;5;3;0;1;0;0;0;0;1;421835,7772;5368846,242;7,942554875;48,46788892;0
9692;8,20032E+18;8;1;25;107;2020;3;4;2;2;5;3;2;1;1;0;0;0;0;535106,561;5438127,607;9,480890721;49,0949972;0
9693;8,20032E+18;8;1;18;50;2020;3;15;3;2;5;3;0;0;0;0;1;0;1;502115,467;5415473,905;9,028860306;48,89221101;0
9694;8,20033E+18;8;1;17;2;2020;3;7;3;3;5;3;0;0;1;0;0;0;0;541698,9517;5387890,114;9,566068419;48,64268042;0
9695;8,20032E+18;8;1;17;24;2020;3;18;5;3;9;1;0;0;0;0;1;0;0;560830,4954;5384720,503;9,825292715;48,61259988;0
9696;8,20032E+18;8;1;17;53;2020;3;15;7;3;5;3;0;0;1;0;0;0;1;550730,959;5401442,303;9,690335894;48,76392039;1
9697;8,20032E+18;8;2;22;0;2020;3;13;2;3;2;6;0;0;1;0;0;0;0;463947,3373;5483716,136;8,502035445;49,50500263;0
9698;8,20032E+18;8;1;18;48;2020;3;15;3;2;3;2;0;1;1;0;0;0;0;514745,247;5416647,153;9,201204082;48,90259339;0
9699;8,20033E+18;8;1;11;0;2020;3;13;3;3;5;2;0;0;1;0;1;0;0;509877,696;5401378,159;9,134416909;48,76533253;0
9700;8,20032E+18;8;1;19;79;2020;3;16;5;2;5;2;0;0;1;0;1;0;0;522928,3474;5415117,421;9,312778074;48,8885836;0
9701;8,20032E+18;8;1;27;100;2020;3;16;7;3;8;1;0;0;1;0;0;0;0;552886,4228;5436460,707;9,724204734;49,0787324;1
9702;8,20033E+18;8;2;35;67;2020;3;16;7;2;2;1;0;0;1;0;1;0;0;485145,845;5398614,906;8,797962882;48,74037558;0
9703;8,20032E+18;8;2;12;0;2020;3;16;4;3;8;3;0;0;1;0;0;1;0;458761,8384;5426589,159;8,436296704;48,99082713;0
9704;8,20033E+18;8;1;18;80;2020;3;14;6;3;3;7;0;0;1;0;0;0;1;508467,9681;5411315,465;9,115438231;48,85474828;0
9705;8,20033E+18;8;2;36;40;2020;3;15;7;2;5;3;0;0;1;0;1;0;0;488314,7265;5425647,687;8,840291997;48,98362452;0
9706;8,2004E+18;8;1;27;52;2020;4;19;5;3;0;7;1;1;0;0;0;0;0;539981,8915;5435925,331;9,547452328;49,07489006;0
9707;8,20032E+18;8;1;27;104;2020;3;19;6;2;8;1;2;0;0;0;0;0;1;579019,2015;5434242,123;10,08156715;49,05597906;0
9708;8,20033E+18;8;1;25;26;2020;3;16;4;3;5;3;0;0;1;0;0;0;0;497891,529;5438425,546;8,971116015;49,09867534;0
9709;8,20032E+18;8;1;18;40;2020;3;16;3;3;1;6;0;0;1;0;0;0;0;510572,1617;5431751,178;9,144653619;49,03854896;0
9710;8,20033E+18;8;2;15;47;2020;3;19;7;2;8;1;2;0;0;0;1;0;0;457082,326;5413272,45;8,41474172;48,8709255;0
9711;8,20033E+18;8;4;35;66;2020;3;17;3;3;5;3;0;1;1;0;0;0;0;518431,574;5286955,154;9,245834023;47,73570751;0
9712;8,20032E+18;8;3;11;0;2020;3;6;5;3;1;6;0;0;1;0;0;1;0;411406,9844;5323810,558;7,810933446;48,06141862;0
9713;8,20032E+18;8;1;16;77;2020;3;6;2;3;0;1;0;0;0;0;1;0;0;516052,155;5392577,677;9,218096592;48,68603493;2
9714;8,20033E+18;8;4;35;16;2020;3;11;2;2;0;1;0;1;0;0;0;0;0;536805,527;5281745,047;9,490452516;47,68804398;0
9715;8,20032E+18;8;1;11;0;2020;3;14;5;3;2;7;0;0;0;0;1;1;0;513617,8955;5402388,572;9,185347218;48,77435154;0
9716;8,20032E+18;8;4;35;57;2020;3;12;6;3;2;2;0;0;1;0;0;0;0;541156,6327;5279811,142;9,548248313;47,67038163;0
9717;8,20032E+18;8;1;27;89;2020;3;0;4;3;8;1;2;0;1;0;0;0;0;566787,6137;5439993,772;9,91512307;49,10915874;0
9718;8,20033E+18;8;3;15;108;2020;3;7;5;3;2;6;0;0;1;0;0;0;0;404798,6291;5303958,161;7,726658487;47,88189432;0
9719;8,20032E+18;8;1;11;0;2020;3;8;4;2;5;2;0;1;1;0;0;0;0;507764,7334;5397438,357;9,105589229;48,72992004;0
9720;8,20033E+18;8;2;12;0;2020;3;12;7;2;2;6;0;0;1;0;1;0;0;460625,7062;5425653,957;8,461864158;48,98253643;0
9721;8,2004E+18;8;3;37;106;2020;4;15;4;2;8;1;0;0;1;0;0;0;0;458319,8656;5291687,1;8,443641842;47,77719845;0
9722;8,20032E+18;8;4;25;31;2020;3;11;6;2;3;2;0;0;1;0;0;0;1;563181,8353;5370275,123;9,854998043;48,48242604;0
9723;8,20032E+18;8;1;36;65;2020;3;7;4;3;5;3;0;0;1;0;0;0;0;557733,6586;5407382,9;9,786453039;48,8167465;0
9724;8,20033E+18;8;1;16;33;2020;3;15;6;3;4;2;0;1;1;0;0;0;0;531016,9549;5389451,952;9,421180782;48,65735195;0
9725;8,20033E+18;8;1;36;27;2020;3;16;7;2;4;1;0;0;0;0;1;0;0;551734,4418;5419874,856;9,706318121;48,92964183;0
9726;8,2004E+18;8;4;35;59;2020;4;8;4;3;0;1;0;0;0;0;0;0;1;507224,6982;5297275,13;9,096532687;47,82878451;0
9727;8,20032E+18;8;1;19;91;2020;3;14;6;3;8;2;0;0;0;0;1;0;0;526938,535;5406825,6;9,366936664;48,8138318;0
9728;8,20032E+18;8;4;26;70;2020;3;8;3;3;9;1;0;0;1;0;0;0;0;565282,8433;5340206,359;9,878763366;48,21172548;0
9729;8,20032E+18;8;1;18;54;2020;3;10;3;2;8;1;0;0;1;0;0;0;0;518324,1953;5422405,017;9,250298406;48,95429354;1
9730;8,20033E+18;8;1;27;14;2020;3;12;7;3;1;5;0;0;1;0;0;0;1;578090,2737;5443305,864;10,07060684;49,13761583;0
9731;8,20033E+18;8;3;15;16;2020;3;16;3;3;4;6;0;0;1;0;0;0;0;426852,151;5309867,327;8,020575883;47,93794534;0
9732;8,20032E+18;8;2;35;6;2020;3;9;5;3;0;7;0;0;0;0;1;0;0;471801,1607;5381561,571;8,617622161;48,58650358;0
9733;8,20032E+18;8;3;17;121;2020;3;13;1;3;5;3;0;0;1;0;1;0;0;420749,7366;5340943,519;7,933116207;48,21676579;0
9734;8,20033E+18;8;4;21;0;2020;3;13;2;3;2;6;0;0;1;0;0;0;0;574551,1148;5364257,32;10,00775615;48,42704986;0
9735;8,20032E+18;8;4;35;13;2020;3;17;4;3;0;3;0;0;1;0;1;0;0;540552,2164;5275058,848;9,539756514;47,62766182;0
9736;8,20032E+18;8;4;15;93;2020;3;15;6;3;9;1;0;0;0;0;1;0;0;529052,163;5365898,837;9,392857735;48,44556006;0
9737;8,20032E+18;8;1;19;20;2020;3;13;4;3;5;2;0;0;1;0;0;0;0;519691,8702;5405133,231;9,268148148;48,79887949;0
9738;8,20033E+18;8;2;12;0;2020;3;13;5;3;6;4;0;0;1;1;0;0;0;459266,3658;5428071,746;8,443044306;49,00419678;0
9739;8,20032E+18;8;4;15;50;2020;3;1;3;3;8;1;2;0;1;0;0;0;0;520461,8006;5375208,67;9,277152311;48,52965216;0
9740;8,20033E+18;8;1;25;59;2020;3;15;7;3;0;1;0;0;0;0;1;0;0;528812,3074;5437796,028;9,394650581;49,09234154;0
9741;8,2004E+18;8;3;15;98;2020;4;17;4;2;5;3;0;0;1;0;0;0;0;404117,5516;5312442,256;7,715663491;47,95810783;0
9742;8,20033E+18;8;1;16;22;2020;3;20;2;1;4;6;2;0;1;0;0;0;0;523681,9433;5381185,172;9,321108123;48,58330454;0
9743;8,20032E+18;8;4;37;47;2020;3;15;5;3;5;3;0;0;0;0;1;0;1;519220,1733;5336498,283;9,25856661;48,18143203;0
9744;8,20032E+18;8;4;36;96;2020;3;14;2;3;0;7;0;0;1;0;0;0;0;544414,4583;5301947,559;9,593906787;47,86932892;0
9745;8,20032E+18;8;1;16;33;2020;3;5;3;2;8;1;2;0;1;0;0;0;0;533627,379;5386556,121;9,456391622;48,63116632;0
9746;8,20033E+18;8;1;25;108;2020;3;15;7;2;2;6;0;0;1;0;1;0;0;490791,619;5431892,83;8,874003043;49,03984507;0
9747;8,20033E+18;8;2;15;9;2020;3;2;3;3;2;7;2;0;0;0;0;1;0;467209,8788;5440437,777;8,550651283;49,11590541;0
9748;8,20032E+18;8;1;35;16;2020;3;14;5;3;5;3;0;1;1;0;0;0;0;591170,1408;5386899,225;10,23730888;48,6285108;0
9749;8,20032E+18;8;3;35;43;2020;3;15;7;3;0;1;0;0;0;0;1;0;0;513118,8745;5279692,052;9,174756917;47,67048684;0
9750;8,20032E+18;8;2;26;105;2020;3;12;3;3;5;3;0;1;1;0;0;0;0;471060,7718;5479353,999;8,600603694;49,46614795;0
9751;8,20032E+18;8;1;16;73;2020;3;16;3;2;4;6;0;1;1;0;0;0;0;522923,1406;5387842,318;9,311187347;48,64322105;0
9752;8,20033E+18;8;1;25;87;2020;3;20;7;2;4;1;2;0;1;0;1;0;0;507238,0702;5456900,202;9,099486962;49,26482178;0
9753;8,20033E+18;8;2;26;85;2020;3;1;3;3;9;1;2;0;1;0;0;0;0;490553,8562;5456530,758;8,870171953;49,26146845;0
9754;8,20032E+18;8;2;16;15;2020;3;19;5;3;1;1;2;0;1;0;0;0;0;454173,2681;5410373,573;8,375398493;48,84464105;0
9755;8,20032E+18;8;2;26;38;2020;3;9;1;3;4;6;0;1;0;0;0;0;0;471471,2631;5480514,949;8,606185122;49,47660973;0
9756;8,20032E+18;8;4;15;58;2020;3;16;4;2;8;1;0;0;0;0;1;0;0;528231,0867;5345247,717;9,380369688;48,25981099;0
9757;8,20033E+18;8;2;16;43;2020;3;17;6;3;5;3;0;1;1;0;0;0;0;441683,4089;5413620,595;8,204719015;48,87280008;0
9758;8,2004E+18;8;3;17;96;2020;4;8;5;2;8;7;0;1;0;0;0;0;0;425341,6823;5371433,562;7,989514503;48,49158793;0
9759;8,20032E+18;8;3;17;98;2020;3;16;6;3;0;1;0;1;0;0;0;0;0;437152,2441;5370849,909;8,149435856;48,48762998;0
9760;8,20032E+18;8;1;15;37;2020;3;15;4;3;9;1;0;0;0;0;1;0;0;493920,761;5387038,171;8,917484025;48,6363776;0
9761;8,20033E+18;8;1;19;8;2020;3;9;5;3;2;6;0;0;1;0;0;1;0;530842,0418;5422831,217;9,421313717;48,95762968;0
9762;8,20032E+18;8;3;35;43;2020;3;7;3;2;5;3;0;0;1;0;1;0;0;512123,609;5278735,011;9,161472452;47,66189512;0
9763;8,20033E+18;8;1;25;26;2020;3;17;7;3;5;3;0;0;1;0;1;0;0;492719,202;5441318,289;8,900208102;49,12465732;0
9764;8,2004E+18;8;2;22;0;2020;4;15;4;3;2;6;0;0;1;0;0;0;0;463875,1802;5481983,693;8,501197238;49,48941587;0
9765;8,20033E+18;8;4;37;124;2020;3;7;1;3;9;1;1;0;1;0;0;0;0;516343,2673;5301272,273;9,218520647;47,86458116;0
9766;8,20032E+18;8;4;26;65;2020;3;9;5;2;8;1;0;0;0;0;1;0;0;580443,6575;5331557,948;10,08117;48,13218952;0
9767;8,20032E+18;8;2;36;38;2020;3;6;2;3;2;6;0;0;1;0;0;0;0;487586,5247;5426391,578;8,830316653;48,99030205;0
9768;8,20032E+18;8;1;16;58;2020;3;15;3;3;0;7;0;0;0;0;0;0;1;533969,1984;5395211,112;9,461741493;48,70900677;0
9769;8,20033E+18;8;4;17;22;2020;3;5;2;3;4;2;2;0;1;0;0;0;0;483094,9131;5349535,765;8,772057193;48,29879268;2
9770;8,20032E+18;8;1;25;63;2020;3;1;5;3;0;7;2;0;0;0;1;0;0;525595,2959;5459024,191;9,351938928;49,28343434;0
9771;8,20032E+18;8;2;31;0;2020;3;16;7;3;9;1;0;0;1;0;0;0;0;474573,9299;5417397,755;8,653007792;48,90899915;1
9772;8,20033E+18;8;3;26;6;2020;3;19;2;2;8;1;0;0;1;0;0;0;0;457184,8574;5312006,325;8,426478826;47,95993496;0
9773;8,20032E+18;8;2;26;103;2020;3;8;4;3;3;3;0;0;1;0;0;1;0;472819,2363;5458484,84;8,6262978;49,27851443;0
9774;8,20033E+18;8;1;19;1;2020;3;23;6;3;9;7;2;0;1;0;0;0;0;552407,9879;5412794,333;9,71460465;48,86589532;0
9775;8,2004E+18;8;2;15;21;2020;4;14;5;3;2;6;0;0;0;0;0;1;0;468432,4;5445181,396;8,567032436;49,15863893;0
9776;8,20032E+18;8;2;15;102;2020;3;14;6;3;2;2;0;0;1;0;0;0;0;459886,3808;5432320,404;8,451101273;49,04245477;0
9777;8,20033E+18;8;1;36;19;2020;3;14;4;3;5;3;0;0;1;0;0;0;0;576321,543;5424549,162;10,04282711;48,96913966;0
9778;8,20032E+18;8;1;11;0;2020;3;6;3;3;3;6;0;0;1;0;0;1;0;516180,5274;5403909,501;9,220285697;48,78797229;0
9779;8,20032E+18;8;3;17;153;2020;3;18;4;3;9;1;0;0;0;0;1;0;0;423197,2346;5386167,532;7,957775646;48,62385896;0
9780;8,20033E+18;8;1;26;72;2020;3;13;6;3;3;6;0;0;1;0;0;0;0;538680,7965;5465608,716;9,53249767;49,34197235;0
9781;8,2004E+18;8;2;26;85;2020;4;13;5;3;3;3;0;0;1;0;0;1;0;489440,2687;5455186,787;8,854902266;49,24936096;0
9782;8,20032E+18;8;2;35;65;2020;3;7;6;2;8;1;0;0;1;0;0;0;0;472749,4823;5406245,556;8,628852348;48,80860028;0
9783;8,20033E+18;8;2;35;6;2020;3;14;4;3;8;1;0;0;1;0;0;0;0;468297,5309;5381725,201;8,570101576;48,58780804;0
9784;8,20032E+18;8;4;37;107;2020;3;17;2;3;5;3;0;0;1;0;1;0;0;505063,5391;5330102,642;9,068043383;48,12416145;0
9785;8,20033E+18;8;1;19;1;2020;3;14;7;2;0;7;0;0;0;0;1;0;0;551292,447;5415807,13;9,699772945;48,89308909;0
9786;8,2004E+18;8;1;35;19;2020;4;17;4;3;2;6;0;0;1;0;0;0;0;585989,7069;5394333,528;10,16856361;48,69611072;0
9787;8,20033E+18;8;4;26;1;2020;3;3;1;3;8;1;2;0;1;0;0;0;0;566208,327;5344368,258;9,891869994;48,24906893;0
9788;8,20032E+18;8;3;25;53;2020;3;17;5;3;2;6;0;0;1;0;1;0;0;458743,329;5344666,987;8,444194816;48,25387213;0
9789;8,20032E+18;8;1;35;16;2020;3;7;2;3;0;7;0;0;1;0;0;1;0;590044,248;5389136,787;10,22251883;48,64879885;1
9790;8,20032E+18;8;4;37;86;2020;3;6;2;3;5;3;1;0;1;0;0;0;0;524830,2544;5315171,723;9,332797094;47,98936457;0
9791;8,20032E+18;8;1;19;8;2020;3;9;5;2;6;7;0;0;1;1;0;0;0;531891,4087;5421404,746;9,435536325;48,94474471;0
9792;8,20032E+18;8;1;25;111;2020;3;7;7;3;8;1;0;0;1;0;0;0;0;529308,915;5455921,638;9,402773221;49,25536016;1
9793;8,20033E+18;8;1;36;42;2020;3;15;7;2;3;7;0;0;1;0;1;0;0;545662,1021;5403803,405;9,621626636;48,78555205;0
9794;8,20032E+18;8;2;11;0;2020;3;13;4;3;3;6;0;1;0;0;0;0;1;442367,763;5399772,107;8,215995476;48,74829597;0
9795;8,20033E+18;8;1;18;49;2020;3;6;6;3;5;3;0;1;1;0;0;0;0;518585,469;5421041,315;9,253804999;48,94201841;0
9796;8,20033E+18;8;1;18;53;2020;3;16;7;3;1;2;0;0;1;0;1;0;0;515562,8993;5428029,027;9,212796182;49,00496048;0
9797;8,2004E+18;8;1;11;0;2020;4;18;5;2;0;3;0;0;1;0;0;0;1;517429,281;5400629,426;9,237147379;48,75843133;0
9798;8,20032E+18;8;1;25;110;2020;3;16;6;2;3;2;0;0;1;0;1;0;0;526582,4649;5443935,059;9,364512926;49,147664;0
9799;8,20033E+18;8;1;16;80;2020;3;13;4;2;5;3;0;0;1;0;0;1;1;517486,7313;5398157,303;9,23782409;48,73619066;0
9800;8,20032E+18;8;4;36;11;2020;3;14;2;3;2;2;0;0;1;0;0;0;0;548609,9509;5297090,378;9,649459238;47,82532571;0
9801;8,20033E+18;8;1;18;68;2020;3;20;7;3;2;6;2;0;1;0;1;0;0;499919,866;5422049,987;8,998905478;48,95137133;0
9802;8,20033E+18;8;3;36;91;2020;3;16;3;3;5;3;0;0;1;0;1;0;0;394306,4203;5271799,448;7,594173871;47,59098888;0
9803;8,20032E+18;8;2;31;0;2020;3;0;5;3;5;3;2;1;1;0;0;0;0;477800,701;5415670,374;8,697137083;48,89358432;0
9804;8,20032E+18;8;1;16;14;2020;3;6;2;2;1;7;0;0;0;0;0;1;1;528364,7929;5396021,966;9,385618829;48,71658121;0
9805;8,20033E+18;8;3;16;10;2020;3;8;2;3;5;3;0;1;1;0;0;0;0;430245,447;5335404,564;8,061840491;48,16805426;0
9806;8,20032E+18;8;4;36;82;2020;3;17;4;3;5;2;0;0;1;0;1;0;0;550061,1735;5295235,077;9,668632785;47,8085225;0
9807;8,20033E+18;8;1;17;23;2020;3;8;7;3;9;1;0;0;1;0;0;0;0;548456,2216;5386881,249;9,657675341;48,63311777;0
9808;8,2004E+18;8;1;17;18;2020;4;15;4;3;8;1;0;0;0;0;1;0;0;538843,2954;5395081,673;9,527979899;48,70755783;0
9809;8,20032E+18;8;3;17;31;2020;3;13;5;2;5;3;0;1;0;0;1;0;0;414218,0709;5360593,383;7,84120892;48,39266433;0
9810;8,20032E+18;8;1;18;11;2020;3;10;2;3;5;3;0;0;1;0;0;0;0;502201,526;5409023,63;9,029999667;48,83418514;0
9811;8,20032E+18;8;4;36;6;2020;3;9;2;3;5;3;0;0;1;0;0;0;0;559830,5465;5283564,948;9,797497571;47,70269574;0
9812;8,20032E+18;8;1;15;45;2020;3;5;5;3;5;3;1;0;1;0;0;0;0;502394,8412;5394893,917;9,032551657;48,70707388;0
9813;8,20032E+18;8;4;36;10;2020;3;9;6;2;5;3;0;0;1;0;0;0;1;563465,795;5310919,847;9,849955906;47,94844646;0
9814;8,20032E+18;8;1;28;64;2020;3;11;4;3;5;2;0;0;1;0;1;0;0;533466,589;5504368,39;9,464005759;49,69090521;0