OBJECTID;UIDENTSTLAE;ULAND;UREGBEZ;UKREIS;UGEMEINDE;UJAHR;UMONAT;USTUNDE;UWOCHENTAG;UKATEGORIE;UART;UTYP1;ULICHTVERH;IstRad;IstPKW;IstFuss;IstKrad;IstGkfz;IstSonstige;LINREFX;LINREFY;XGCSWGS84;YGCSWGS84;STRZUSTAND
9815;8,20033E+18;8;3;35;75;2020;3;18;5;3;0;7;0;1;0;0;0;0;0;489095,5947;5290159,243;8,854479984;47,7647076;0
9816;8,20033E+18;8;1;16;49;2020;3;15;7;3;0;7;0;0;0;0;1;0;1;527820,6509;5386176,982;9,377559089;48,6280409;1
9817;8,2004E+18;8;4;26;71;2020;4;12;4;3;8;1;0;0;1;0;0;0;0;566478,2987;5333139,242;9,893747389;48,14802694;0
9818;8,20032E+18;8;1;19;85;2020;3;6;6;3;3;2;0;1;1;0;0;0;0;529404,7667;5414109,386;9,401051907;48,87924228;0
9819;8,20032E+18;8;3;36;107;2020;3;13;3;2;4;6;0;1;1;0;0;0;0;409052,3052;5286076,961;7,787288772;47,72166121;0
9820;8,20032E+18;8;4;36;82;2020;3;17;2;3;2;6;0;0;1;0;0;0;0;547660,6132;5294705,582;9,636514037;47,80394094;0
9821;8,20033E+18;8;1;16;15;2020;3;11;7;3;5;3;0;1;1;0;0;0;0;522535,9262;5394681,251;9,306303614;48,70475817;0
9822;8,20033E+18;8;3;36;50;2020;3;10;3;3;9;1;0;0;1;0;0;0;0;400890,1529;5275030,382;7,680988558;47,62109219;0
9823;8,20032E+18;8;2;26;37;2020;3;16;5;3;2;6;0;0;1;0;0;0;0;467107,9167;5469219,336;8,546891308;49,3747887;0
9824;8,20032E+18;8;3;17;153;2020;3;16;1;3;9;1;0;1;0;0;1;0;0;422735,7591;5387006,036;7,951358178;48,6313442;0
9825;8,20032E+18;8;4;25;139;2020;3;19;4;3;3;6;2;0;1;0;0;0;1;549202,392;5367826,834;9,665550546;48,46165138;0
9826;8,20032E+18;8;3;37;96;2020;3;8;6;3;5;3;0;1;1;0;0;0;0;421090,1365;5267735,861;7,951081355;47,55824417;0
9827;8,20032E+18;8;1;18;19;2020;3;21;4;3;8;6;2;0;1;0;0;0;0;505139,0104;5400449,342;9,069920764;48,75703408;0
9828;8,20033E+18;8;1;36;9;2020;3;13;5;2;5;3;0;0;1;0;0;0;0;569147,634;5406262,229;9,941726275;48,8055009;0
9829;8,20032E+18;8;3;37;96;2020;3;16;3;1;4;6;0;0;1;0;0;0;0;421158,2784;5268533,265;7,951843887;47,5654262;0
9830;8,20033E+18;8;1;16;58;2020;3;17;7;3;3;6;0;1;1;0;0;0;0;534287,8172;5395240,886;9,466074786;48,70925718;0
9831;8,2004E+18;8;2;35;50;2020;4;16;4;3;9;1;0;0;0;0;1;0;0;471218,088;5392700,619;8,608942114;48,68668367;0
9832;8,20032E+18;8;4;26;1;2020;3;15;6;3;4;6;0;0;1;0;1;0;0;567095,3463;5346903,941;9,904219411;48,27178577;0
9833;8,20032E+18;8;1;26;66;2020;3;2;4;2;2;1;2;0;0;0;0;1;1;533605,9725;5449814,478;9,461311255;49,2002055;0
9834;8,20033E+18;8;2;37;24;2020;3;8;5;2;8;7;0;0;1;0;0;0;0;477757,6638;5360856,224;8,699494129;48,40047221;0
9835;8,20032E+18;8;4;25;39;2020;3;7;3;2;4;6;0;0;1;0;0;0;0;564477,283;5351705,954;9,869674345;48,31525518;0
9836;8,20033E+18;8;1;15;28;2020;3;11;7;3;4;2;0;0;1;0;1;0;0;500151,4928;5406796,57;9,002063534;48,81415463;0
9837;8,2004E+18;8;3;17;40;2020;4;7;4;2;5;3;0;0;1;0;1;0;0;432596,5213;5346914,449;8,091626867;48,27184757;0
9838;8,20032E+18;8;1;15;21;2020;3;14;6;3;5;3;0;1;1;0;0;0;0;489614,1157;5382527,469;8,859141264;48,59574175;0
9839;8,20032E+18;8;1;21;0;2020;3;18;3;3;5;3;0;0;1;0;0;0;0;514552,8583;5444432,144;9,199575992;49,15253835;0
9840;8,20032E+18;8;4;36;10;2020;3;15;2;3;4;6;0;1;0;0;0;0;0;566637,5189;5305972,822;9,891662239;47,9036198;0
9841;8,20033E+18;8;4;36;81;2020;3;13;6;3;2;6;0;0;1;0;0;0;0;562343,0282;5282441,596;9,830822979;47,69235165;0
9842;8,20033E+18;8;2;22;0;2020;3;16;3;3;5;3;0;0;1;0;0;0;0;464222,3552;5483924,901;8,50581497;49,50689665;0
9843;8,20032E+18;8;2;15;84;2020;3;8;5;3;0;7;0;0;0;0;0;0;1;473827,1331;5447882,357;8,640846876;49,18318826;0
9844;8,20032E+18;8;4;26;21;2020;3;0;7;2;9;1;2;0;1;0;0;0;0;559297,447;5327872,138;9,796483928;48,10135355;1
9845;8,20033E+18;8;3;15;48;2020;3;18;2;3;0;1;0;0;0;0;1;0;0;394477,1702;5307097,678;7,587879942;47,90851939;0
9846;8,20032E+18;8;3;37;127;2020;3;11;4;3;4;2;0;0;1;0;0;0;0;458184,544;5300406,819;8,440994165;47,85564141;0
9847;8,20033E+18;8;2;16;49;2020;3;21;6;3;5;2;2;0;1;0;0;0;0;439439,7438;5402657,047;8,17574361;48,77396832;0
9848;8,2004E+18;8;3;11;0;2020;4;7;5;1;5;2;0;1;0;0;0;1;0;411025,2026;5318481,88;7,806917752;48,0134331;0
9849;8,20032E+18;8;3;17;121;2020;3;15;6;2;4;1;0;1;0;0;0;0;1;421529,801;5341463,95;7,943519408;48,2215442;0
9850;8,20032E+18;8;1;15;51;2020;3;16;4;2;0;2;0;0;1;0;0;0;0;503710,9069;5383733,256;9,050340086;48,60666444;0
9851;8,20033E+18;8;1;15;28;2020;3;13;5;2;2;6;0;0;1;0;0;0;0;499252,8562;5404344,888;8,989827369;48,79209905;0
9852;8,20032E+18;8;4;36;8;2020;3;18;2;2;4;7;1;0;1;0;0;0;0;548582,7987;5310241,108;9,650576369;47,94364211;0
9853;8,20033E+18;8;4;36;69;2020;3;7;6;3;0;1;0;0;1;0;0;0;0;549514,4703;5292663,91;9,661037861;47,78543225;0
9854;8,2004E+18;8;2;16;24;2020;4;23;4;3;1;7;2;0;1;0;0;0;0;445797,5168;5408600,39;8,261483742;48,82801611;0
9855;8,20033E+18;8;4;26;74;2020;3;16;1;3;8;1;0;0;1;0;0;0;0;553350,6032;5326251,97;9,716410188;48,08730382;1
9856;8,20032E+18;8;4;16;36;2020;3;18;5;3;0;1;0;0;0;0;1;0;0;484798,4299;5371936,772;8,794215474;48,5003666;0
9857;8,20032E+18;8;2;26;95;2020;3;7;2;3;0;7;0;0;0;0;0;1;1;472829,9292;5460932,15;8,626278449;49,30052839;0
9858;8,20032E+18;8;4;35;16;2020;3;14;2;2;5;3;0;0;1;0;0;0;0;536997,5351;5279054,45;9,492783039;47,66382474;0
9859;8,20032E+18;8;1;25;56;2020;3;23;5;2;8;1;2;0;0;0;1;0;0;511735,0866;5434045,486;9,160631749;49,05916637;0
9860;8,20033E+18;8;4;17;16;2020;3;10;1;3;8;7;0;0;1;0;0;0;0;485614,2287;5343400,37;8,806235416;48,24365663;0
9861;8,20032E+18;8;4;26;124;2020;3;14;5;2;7;7;0;1;0;1;0;0;0;543919,2692;5337690,734;9,590950619;48,19093229;0
9862;8,20032E+18;8;3;37;128;2020;3;14;2;2;9;1;0;0;0;0;1;0;0;451133,0738;5286566,744;8,348291949;47,73062559;0
9863;8,20032E+18;8;4;35;52;2020;3;16;2;3;2;2;0;0;1;0;0;0;0;520971,4133;5288883,544;9,279802104;47,7529806;0
9864;8,20033E+18;8;1;25;102;2020;3;17;3;3;4;2;0;0;1;0;0;0;0;522592,7898;5442890,013;9,309746693;49,13842329;0
9865;8,20032E+18;8;2;25;75;2020;3;10;5;3;3;1;0;0;1;0;0;0;0;534931,3618;5474370,079;9,481652862;49,42100445;0
9866;8,20032E+18;8;3;15;76;2020;3;6;7;2;8;1;0;0;1;0;0;0;0;393944,8725;5302902,943;7,581789585;47,87070162;0
9867;8,20032E+18;8;3;17;141;2020;3;16;4;2;5;3;0;0;1;0;1;0;0;419877,334;5378132,551;7,914281841;48,5511707;0
9868;8,20033E+18;8;1;25;6;2020;3;16;6;3;5;3;0;0;1;0;0;0;0;505791,2204;5451018,796;9,079515121;49,21193256;0
9869;8,2004E+18;8;2;25;74;2020;4;14;5;3;4;6;0;0;1;0;0;0;0;505831,8858;5466956,123;9,080305934;49,35529104;0
9870;8,20032E+18;8;2;16;41;2020;3;11;6;3;6;6;0;1;0;1;0;0;0;435298,6134;5391640,721;8,12111584;48,67445976;0
9871;8,20033E+18;8;2;22;0;2020;3;14;4;3;1;6;0;0;1;0;0;0;0;464568,1522;5477045,975;8,511207315;49,44504415;0
9872;8,20032E+18;8;4;35;57;2020;3;17;2;3;4;2;0;1;1;0;0;0;0;544092,7559;5280372,998;9,587415147;47,67524324;0
9873;8,20033E+18;8;4;35;16;2020;3;12;6;3;2;6;0;0;1;0;0;0;0;529997,1472;5283824,226;9,399872915;47,70710319;0
9874;8,2004E+18;8;1;25;7;2020;4;14;4;3;5;3;0;0;1;0;1;0;0;509683,7919;5452778,582;9,133003598;49,22771313;0
9875;8,20033E+18;8;4;15;29;2020;3;0;1;3;7;7;2;0;0;0;1;0;0;522235,0739;5378632,851;9,301353552;48,56039647;0
9876;8,20032E+18;8;3;17;11;2020;3;13;5;3;0;6;0;1;1;0;0;0;0;425633,3;5353346,097;7,996666983;48,32892293;0
9877;8,20032E+18;8;1;26;39;2020;3;5;2;3;4;2;0;0;1;0;0;0;0;546141,804;5461459,795;9,634723396;49,30413585;0
9878;8,20032E+18;8;4;35;35;2020;3;14;2;3;0;3;0;1;1;0;0;0;0;542575,5461;5283361,202;9,567495104;47,70223051;0
9879;8,20032E+18;8;1;17;18;2020;3;5;5;3;2;6;1;0;1;0;0;0;0;537034,1099;5395520,228;9,503428802;48,71161301;0
9880;8,20032E+18;8;1;18;63;2020;3;5;7;3;2;7;2;0;0;0;0;1;1;515671,5914;5422614,472;9,214073648;48,95625064;0
9881;8,20032E+18;8;2;16;63;2020;3;15;4;2;5;3;0;1;1;0;0;0;0;427300,8678;5401007,497;8,010842277;48,75783133;0
9882;8,20033E+18;8;1;16;70;2020;3;16;6;2;3;6;0;0;1;0;1;0;0;540415,4935;5382338,046;9,548105187;48,59281941;0
9883;8,20033E+18;8;4;25;85;2020;3;11;6;3;4;6;0;0;1;0;0;0;1;581917,3118;5376295,091;10,10967078;48,53441154;0
9884;8,2004E+18;8;4;37;100;2020;4;7;4;3;8;1;0;0;1;0;0;0;0;538867,6272;5318280,393;9,521213489;48,01663356;2
9885;8,20032E+18;8;1;19;42;2020;3;17;6;3;5;1;0;0;1;0;0;0;0;530695,835;5416553,161;9,418843898;48,90116279;0
9886;8,20032E+18;8;1;36;34;2020;3;20;7;3;8;1;2;0;1;0;0;0;0;564658,386;5408520,884;9,880950651;48,82630039;0
9887;8,20033E+18;8;3;37;60;2020;3;15;6;2;8;1;0;0;1;0;0;0;0;467560,8647;5277460,594;8,56804826;47,64972876;0
9888;8,20032E+18;8;2;15;84;2020;3;12;4;3;5;3;0;0;0;0;1;1;0;474157,641;5447798,938;8,64538749;49,18245191;0
9889;8,20033E+18;8;1;18;48;2020;3;7;6;3;3;6;0;0;1;0;0;1;0;512557,5933;5417385,013;9,171375626;48,90927919;0
9890;8,20033E+18;8;3;17;129;2020;3;21;6;3;2;7;2;0;1;0;0;0;0;428444,6673;5352540,054;8,034728234;48,32199683;0
9891;8,2004E+18;8;1;36;65;2020;4;7;5;3;8;1;0;0;1;0;1;0;0;558819,7778;5405922,999;9,801037533;48,80351276;0
9892;8,20032E+18;8;1;35;19;2020;3;8;6;3;2;6;0;0;1;0;0;1;0;588383,6202;5401193,434;10,20255893;48,75747462;0
9893;8,20033E+18;8;1;25;24;2020;3;13;4;3;2;6;0;0;1;0;0;0;0;522587,5515;5442881,624;9,309674407;49,13834801;0
9894;8,20032E+18;8;4;25;39;2020;3;15;2;2;7;7;0;0;0;0;1;0;0;568913,3316;5349546,113;9,929147436;48,29535834;0
9895;8,20033E+18;8;3;36;69;2020;3;10;6;2;3;6;0;1;1;0;0;0;0;403906,0615;5267255,882;7,722818216;47,55161034;0
9896;8,2004E+18;8;1;11;0;2020;4;19;4;3;4;6;0;1;0;0;0;0;0;518481,4258;5402834,48;9,251562064;48,77823741;0
9897;8,20032E+18;8;3;16;12;2020;3;7;5;2;2;6;0;0;1;0;0;0;0;400912,4199;5332792,359;7,668030409;48,14066254;0
9898;8,20032E+18;8;1;16;80;2020;3;7;2;3;2;6;0;0;1;0;0;0;0;518672,8517;5394853,816;9,25380591;48,70643818;0
9899;8,20032E+18;8;4;21;0;2020;3;14;2;2;8;1;0;0;1;0;0;0;0;569659,9051;5353161,701;9,939809065;48,32780055;0
9900;8,20032E+18;8;1;15;3;2020;3;20;5;3;3;7;2;0;1;0;1;0;0;500445,6622;5392970,267;9,006055547;48,68977299;0
9901;8,20032E+18;8;4;36;52;2020;3;22;6;3;4;1;2;0;1;0;0;0;0;567375,4431;5288085,74;9,898752834;47,74262418;1
9902;8,20032E+18;8;1;27;23;2020;3;17;4;3;0;1;0;0;0;0;1;0;0;552980,5732;5426103,571;9,724140454;48,98556347;0
9903;8,20033E+18;8;3;17;1;2020;3;16;5;3;5;3;0;0;1;0;0;0;0;426388,9406;5385644,105;8,001173441;48,61953458;0
9904;8,20033E+18;8;2;37;19;2020;3;21;6;3;8;1;2;0;1;0;0;0;0;463641,2931;5370784,189;8,507918255;48,48912959;0
9905;8,2004E+18;8;4;15;78;2020;4;16;4;3;9;1;0;0;0;0;1;0;0;531999,766;5368679,218;9,432928183;48,47042998;0
9906;8,20032E+18;8;1;18;40;2020;3;16;6;2;9;1;0;0;0;0;1;0;0;509963,5229;5433006,887;9,136356823;49,04985485;0
9907;8,20032E+18;8;3;27;55;2020;3;14;3;2;8;1;0;0;1;0;0;0;0;480264,9438;5316209,307;8,735444707;47,99887737;0
9908;8,20032E+18;8;4;17;44;2020;3;12;2;2;5;2;0;0;1;0;0;0;0;497278,247;5336430,576;8,963384838;48,18110784;0
9909;8,20033E+18;8;2;37;4;2020;3;9;6;3;4;2;0;0;1;0;0;0;0;448611,8388;5375516,527;8,303938889;48,53065111;0
9910;8,20033E+18;8;2;26;96;2020;3;16;3;3;5;3;0;0;1;0;0;0;0;474897,2596;5488600,972;8,652962915;49,54949201;0
9911;8,20032E+18;8;2;26;28;2020;3;14;5;2;9;1;0;0;0;0;1;0;0;473144,7131;5484093,071;8,629042003;49,50887005;0
9912;8,20032E+18;8;4;36;55;2020;3;1;3;2;8;1;2;0;1;0;0;0;0;582679,87;5298877,404;10,10492637;47,83792419;0
9913;8,20032E+18;8;4;15;78;2020;3;14;2;2;4;2;0;0;1;0;1;0;0;534709,8639;5370224,163;9,469720439;48,48418476;0
9914;8,20033E+18;8;2;36;68;2020;3;12;6;3;4;2;0;0;1;0;0;0;0;485389,518;5414138,192;8,800724538;48,88002664;0
9915;8,20033E+18;8;3;27;57;2020;3;18;3;3;6;3;0;0;1;1;0;0;0;489237,5766;5309193,951;8,85590109;47,93597277;0
9916;8,20032E+18;8;2;36;76;2020;3;11;5;2;5;3;0;1;1;0;0;0;0;470734,0138;5423632,941;8,600157576;48,96491817;0
9917;8,20032E+18;8;3;26;37;2020;3;13;1;3;8;1;0;0;1;0;0;0;0;455501,0208;5329291,778;8,402128043;48,1153311;0
9918;8,20032E+18;8;4;35;52;2020;3;14;4;3;5;3;0;1;1;0;0;0;0;523283,147;5289652,107;9,310686138;47,75981637;0
9919;8,20032E+18;8;4;16;36;2020;3;9;6;1;9;7;0;0;1;0;0;0;0;492574,826;5372267,07;8,899478862;48,50347814;0
9920;8,20032E+18;8;1;19;79;2020;3;15;4;2;4;1;0;0;0;0;1;1;0;524816,6301;5413328,376;9,338428117;48,87241724;0
9921;8,20033E+18;8;2;16;24;2020;3;10;5;3;5;5;0;0;1;0;0;0;0;445343,7992;5408926,882;8,255258796;48,83091319;0
9922;8,20032E+18;8;4;15;61;2020;3;23;3;3;8;6;2;0;1;0;0;0;0;516284,5066;5372334,121;9,220459691;48,50391413;0
9923;8,20033E+18;8;2;37;40;2020;3;11;6;3;8;1;0;0;1;0;0;0;0;472856,777;5368570,708;8,632782009;48,46968218;0
9924;8,2004E+18;8;3;15;74;2020;4;6;4;3;5;3;2;1;1;0;0;0;0;397929,6671;5295900,162;7,636711379;47,80835814;0
9925;8,20032E+18;8;1;11;0;2020;3;18;6;2;5;2;1;0;1;0;0;0;1;509928,4674;5399213,001;9,13505559;48,74585402;0
9926;8,20032E+18;8;1;16;77;2020;3;13;3;3;3;6;0;0;1;0;0;1;0;516832,226;5387269,387;9,228479194;48,63826061;0
9927;8,20032E+18;8;3;36;91;2020;3;21;2;2;8;1;2;1;0;0;0;0;0;396088,222;5275506,906;7,616987355;47,62462611;0
9928;8,20033E+18;8;2;26;13;2020;3;17;6;3;0;7;0;0;0;0;1;0;1;499549,7645;5480089,889;8,993785289;49,47345657;1
9929;8,20033E+18;8;2;15;84;2020;3;18;3;3;5;3;0;0;1;0;0;0;0;472355,2775;5446435,078;8,620749494;49,1701052;0
9930;8,20032E+18;8;1;36;19;2020;3;6;5;2;4;2;0;0;1;0;0;0;0;584920,401;5425088,233;10,16040705;48,97286619;0
9931;8,20032E+18;8;4;15;50;2020;3;14;7;3;9;1;0;0;1;0;0;0;0;520027,3587;5377589,658;9,271382401;48,55108611;1
9932;8,20032E+18;8;3;36;69;2020;3;1;4;3;8;7;2;0;1;0;0;0;0;410769,87;5273834,964;7,812686342;47,61177469;0
9933;8,20033E+18;8;1;27;14;2020;3;16;6;3;2;1;0;1;1;0;0;0;0;578617,5738;5442535,159;10,07768443;49,130617;0
9934;8,2004E+18;8;2;26;3;2020;4;16;5;3;5;3;0;0;1;0;0;0;0;464501,1761;5460423,397;8,511766364;49,29552499;0
9935;8,20032E+18;8;3;11;0;2020;3;15;6;3;0;4;0;0;0;1;0;0;1;404067,2708;5316925,972;7,713988812;47,99843112;0
9936;8,20032E+18;8;2;35;85;2020;3;20;1;2;8;1;2;0;1;0;0;0;0;480145,907;5390608,387;8,730342543;48,66820979;0
9937;8,20032E+18;8;4;15;89;2020;3;6;4;3;5;3;1;0;1;0;0;0;0;524580,4148;5360927,377;9,332098206;48,40102549;0
9938;8,20032E+18;8;3;17;78;2020;3;16;6;2;9;1;0;0;0;0;1;0;0;438070,283;5342144,039;8,166084428;48,22949275;0
9939;8,20032E+18;8;1;15;15;2020;3;16;4;3;5;3;0;0;1;0;0;0;0;492113,053;5386890,88;8,892950115;48,63503235;0
9940;8,20033E+18;8;1;19;1;2020;3;9;5;3;9;7;0;0;1;0;0;0;0;552092,7086;5410269,396;9,709984776;48,84320968;0
9941;8,20032E+18;8;3;35;55;2020;3;19;3;3;5;3;2;1;1;0;0;0;0;495111,779;5285625,978;8,934817218;47,72399288;0
9942;8,20033E+18;8;2;25;14;2020;3;20;6;3;9;1;2;0;1;0;0;0;0;529146,0214;5483360,596;9,40254557;49,50217595;0
9943;8,2004E+18;8;2;26;56;2020;4;16;4;3;5;2;0;1;1;0;0;0;0;485795,5447;5471515,666;8,804240223;49,39616643;0
9944;8,20033E+18;8;3;25;60;2020;3;23;1;3;8;1;2;0;1;0;0;0;0;468956,2641;5337276,965;8,582319104;48,18796977;2
9945;8,20032E+18;8;4;26;21;2020;3;16;5;3;0;7;0;1;0;0;0;0;0;559683,6844;5324243,669;9,801164241;48,06867515;0
9946;8,20032E+18;8;3;17;89;2020;3;7;2;2;4;2;0;1;1;0;0;0;0;430676,283;5376441,959;8,060874474;48,53725047;0
9947;8,20032E+18;8;3;35;98;2020;3;17;2;3;8;1;0;0;0;0;1;0;0;504375,3167;5296809,204;9,058456043;47,82461807;0
9948;8,20033E+18;8;1;19;67;2020;3;7;3;2;9;1;0;0;1;0;0;0;0;537885,2967;5403557,766;9,515738439;48,78386474;0
9949;8,20033E+18;8;2;31;0;2020;3;14;2;3;4;2;0;0;1;0;0;0;0;478521,3562;5416002,604;8,706951308;48,89659835;0
9950;8,20032E+18;8;1;25;94;2020;3;15;5;3;1;6;0;0;1;0;0;1;0;513337,376;5437381,895;9,182674047;49,08914628;0
9951;8,20032E+18;8;3;36;84;2020;3;11;7;2;6;4;0;0;1;1;0;0;0;405302,1627;5277444,345;7,739168864;47,64346722;0
9952;8,20033E+18;8;2;37;40;2020;3;16;2;2;5;3;0;0;1;0;1;0;0;477478,5965;5367238,299;8,695380872;48,45787791;0
9953;8,20032E+18;8;2;26;82;2020;3;12;4;3;5;2;0;1;1;0;0;0;0;475390,7495;5479897,066;8,660327642;49,4712236;0
9954;8,20033E+18;8;1;19;90;2020;3;13;6;2;4;3;0;1;1;0;0;0;0;534106,5957;5406301,16;9,464528063;48,80876201;0
9955;8,2004E+18;8;2;15;17;2020;4;19;5;3;0;1;0;1;0;0;0;0;0;454845,8634;5419074,19;8,383604049;48,92295482;0
9956;8,20032E+18;8;2;16;5;2020;3;6;6;3;9;1;0;0;1;0;0;0;0;447940,7161;5415342,731;8,28982525;48,88884782;0
9957;8,20033E+18;8;1;36;60;2020;3;21;4;3;8;1;2;0;1;0;0;0;0;577150,8098;5428281,712;10,05486432;49,00260766;0
9958;8,20032E+18;8;3;35;80;2020;3;20;2;2;8;1;2;0;1;0;0;0;0;474665,2148;5294820,967;8,66163598;47,80624516;0
9959;8,20033E+18;8;2;25;58;2020;3;0;6;3;5;3;2;0;1;0;0;0;0;510784,4232;5467091,611;9,148506593;49,35644227;0
9960;8,2004E+18;8;1;18;10;2020;4;15;4;2;8;7;0;0;1;0;0;0;0;505133,016;5429920,042;9,070209408;49,02214614;0
9961;8,20032E+18;8;3;17;75;2020;3;6;5;3;5;3;1;0;1;0;0;0;0;412738,9611;5360336,472;7,821286004;48,39015055;0
9962;8,20032E+18;8;3;35;35;2020;3;13;2;3;5;3;0;0;1;0;0;0;1;483560,779;5290359,325;8,780610394;47,76639043;0
9963;8,20032E+18;8;1;18;51;2020;3;17;2;3;2;6;0;0;1;0;0;0;0;510391,5729;5414840,879;9,141750951;48,88643294;0
9964;8,20041E+18;8;2;15;59;2020;4;13;6;3;0;7;0;1;1;0;0;0;0;485111,987;5433963,555;8,796213757;49,05836123;0
9965;8,20041E+18;8;2;15;59;2020;4;14;6;2;2;6;0;0;0;0;1;0;0;484803,9268;5436887,124;8,791887258;49,08465252;0
9966;8,20041E+18;8;4;15;85;2020;4;18;7;2;9;1;0;0;0;0;1;0;0;533125,216;5342025,094;9,446056326;48,23058156;0
9967;8,20041E+18;8;1;25;46;2020;4;13;1;3;9;7;0;0;0;0;1;0;0;514344,4043;5433874,016;9,196342233;49,05756869;0
9968;8,20041E+18;8;1;36;21;2020;4;16;6;2;4;1;0;0;0;0;1;0;0;575016,5863;5410896,46;10,0224909;48,84650264;0
9969;8,20041E+18;8;1;35;10;2020;4;17;6;2;9;1;0;0;0;0;1;0;0;603272,9649;5397321,357;10,40411587;48,72036013;0
9970;8,20041E+18;8;1;26;47;2020;4;15;6;3;0;1;0;1;0;0;0;0;0;550119,7661;5454520,864;9,688570681;49,24140988;0
9971;8,20041E+18;8;1;25;8;2020;4;17;6;2;8;1;0;0;0;0;1;0;0;529061,6256;5436178,641;9,397949203;49,07778098;0
9972;8,20041E+18;8;4;15;93;2020;4;14;2;3;2;6;0;0;0;0;1;0;0;529326,5223;5366333,53;9,396598114;48,44945795;0
9973;8,20041E+18;8;1;15;45;2020;4;12;6;3;0;7;0;0;1;0;0;0;0;504496,652;5396614,09;9,06113906;48,72253705;0
9974;8,20041E+18;8;4;15;53;2020;4;12;7;3;8;1;0;0;1;0;0;0;0;532594,859;5361421,564;9,440414287;48,40510787;0
9975;8,20041E+18;8;1;17;11;2020;4;14;6;3;2;6;0;0;1;0;1;0;0;547734,41;5399274,097;9,649310928;48,74465349;0
9976;8,20041E+18;8;3;36;84;2020;4;16;1;3;0;6;0;1;1;0;0;0;0;405596,0488;5278088,44;7,742941736;47,64930416;0
9977;8,20041E+18;8;1;17;26;2020;4;17;6;3;5;3;0;1;1;0;0;0;0;546322,2462;5393199,27;9,629420955;48,69011392;0
9978;8,20041E+18;8;4;15;88;2020;4;15;7;2;0;1;0;0;0;0;1;0;0;536377,7603;5371205,67;9,492376315;48,49292017;0
9979;8,20041E+18;8;1;16;15;2020;4;16;6;2;3;6;0;1;1;0;0;0;0;522471,4118;5393045,271;9,305337741;48,69004328;0
9980;8,20041E+18;8;4;37;107;2020;4;17;5;2;0;1;0;0;0;0;1;0;0;507015,5853;5328008,613;9,094240314;48,10530296;0
9981;8,20041E+18;8;4;36;10;2020;4;7;5;3;5;1;0;0;1;0;0;0;0;567090,4926;5305576,791;9,897661014;47,90000978;0
9982;8,20041E+18;8;3;37;2;2020;4;10;7;3;5;3;0;0;1;0;0;0;0;434936,7042;5271222,262;8,134597881;47,59114622;0
9983;8,20041E+18;8;4;35;34;2020;4;19;5;2;8;1;0;0;1;0;0;0;0;524919,4126;5282950,939;9,33213624;47,69946168;0
9984;8,20041E+18;8;4;16;36;2020;4;18;3;3;3;6;0;0;1;0;0;0;0;496637,5194;5368760,504;8,954507326;48,4719665;0
9985;8,20041E+18;8;4;26;21;2020;4;12;5;3;3;6;0;0;1;0;1;0;0;558866,87;5326983,267;9,790578377;48,09339705;0
9986;8,20041E+18;8;4;26;19;2020;4;15;5;3;8;1;0;0;1;0;0;0;0;582929,7811;5319765,717;10,11228814;48,02579498;0
9987;8,20041E+18;8;2;35;66;2020;4;16;2;2;8;1;0;0;0;0;1;0;0;466114,0229;5381845,403;8,540483473;48,58877503;0
9988;8,20041E+18;8;4;25;90;2020;4;15;5;3;5;3;0;0;1;0;0;1;0;542707,2249;5342342,508;9,575111398;48,23286419;0
9989;8,20041E+18;8;4;17;25;2020;4;11;5;3;3;6;0;0;1;0;1;0;0;485275,6053;5355687,988;8,801245812;48,35419641;0
9990;8,20041E+18;8;4;17;8;2020;4;11;5;3;5;2;0;0;1;0;0;0;0;491656,182;5350932,39;8,887466648;48,31152854;0
9991;8,20041E+18;8;3;27;25;2020;4;14;2;2;8;1;0;0;0;0;1;0;0;483062,7808;5308404,39;8,773257881;47,92873543;0
9992;8,20041E+18;8;3;35;61;2020;4;19;5;2;0;1;0;1;0;0;0;0;0;491854,287;5278823,426;8,891506752;47,66275298;0
9993;8,20041E+18;8;3;26;5;2020;4;2;5;3;8;1;2;0;1;0;0;0;0;471327,6596;5297383,006;8,616891993;47,82915647;0
9994;8,20041E+18;8;3;17;65;2020;4;7;5;3;0;3;0;1;1;0;0;0;0;412541,542;5353416,448;7,820058366;48,32787959;0
9995;8,20041E+18;8;3;37;106;2020;4;12;7;3;2;6;0;0;1;0;1;0;0;458801,4742;5288170,536;8,450403528;47,74559039;0
9996;8,20041E+18;8;3;17;59;2020;4;15;5;3;5;3;0;0;1;0;0;0;0;413720,9661;5352043,463;7,836248062;48,31569195;0
9997;8,20041E+18;8;3;17;153;2020;4;14;5;2;0;7;0;1;0;0;0;0;0;424745,8106;5392905,407;7,977561665;48,68465253;0
9998;8,20041E+18;8;3;17;1;2020;4;13;5;3;5;7;0;1;1;0;0;0;0;432528,383;5385014,166;8,084570246;48,61456054;0
9999;8,20041E+18;8;3;35;98;2020;4;17;7;3;8;1;0;0;0;0;1;0;0;504684,778;5296825,678;9,06259075;47,82476411;0
10000;8,20041E+18;8;3;17;89;2020;4;10;5;3;2;6;0;0;1;0;0;0;0;430331,9073;5376290,841;8,056235157;48,535853;0